id,date,home_team,away_team,prob_home,prob_away,prob_mc_home,prob_mc_away,odd_home,odd_away,prediction,confidence,home_score,away_score,winner,correct,timestamp,fgm,fga,fg3m,tov,oreb,dreb,fta,ftm,ast,stl,blk,pf,pts,opp_fgm,opp_fga,opp_fg3m,opp_tov,opp_oreb,opp_dreb,opp_fta,opp_ftm,opp_ast,opp_stl,opp_blk,opp_pf,opp_pts,predicted_spread,predicted_total,ci_lower,ci_upper
2025-04-11_PHI_ATL,2025-04-11,PHI,ATL,,,,,,,N/A,N/A,124,124,AWAY,,2025-11-26 19:08:27,0.0,0.0,0.0,0.0,0.0,0.0,0.0,0.0,0.0,0.0,0.0,,0.0,45.0,94.0,16.0,14.0,18.0,35.0,24.0,18.0,28.0,9.0,5.0,,124.0,0.0,0.0,0.0,0.0
2025-04-10_BKN_ATL,2025-04-10,BKN,ATL,,,,,,,N/A,N/A,133,133,AWAY,,2025-11-26 19:08:27,0.0,0.0,0.0,0.0,0.0,0.0,0.0,0.0,0.0,0.0,0.0,,0.0,48.0,84.0,15.0,15.0,7.0,44.0,33.0,22.0,36.0,11.0,1.0,,133.0,0.0,0.0,0.0,0.0
2024-10-04_DenverNuggets_BostonCeltics,2024-10-04,Denver Nuggets,Boston Celtics,50.0,50.0,0.0,0.0,0.0,0.0,AWAY,N/A,103,107,AWAY,1.0,2025-11-25 12:38:58,0.0,0.0,0.0,0.0,0.0,0.0,0.0,0.0,0.0,0.0,0.0,,0.0,0.0,0.0,0.0,0.0,0.0,0.0,0.0,0.0,0.0,0.0,0.0,,0.0,0.0,0.0,0.0,0.0
2024-10-05_UtahJazz_NewZealandBreakers,2024-10-05,Utah Jazz,New Zealand Breakers,50.0,50.0,0.0,0.0,0.0,0.0,AWAY,N/A,116,87,HOME,0.0,2025-11-25 12:38:58,0.0,0.0,0.0,0.0,0.0,0.0,0.0,0.0,0.0,0.0,0.0,,0.0,0.0,0.0,0.0,0.0,0.0,0.0,0.0,0.0,0.0,0.0,0.0,,0.0,0.0,0.0,0.0,0.0
2024-10-05_LosAngelesLakers_MinnesotaTimberwolves,2024-10-05,Los Angeles Lakers,Minnesota Timberwolves,50.0,50.0,0.0,0.0,0.0,0.0,AWAY,N/A,107,124,AWAY,1.0,2025-11-25 12:38:58,0.0,0.0,0.0,0.0,0.0,0.0,0.0,0.0,0.0,0.0,0.0,,0.0,0.0,0.0,0.0,0.0,0.0,0.0,0.0,0.0,0.0,0.0,0.0,,0.0,0.0,0.0,0.0,0.0
2024-10-05_LAClippers_GoldenStateWarriors,2024-10-05,LA Clippers,Golden State Warriors,50.0,50.0,0.0,0.0,0.0,0.0,AWAY,N/A,90,91,AWAY,1.0,2025-11-25 12:38:58,0.0,0.0,0.0,0.0,0.0,0.0,0.0,0.0,0.0,0.0,0.0,,0.0,0.0,0.0,0.0,0.0,0.0,0.0,0.0,0.0,0.0,0.0,0.0,,0.0,0.0,0.0,0.0,0.0
2024-10-06_BostonCeltics_DenverNuggets,2024-10-06,Boston Celtics,Denver Nuggets,50.0,50.0,0.0,0.0,0.0,0.0,AWAY,N/A,130,104,HOME,0.0,2025-11-25 12:38:58,0.0,0.0,0.0,0.0,0.0,0.0,0.0,0.0,0.0,0.0,0.0,,0.0,0.0,0.0,0.0,0.0,0.0,0.0,0.0,0.0,0.0,0.0,0.0,,0.0,0.0,0.0,0.0,0.0
2024-10-06_CharlotteHornets_NewYorkKnicks,2024-10-06,Charlotte Hornets,New York Knicks,50.0,50.0,0.0,0.0,0.0,0.0,AWAY,N/A,109,111,AWAY,1.0,2025-11-25 12:38:58,0.0,0.0,0.0,0.0,0.0,0.0,0.0,0.0,0.0,0.0,0.0,,0.0,0.0,0.0,0.0,0.0,0.0,0.0,0.0,0.0,0.0,0.0,0.0,,0.0,0.0,0.0,0.0,0.0
2024-10-06_TorontoRaptors_WashingtonWizards,2024-10-06,Toronto Raptors,Washington Wizards,50.0,50.0,0.0,0.0,0.0,0.0,AWAY,N/A,125,98,HOME,0.0,2025-11-25 12:38:58,0.0,0.0,0.0,0.0,0.0,0.0,0.0,0.0,0.0,0.0,0.0,,0.0,0.0,0.0,0.0,0.0,0.0,0.0,0.0,0.0,0.0,0.0,0.0,,0.0,0.0,0.0,0.0,0.0
2024-10-07_DetroitPistons_MilwaukeeBucks,2024-10-07,Detroit Pistons,Milwaukee Bucks,50.0,50.0,0.0,0.0,0.0,0.0,AWAY,N/A,120,87,HOME,0.0,2025-11-25 12:38:58,0.0,0.0,0.0,0.0,0.0,0.0,0.0,0.0,0.0,0.0,0.0,,0.0,0.0,0.0,0.0,0.0,0.0,0.0,0.0,0.0,0.0,0.0,0.0,,0.0,0.0,0.0,0.0,0.0
2024-10-07_LosAngelesLakers_PhoenixSuns,2024-10-07,Los Angeles Lakers,Phoenix Suns,50.0,50.0,0.0,0.0,0.0,0.0,AWAY,N/A,114,118,AWAY,1.0,2025-11-25 12:38:58,0.0,0.0,0.0,0.0,0.0,0.0,0.0,0.0,0.0,0.0,0.0,,0.0,0.0,0.0,0.0,0.0,0.0,0.0,0.0,0.0,0.0,0.0,0.0,,0.0,0.0,0.0,0.0,0.0
2024-10-07_NewOrleansPelicans_OrlandoMagic,2024-10-07,New Orleans Pelicans,Orlando Magic,50.0,50.0,0.0,0.0,0.0,0.0,AWAY,N/A,106,104,HOME,0.0,2025-11-25 12:38:58,0.0,0.0,0.0,0.0,0.0,0.0,0.0,0.0,0.0,0.0,0.0,,0.0,0.0,0.0,0.0,0.0,0.0,0.0,0.0,0.0,0.0,0.0,0.0,,0.0,0.0,0.0,0.0,0.0
2024-10-07_Philadelphia76ers_NewZealandBreakers,2024-10-07,Philadelphia 76ers,New Zealand Breakers,50.0,50.0,0.0,0.0,0.0,0.0,AWAY,N/A,139,84,HOME,0.0,2025-11-25 12:38:58,0.0,0.0,0.0,0.0,0.0,0.0,0.0,0.0,0.0,0.0,0.0,,0.0,0.0,0.0,0.0,0.0,0.0,0.0,0.0,0.0,0.0,0.0,0.0,,0.0,0.0,0.0,0.0,0.0
2024-10-08_DallasMavericks_MemphisGrizzlies,2024-10-08,Dallas Mavericks,Memphis Grizzlies,50.0,50.0,0.0,0.0,0.0,0.0,AWAY,N/A,116,121,AWAY,1.0,2025-11-25 12:38:58,0.0,0.0,0.0,0.0,0.0,0.0,0.0,0.0,0.0,0.0,0.0,,0.0,0.0,0.0,0.0,0.0,0.0,0.0,0.0,0.0,0.0,0.0,0.0,,0.0,0.0,0.0,0.0,0.0
2024-10-08_SanAntonioSpurs_OklahomaCityThunder,2024-10-08,San Antonio Spurs,Oklahoma City Thunder,50.0,50.0,0.0,0.0,0.0,0.0,AWAY,N/A,107,112,AWAY,1.0,2025-11-25 12:38:58,0.0,0.0,0.0,0.0,0.0,0.0,0.0,0.0,0.0,0.0,0.0,,0.0,0.0,0.0,0.0,0.0,0.0,0.0,0.0,0.0,0.0,0.0,0.0,,0.0,0.0,0.0,0.0,0.0
2024-10-08_UtahJazz_HoustonRockets,2024-10-08,Utah Jazz,Houston Rockets,50.0,50.0,0.0,0.0,0.0,0.0,AWAY,N/A,122,113,HOME,0.0,2025-11-25 12:38:58,0.0,0.0,0.0,0.0,0.0,0.0,0.0,0.0,0.0,0.0,0.0,,0.0,0.0,0.0,0.0,0.0,0.0,0.0,0.0,0.0,0.0,0.0,0.0,,0.0,0.0,0.0,0.0,0.0
2024-10-08_CharlotteHornets_MiamiHeat,2024-10-08,Charlotte Hornets,Miami Heat,50.0,50.0,0.0,0.0,0.0,0.0,AWAY,N/A,111,108,HOME,0.0,2025-11-25 12:38:58,0.0,0.0,0.0,0.0,0.0,0.0,0.0,0.0,0.0,0.0,0.0,,0.0,0.0,0.0,0.0,0.0,0.0,0.0,0.0,0.0,0.0,0.0,0.0,,0.0,0.0,0.0,0.0,0.0
2024-10-08_ClevelandCavaliers_ChicagoBulls,2024-10-08,Cleveland Cavaliers,Chicago Bulls,50.0,50.0,0.0,0.0,0.0,0.0,AWAY,N/A,112,116,AWAY,1.0,2025-11-25 12:38:58,0.0,0.0,0.0,0.0,0.0,0.0,0.0,0.0,0.0,0.0,0.0,,0.0,0.0,0.0,0.0,0.0,0.0,0.0,0.0,0.0,0.0,0.0,0.0,,0.0,0.0,0.0,0.0,0.0
2024-10-08_DetroitPistons_PhoenixSuns,2024-10-08,Detroit Pistons,Phoenix Suns,50.0,50.0,0.0,0.0,0.0,0.0,AWAY,N/A,97,105,AWAY,1.0,2025-11-25 12:38:58,0.0,0.0,0.0,0.0,0.0,0.0,0.0,0.0,0.0,0.0,0.0,,0.0,0.0,0.0,0.0,0.0,0.0,0.0,0.0,0.0,0.0,0.0,0.0,,0.0,0.0,0.0,0.0,0.0
2024-10-08_AtlantaHawks_IndianaPacers,2024-10-08,Atlanta Hawks,Indiana Pacers,50.0,50.0,0.0,0.0,0.0,0.0,AWAY,N/A,131,130,HOME,0.0,2025-11-25 12:38:58,0.0,0.0,0.0,0.0,0.0,0.0,0.0,0.0,0.0,0.0,0.0,,0.0,0.0,0.0,0.0,0.0,0.0,0.0,0.0,0.0,0.0,0.0,0.0,,0.0,0.0,0.0,0.0,0.0
2024-10-09_LAClippers_BrooklynNets,2024-10-09,LA Clippers,Brooklyn Nets,50.0,50.0,0.0,0.0,0.0,0.0,AWAY,N/A,115,106,HOME,0.0,2025-11-25 12:38:58,0.0,0.0,0.0,0.0,0.0,0.0,0.0,0.0,0.0,0.0,0.0,,0.0,0.0,0.0,0.0,0.0,0.0,0.0,0.0,0.0,0.0,0.0,0.0,,0.0,0.0,0.0,0.0,0.0
2024-10-09_NewYorkKnicks_WashingtonWizards,2024-10-09,New York Knicks,Washington Wizards,50.0,50.0,0.0,0.0,0.0,0.0,AWAY,N/A,117,94,HOME,0.0,2025-11-25 12:38:58,0.0,0.0,0.0,0.0,0.0,0.0,0.0,0.0,0.0,0.0,0.0,,0.0,0.0,0.0,0.0,0.0,0.0,0.0,0.0,0.0,0.0,0.0,0.0,,0.0,0.0,0.0,0.0,0.0
2024-10-10_OklahomaCityThunder_HoustonRockets,2024-10-10,Oklahoma City Thunder,Houston Rockets,50.0,50.0,0.0,0.0,0.0,0.0,AWAY,N/A,113,122,AWAY,1.0,2025-11-25 12:38:58,0.0,0.0,0.0,0.0,0.0,0.0,0.0,0.0,0.0,0.0,0.0,,0.0,0.0,0.0,0.0,0.0,0.0,0.0,0.0,0.0,0.0,0.0,0.0,,0.0,0.0,0.0,0.0,0.0
2024-10-10_SanAntonioSpurs_OrlandoMagic,2024-10-10,San Antonio Spurs,Orlando Magic,50.0,50.0,0.0,0.0,0.0,0.0,AWAY,N/A,107,97,HOME,0.0,2025-11-25 12:38:58,0.0,0.0,0.0,0.0,0.0,0.0,0.0,0.0,0.0,0.0,0.0,,0.0,0.0,0.0,0.0,0.0,0.0,0.0,0.0,0.0,0.0,0.0,0.0,,0.0,0.0,0.0,0.0,0.0
2024-10-10_SacramentoKings_GoldenStateWarriors,2024-10-10,Sacramento Kings,Golden State Warriors,50.0,50.0,0.0,0.0,0.0,0.0,AWAY,N/A,112,122,AWAY,1.0,2025-11-25 12:38:58,0.0,0.0,0.0,0.0,0.0,0.0,0.0,0.0,0.0,0.0,0.0,,0.0,0.0,0.0,0.0,0.0,0.0,0.0,0.0,0.0,0.0,0.0,0.0,,0.0,0.0,0.0,0.0,0.0
2024-10-10_ClevelandCavaliers_IndianaPacers,2024-10-10,Cleveland Cavaliers,Indiana Pacers,50.0,50.0,0.0,0.0,0.0,0.0,AWAY,N/A,117,129,AWAY,1.0,2025-11-25 12:38:58,0.0,0.0,0.0,0.0,0.0,0.0,0.0,0.0,0.0,0.0,0.0,,0.0,0.0,0.0,0.0,0.0,0.0,0.0,0.0,0.0,0.0,0.0,0.0,,0.0,0.0,0.0,0.0,0.0
2024-10-11_DallasMavericks_UtahJazz,2024-10-11,Dallas Mavericks,Utah Jazz,50.0,50.0,0.0,0.0,0.0,0.0,AWAY,N/A,102,107,AWAY,1.0,2025-11-25 12:38:58,0.0,0.0,0.0,0.0,0.0,0.0,0.0,0.0,0.0,0.0,0.0,,0.0,0.0,0.0,0.0,0.0,0.0,0.0,0.0,0.0,0.0,0.0,0.0,,0.0,0.0,0.0,0.0,0.0
2024-10-11_MemphisGrizzlies_CharlotteHornets,2024-10-11,Memphis Grizzlies,Charlotte Hornets,50.0,50.0,0.0,0.0,0.0,0.0,AWAY,N/A,94,119,AWAY,1.0,2025-11-25 12:38:58,0.0,0.0,0.0,0.0,0.0,0.0,0.0,0.0,0.0,0.0,0.0,,0.0,0.0,0.0,0.0,0.0,0.0,0.0,0.0,0.0,0.0,0.0,0.0,,0.0,0.0,0.0,0.0,0.0
2024-10-11_MilwaukeeBucks_LosAngelesLakers,2024-10-11,Milwaukee Bucks,Los Angeles Lakers,50.0,50.0,0.0,0.0,0.0,0.0,AWAY,N/A,102,107,AWAY,1.0,2025-11-25 12:38:58,0.0,0.0,0.0,0.0,0.0,0.0,0.0,0.0,0.0,0.0,0.0,,0.0,0.0,0.0,0.0,0.0,0.0,0.0,0.0,0.0,0.0,0.0,0.0,,0.0,0.0,0.0,0.0,0.0
2024-10-11_OklahomaCityThunder_NewZealandBreakers,2024-10-11,Oklahoma City Thunder,New Zealand Breakers,50.0,50.0,0.0,0.0,0.0,0.0,AWAY,N/A,117,89,HOME,0.0,2025-11-25 12:38:58,0.0,0.0,0.0,0.0,0.0,0.0,0.0,0.0,0.0,0.0,0.0,,0.0,0.0,0.0,0.0,0.0,0.0,0.0,0.0,0.0,0.0,0.0,0.0,,0.0,0.0,0.0,0.0,0.0
2024-10-11_WashingtonWizards_TorontoRaptors,2024-10-11,Washington Wizards,Toronto Raptors,50.0,50.0,0.0,0.0,0.0,0.0,AWAY,N/A,113,95,HOME,0.0,2025-11-25 12:38:58,0.0,0.0,0.0,0.0,0.0,0.0,0.0,0.0,0.0,0.0,0.0,,0.0,0.0,0.0,0.0,0.0,0.0,0.0,0.0,0.0,0.0,0.0,0.0,,0.0,0.0,0.0,0.0,0.0
2024-10-11_MinnesotaTimberwolves_Philadelphia76ers,2024-10-11,Minnesota Timberwolves,Philadelphia 76ers,50.0,50.0,0.0,0.0,0.0,0.0,AWAY,N/A,121,111,HOME,0.0,2025-11-25 12:38:58,0.0,0.0,0.0,0.0,0.0,0.0,0.0,0.0,0.0,0.0,0.0,,0.0,0.0,0.0,0.0,0.0,0.0,0.0,0.0,0.0,0.0,0.0,0.0,,0.0,0.0,0.0,0.0,0.0
2024-10-12_GoldenStateWarriors_SacramentoKings,2024-10-12,Golden State Warriors,Sacramento Kings,50.0,50.0,0.0,0.0,0.0,0.0,AWAY,N/A,109,106,HOME,0.0,2025-11-25 12:38:58,0.0,0.0,0.0,0.0,0.0,0.0,0.0,0.0,0.0,0.0,0.0,,0.0,0.0,0.0,0.0,0.0,0.0,0.0,0.0,0.0,0.0,0.0,0.0,,0.0,0.0,0.0,0.0,0.0
2024-10-12_PhoenixSuns_DetroitPistons,2024-10-12,Phoenix Suns,Detroit Pistons,50.0,50.0,0.0,0.0,0.0,0.0,AWAY,N/A,91,109,AWAY,1.0,2025-11-25 12:38:58,0.0,0.0,0.0,0.0,0.0,0.0,0.0,0.0,0.0,0.0,0.0,,0.0,0.0,0.0,0.0,0.0,0.0,0.0,0.0,0.0,0.0,0.0,0.0,,0.0,0.0,0.0,0.0,0.0
2024-10-12_LAClippers_PortlandTrailBlazers,2024-10-12,LA Clippers,Portland Trail Blazers,50.0,50.0,0.0,0.0,0.0,0.0,AWAY,N/A,101,99,HOME,0.0,2025-11-25 12:38:58,0.0,0.0,0.0,0.0,0.0,0.0,0.0,0.0,0.0,0.0,0.0,,0.0,0.0,0.0,0.0,0.0,0.0,0.0,0.0,0.0,0.0,0.0,0.0,,0.0,0.0,0.0,0.0,0.0
2024-10-13_BostonCeltics_Philadelphia76ers,2024-10-13,Boston Celtics,Philadelphia 76ers,50.0,50.0,0.0,0.0,0.0,0.0,AWAY,N/A,139,89,HOME,0.0,2025-11-25 12:38:58,0.0,0.0,0.0,0.0,0.0,0.0,0.0,0.0,0.0,0.0,0.0,,0.0,0.0,0.0,0.0,0.0,0.0,0.0,0.0,0.0,0.0,0.0,0.0,,0.0,0.0,0.0,0.0,0.0
2024-10-13_ChicagoBulls_MemphisGrizzlies,2024-10-13,Chicago Bulls,Memphis Grizzlies,50.0,50.0,0.0,0.0,0.0,0.0,AWAY,N/A,121,124,AWAY,1.0,2025-11-25 12:38:58,0.0,0.0,0.0,0.0,0.0,0.0,0.0,0.0,0.0,0.0,0.0,,0.0,0.0,0.0,0.0,0.0,0.0,0.0,0.0,0.0,0.0,0.0,0.0,,0.0,0.0,0.0,0.0,0.0
2024-10-13_SanAntonioSpurs_UtahJazz,2024-10-13,San Antonio Spurs,Utah Jazz,50.0,50.0,0.0,0.0,0.0,0.0,AWAY,N/A,126,120,HOME,0.0,2025-11-25 12:38:58,0.0,0.0,0.0,0.0,0.0,0.0,0.0,0.0,0.0,0.0,0.0,,0.0,0.0,0.0,0.0,0.0,0.0,0.0,0.0,0.0,0.0,0.0,0.0,,0.0,0.0,0.0,0.0,0.0
2024-10-13_MiamiHeat_NewOrleansPelicans,2024-10-13,Miami Heat,New Orleans Pelicans,50.0,50.0,0.0,0.0,0.0,0.0,AWAY,N/A,101,99,HOME,0.0,2025-11-25 12:38:58,0.0,0.0,0.0,0.0,0.0,0.0,0.0,0.0,0.0,0.0,0.0,,0.0,0.0,0.0,0.0,0.0,0.0,0.0,0.0,0.0,0.0,0.0,0.0,,0.0,0.0,0.0,0.0,0.0
2024-10-13_NewYorkKnicks_MinnesotaTimberwolves,2024-10-13,New York Knicks,Minnesota Timberwolves,50.0,50.0,0.0,0.0,0.0,0.0,AWAY,N/A,115,110,HOME,0.0,2025-11-25 12:38:58,0.0,0.0,0.0,0.0,0.0,0.0,0.0,0.0,0.0,0.0,0.0,,0.0,0.0,0.0,0.0,0.0,0.0,0.0,0.0,0.0,0.0,0.0,0.0,,0.0,0.0,0.0,0.0,0.0
2024-10-13_SacramentoKings_PortlandTrailBlazers,2024-10-13,Sacramento Kings,Portland Trail Blazers,50.0,50.0,0.0,0.0,0.0,0.0,AWAY,N/A,85,105,AWAY,1.0,2025-11-25 12:38:58,0.0,0.0,0.0,0.0,0.0,0.0,0.0,0.0,0.0,0.0,0.0,,0.0,0.0,0.0,0.0,0.0,0.0,0.0,0.0,0.0,0.0,0.0,0.0,,0.0,0.0,0.0,0.0,0.0
2024-10-13_BostonCeltics_TorontoRaptors,2024-10-13,Boston Celtics,Toronto Raptors,50.0,50.0,0.0,0.0,0.0,0.0,AWAY,N/A,115,111,HOME,0.0,2025-11-25 12:38:58,0.0,0.0,0.0,0.0,0.0,0.0,0.0,0.0,0.0,0.0,0.0,,0.0,0.0,0.0,0.0,0.0,0.0,0.0,0.0,0.0,0.0,0.0,0.0,,0.0,0.0,0.0,0.0,0.0
2024-10-14_DenverNuggets_PhoenixSuns,2024-10-14,Denver Nuggets,Phoenix Suns,50.0,50.0,0.0,0.0,0.0,0.0,AWAY,N/A,114,118,AWAY,1.0,2025-11-25 12:38:58,0.0,0.0,0.0,0.0,0.0,0.0,0.0,0.0,0.0,0.0,0.0,,0.0,0.0,0.0,0.0,0.0,0.0,0.0,0.0,0.0,0.0,0.0,0.0,,0.0,0.0,0.0,0.0,0.0
2024-10-14_GoldenStateWarriors_DetroitPistons,2024-10-14,Golden State Warriors,Detroit Pistons,50.0,50.0,0.0,0.0,0.0,0.0,AWAY,N/A,111,93,HOME,0.0,2025-11-25 12:38:58,0.0,0.0,0.0,0.0,0.0,0.0,0.0,0.0,0.0,0.0,0.0,,0.0,0.0,0.0,0.0,0.0,0.0,0.0,0.0,0.0,0.0,0.0,0.0,,0.0,0.0,0.0,0.0,0.0
2024-10-14_IndianaPacers_MemphisGrizzlies,2024-10-14,Indiana Pacers,Memphis Grizzlies,50.0,50.0,0.0,0.0,0.0,0.0,AWAY,N/A,116,120,AWAY,1.0,2025-11-25 12:38:58,0.0,0.0,0.0,0.0,0.0,0.0,0.0,0.0,0.0,0.0,0.0,,0.0,0.0,0.0,0.0,0.0,0.0,0.0,0.0,0.0,0.0,0.0,0.0,,0.0,0.0,0.0,0.0,0.0
2024-10-14_AtlantaHawks_Philadelphia76ers,2024-10-14,Atlanta Hawks,Philadelphia 76ers,50.0,50.0,0.0,0.0,0.0,0.0,AWAY,N/A,89,104,AWAY,1.0,2025-11-25 12:38:58,0.0,0.0,0.0,0.0,0.0,0.0,0.0,0.0,0.0,0.0,0.0,,0.0,0.0,0.0,0.0,0.0,0.0,0.0,0.0,0.0,0.0,0.0,0.0,,0.0,0.0,0.0,0.0,0.0
2024-10-14_BrooklynNets_WashingtonWizards,2024-10-14,Brooklyn Nets,Washington Wizards,50.0,50.0,0.0,0.0,0.0,0.0,AWAY,N/A,131,92,HOME,0.0,2025-11-25 12:38:58,0.0,0.0,0.0,0.0,0.0,0.0,0.0,0.0,0.0,0.0,0.0,,0.0,0.0,0.0,0.0,0.0,0.0,0.0,0.0,0.0,0.0,0.0,0.0,,0.0,0.0,0.0,0.0,0.0
2024-10-15_MilwaukeeBucks_ChicagoBulls,2024-10-15,Milwaukee Bucks,Chicago Bulls,50.0,50.0,0.0,0.0,0.0,0.0,AWAY,N/A,111,107,HOME,0.0,2025-11-25 12:38:58,0.0,0.0,0.0,0.0,0.0,0.0,0.0,0.0,0.0,0.0,0.0,,0.0,0.0,0.0,0.0,0.0,0.0,0.0,0.0,0.0,0.0,0.0,0.0,,0.0,0.0,0.0,0.0,0.0
2024-10-15_LAClippers_DallasMavericks,2024-10-15,LA Clippers,Dallas Mavericks,50.0,50.0,0.0,0.0,0.0,0.0,AWAY,N/A,110,96,HOME,0.0,2025-11-25 12:38:58,0.0,0.0,0.0,0.0,0.0,0.0,0.0,0.0,0.0,0.0,0.0,,0.0,0.0,0.0,0.0,0.0,0.0,0.0,0.0,0.0,0.0,0.0,0.0,,0.0,0.0,0.0,0.0,0.0
2024-10-15_TorontoRaptors_BostonCeltics,2024-10-15,Toronto Raptors,Boston Celtics,50.0,50.0,0.0,0.0,0.0,0.0,AWAY,N/A,119,118,HOME,0.0,2025-11-25 12:38:58,0.0,0.0,0.0,0.0,0.0,0.0,0.0,0.0,0.0,0.0,0.0,,0.0,0.0,0.0,0.0,0.0,0.0,0.0,0.0,0.0,0.0,0.0,0.0,,0.0,0.0,0.0,0.0,0.0
2024-10-15_MiamiHeat_SanAntonioSpurs,2024-10-15,Miami Heat,San Antonio Spurs,50.0,50.0,0.0,0.0,0.0,0.0,AWAY,N/A,120,117,HOME,0.0,2025-11-25 12:38:58,0.0,0.0,0.0,0.0,0.0,0.0,0.0,0.0,0.0,0.0,0.0,,0.0,0.0,0.0,0.0,0.0,0.0,0.0,0.0,0.0,0.0,0.0,0.0,,0.0,0.0,0.0,0.0,0.0
2024-10-15_NewYorkKnicks_CharlotteHornets,2024-10-15,New York Knicks,Charlotte Hornets,50.0,50.0,0.0,0.0,0.0,0.0,AWAY,N/A,111,105,HOME,0.0,2025-11-25 12:38:58,0.0,0.0,0.0,0.0,0.0,0.0,0.0,0.0,0.0,0.0,0.0,,0.0,0.0,0.0,0.0,0.0,0.0,0.0,0.0,0.0,0.0,0.0,0.0,,0.0,0.0,0.0,0.0,0.0
2024-10-16_HoustonRockets_NewOrleansPelicans,2024-10-16,Houston Rockets,New Orleans Pelicans,50.0,50.0,0.0,0.0,0.0,0.0,AWAY,N/A,118,98,HOME,0.0,2025-11-25 12:38:58,0.0,0.0,0.0,0.0,0.0,0.0,0.0,0.0,0.0,0.0,0.0,,0.0,0.0,0.0,0.0,0.0,0.0,0.0,0.0,0.0,0.0,0.0,0.0,,0.0,0.0,0.0,0.0,0.0
2024-10-16_DenverNuggets_OklahomaCityThunder,2024-10-16,Denver Nuggets,Oklahoma City Thunder,50.0,50.0,0.0,0.0,0.0,0.0,AWAY,N/A,94,124,AWAY,1.0,2025-11-25 12:38:58,0.0,0.0,0.0,0.0,0.0,0.0,0.0,0.0,0.0,0.0,0.0,,0.0,0.0,0.0,0.0,0.0,0.0,0.0,0.0,0.0,0.0,0.0,0.0,,0.0,0.0,0.0,0.0,0.0
2024-10-16_UtahJazz_SacramentoKings,2024-10-16,Utah Jazz,Sacramento Kings,50.0,50.0,0.0,0.0,0.0,0.0,AWAY,N/A,117,114,HOME,0.0,2025-11-25 12:38:58,0.0,0.0,0.0,0.0,0.0,0.0,0.0,0.0,0.0,0.0,0.0,,0.0,0.0,0.0,0.0,0.0,0.0,0.0,0.0,0.0,0.0,0.0,0.0,,0.0,0.0,0.0,0.0,0.0
2024-10-16_LosAngelesLakers_GoldenStateWarriors,2024-10-16,Los Angeles Lakers,Golden State Warriors,50.0,50.0,0.0,0.0,0.0,0.0,AWAY,N/A,97,111,AWAY,1.0,2025-11-25 12:38:58,0.0,0.0,0.0,0.0,0.0,0.0,0.0,0.0,0.0,0.0,0.0,,0.0,0.0,0.0,0.0,0.0,0.0,0.0,0.0,0.0,0.0,0.0,0.0,,0.0,0.0,0.0,0.0,0.0
2024-10-16_DetroitPistons_ClevelandCavaliers,2024-10-16,Detroit Pistons,Cleveland Cavaliers,50.0,50.0,0.0,0.0,0.0,0.0,AWAY,N/A,108,92,HOME,0.0,2025-11-25 12:38:58,0.0,0.0,0.0,0.0,0.0,0.0,0.0,0.0,0.0,0.0,0.0,,0.0,0.0,0.0,0.0,0.0,0.0,0.0,0.0,0.0,0.0,0.0,0.0,,0.0,0.0,0.0,0.0,0.0
2024-10-16_Philadelphia76ers_BrooklynNets,2024-10-16,Philadelphia 76ers,Brooklyn Nets,50.0,50.0,0.0,0.0,0.0,0.0,AWAY,N/A,117,95,HOME,0.0,2025-11-25 12:38:58,0.0,0.0,0.0,0.0,0.0,0.0,0.0,0.0,0.0,0.0,0.0,,0.0,0.0,0.0,0.0,0.0,0.0,0.0,0.0,0.0,0.0,0.0,0.0,,0.0,0.0,0.0,0.0,0.0
2024-10-16_MiamiHeat_AtlantaHawks,2024-10-16,Miami Heat,Atlanta Hawks,50.0,50.0,0.0,0.0,0.0,0.0,AWAY,N/A,120,111,HOME,0.0,2025-11-25 12:38:58,0.0,0.0,0.0,0.0,0.0,0.0,0.0,0.0,0.0,0.0,0.0,,0.0,0.0,0.0,0.0,0.0,0.0,0.0,0.0,0.0,0.0,0.0,0.0,,0.0,0.0,0.0,0.0,0.0
2024-10-17_ChicagoBulls_MinnesotaTimberwolves,2024-10-17,Chicago Bulls,Minnesota Timberwolves,50.0,50.0,0.0,0.0,0.0,0.0,AWAY,N/A,125,123,HOME,0.0,2025-11-25 12:38:58,0.0,0.0,0.0,0.0,0.0,0.0,0.0,0.0,0.0,0.0,0.0,,0.0,0.0,0.0,0.0,0.0,0.0,0.0,0.0,0.0,0.0,0.0,0.0,,0.0,0.0,0.0,0.0,0.0
2024-10-17_PortlandTrailBlazers_Ulm,2024-10-17,Portland Trail Blazers,Ulm,50.0,50.0,0.0,0.0,0.0,0.0,AWAY,N/A,111,100,HOME,0.0,2025-11-25 12:38:58,0.0,0.0,0.0,0.0,0.0,0.0,0.0,0.0,0.0,0.0,0.0,,0.0,0.0,0.0,0.0,0.0,0.0,0.0,0.0,0.0,0.0,0.0,0.0,,0.0,0.0,0.0,0.0,0.0
2024-10-17_IndianaPacers_CharlotteHornets,2024-10-17,Indiana Pacers,Charlotte Hornets,50.0,50.0,0.0,0.0,0.0,0.0,AWAY,N/A,121,116,HOME,0.0,2025-11-25 12:38:58,0.0,0.0,0.0,0.0,0.0,0.0,0.0,0.0,0.0,0.0,0.0,,0.0,0.0,0.0,0.0,0.0,0.0,0.0,0.0,0.0,0.0,0.0,0.0,,0.0,0.0,0.0,0.0,0.0
2024-10-17_DallasMavericks_MilwaukeeBucks,2024-10-17,Dallas Mavericks,Milwaukee Bucks,50.0,50.0,0.0,0.0,0.0,0.0,AWAY,N/A,109,84,HOME,0.0,2025-11-25 12:38:58,0.0,0.0,0.0,0.0,0.0,0.0,0.0,0.0,0.0,0.0,0.0,,0.0,0.0,0.0,0.0,0.0,0.0,0.0,0.0,0.0,0.0,0.0,0.0,,0.0,0.0,0.0,0.0,0.0
2024-10-18_HoustonRockets_SanAntonioSpurs,2024-10-18,Houston Rockets,San Antonio Spurs,50.0,50.0,0.0,0.0,0.0,0.0,AWAY,N/A,129,107,HOME,0.0,2025-11-25 12:38:58,0.0,0.0,0.0,0.0,0.0,0.0,0.0,0.0,0.0,0.0,0.0,,0.0,0.0,0.0,0.0,0.0,0.0,0.0,0.0,0.0,0.0,0.0,0.0,,0.0,0.0,0.0,0.0,0.0
2024-10-18_OklahomaCityThunder_AtlantaHawks,2024-10-18,Oklahoma City Thunder,Atlanta Hawks,50.0,50.0,0.0,0.0,0.0,0.0,AWAY,N/A,104,99,HOME,0.0,2025-11-25 12:38:58,0.0,0.0,0.0,0.0,0.0,0.0,0.0,0.0,0.0,0.0,0.0,,0.0,0.0,0.0,0.0,0.0,0.0,0.0,0.0,0.0,0.0,0.0,0.0,,0.0,0.0,0.0,0.0,0.0
2024-10-18_MinnesotaTimberwolves_DenverNuggets,2024-10-18,Minnesota Timberwolves,Denver Nuggets,50.0,50.0,0.0,0.0,0.0,0.0,AWAY,N/A,126,132,AWAY,1.0,2025-11-25 12:38:58,0.0,0.0,0.0,0.0,0.0,0.0,0.0,0.0,0.0,0.0,0.0,,0.0,0.0,0.0,0.0,0.0,0.0,0.0,0.0,0.0,0.0,0.0,0.0,,0.0,0.0,0.0,0.0,0.0
2024-10-18_PhoenixSuns_LosAngelesLakers,2024-10-18,Phoenix Suns,Los Angeles Lakers,50.0,50.0,0.0,0.0,0.0,0.0,AWAY,N/A,122,128,AWAY,1.0,2025-11-25 12:38:58,0.0,0.0,0.0,0.0,0.0,0.0,0.0,0.0,0.0,0.0,0.0,,0.0,0.0,0.0,0.0,0.0,0.0,0.0,0.0,0.0,0.0,0.0,0.0,,0.0,0.0,0.0,0.0,0.0
2024-10-18_LAClippers_SacramentoKings,2024-10-18,LA Clippers,Sacramento Kings,50.0,50.0,0.0,0.0,0.0,0.0,AWAY,N/A,113,91,HOME,0.0,2025-11-25 12:38:58,0.0,0.0,0.0,0.0,0.0,0.0,0.0,0.0,0.0,0.0,0.0,,0.0,0.0,0.0,0.0,0.0,0.0,0.0,0.0,0.0,0.0,0.0,0.0,,0.0,0.0,0.0,0.0,0.0
2024-10-18_OrlandoMagic_Philadelphia76ers,2024-10-18,Orlando Magic,Philadelphia 76ers,50.0,50.0,0.0,0.0,0.0,0.0,AWAY,N/A,114,99,HOME,0.0,2025-11-25 12:38:58,0.0,0.0,0.0,0.0,0.0,0.0,0.0,0.0,0.0,0.0,0.0,,0.0,0.0,0.0,0.0,0.0,0.0,0.0,0.0,0.0,0.0,0.0,0.0,,0.0,0.0,0.0,0.0,0.0
2024-10-18_WashingtonWizards_NewYorkKnicks,2024-10-18,Washington Wizards,New York Knicks,50.0,50.0,0.0,0.0,0.0,0.0,AWAY,N/A,118,117,HOME,0.0,2025-11-25 12:38:58,0.0,0.0,0.0,0.0,0.0,0.0,0.0,0.0,0.0,0.0,0.0,,0.0,0.0,0.0,0.0,0.0,0.0,0.0,0.0,0.0,0.0,0.0,0.0,,0.0,0.0,0.0,0.0,0.0
2024-10-18_BrooklynNets_TorontoRaptors,2024-10-18,Brooklyn Nets,Toronto Raptors,50.0,50.0,0.0,0.0,0.0,0.0,AWAY,N/A,112,116,AWAY,1.0,2025-11-25 12:38:58,0.0,0.0,0.0,0.0,0.0,0.0,0.0,0.0,0.0,0.0,0.0,,0.0,0.0,0.0,0.0,0.0,0.0,0.0,0.0,0.0,0.0,0.0,0.0,,0.0,0.0,0.0,0.0,0.0
2024-10-19_ChicagoBulls_ClevelandCavaliers,2024-10-19,Chicago Bulls,Cleveland Cavaliers,50.0,50.0,0.0,0.0,0.0,0.0,AWAY,N/A,139,137,HOME,0.0,2025-11-25 12:38:58,0.0,0.0,0.0,0.0,0.0,0.0,0.0,0.0,0.0,0.0,0.0,,0.0,0.0,0.0,0.0,0.0,0.0,0.0,0.0,0.0,0.0,0.0,0.0,,0.0,0.0,0.0,0.0,0.0
2024-10-19_MemphisGrizzlies_MiamiHeat,2024-10-19,Memphis Grizzlies,Miami Heat,50.0,50.0,0.0,0.0,0.0,0.0,AWAY,N/A,109,114,AWAY,1.0,2025-11-25 12:38:58,0.0,0.0,0.0,0.0,0.0,0.0,0.0,0.0,0.0,0.0,0.0,,0.0,0.0,0.0,0.0,0.0,0.0,0.0,0.0,0.0,0.0,0.0,0.0,,0.0,0.0,0.0,0.0,0.0
2024-10-19_PortlandTrailBlazers_UtahJazz,2024-10-19,Portland Trail Blazers,Utah Jazz,50.0,50.0,0.0,0.0,0.0,0.0,AWAY,N/A,124,86,HOME,0.0,2025-11-25 12:38:58,0.0,0.0,0.0,0.0,0.0,0.0,0.0,0.0,0.0,0.0,0.0,,0.0,0.0,0.0,0.0,0.0,0.0,0.0,0.0,0.0,0.0,0.0,0.0,,0.0,0.0,0.0,0.0,0.0
2024-10-19_GoldenStateWarriors_LosAngelesLakers,2024-10-19,Golden State Warriors,Los Angeles Lakers,50.0,50.0,0.0,0.0,0.0,0.0,AWAY,N/A,132,74,HOME,0.0,2025-11-25 12:38:58,0.0,0.0,0.0,0.0,0.0,0.0,0.0,0.0,0.0,0.0,0.0,,0.0,0.0,0.0,0.0,0.0,0.0,0.0,0.0,0.0,0.0,0.0,0.0,,0.0,0.0,0.0,0.0,0.0
2024-10-22_BostonCeltics_NewYorkKnicks,2024-10-22,Boston Celtics,New York Knicks,50.0,50.0,0.0,0.0,0.0,0.0,AWAY,N/A,132,109,HOME,0.0,2025-11-25 12:38:58,0.0,0.0,0.0,0.0,0.0,0.0,0.0,0.0,0.0,0.0,0.0,,0.0,0.0,0.0,0.0,0.0,0.0,0.0,0.0,0.0,0.0,0.0,0.0,,0.0,0.0,0.0,0.0,0.0
2024-10-23_LosAngelesLakers_MinnesotaTimberwolves,2024-10-23,Los Angeles Lakers,Minnesota Timberwolves,50.0,50.0,0.0,0.0,0.0,0.0,AWAY,N/A,110,103,HOME,0.0,2025-11-25 12:38:58,0.0,0.0,0.0,0.0,0.0,0.0,0.0,0.0,0.0,0.0,0.0,,0.0,0.0,0.0,0.0,0.0,0.0,0.0,0.0,0.0,0.0,0.0,0.0,,0.0,0.0,0.0,0.0,0.0
2024-10-23_DetroitPistons_IndianaPacers,2024-10-23,Detroit Pistons,Indiana Pacers,50.0,50.0,0.0,0.0,0.0,0.0,AWAY,N/A,109,115,AWAY,1.0,2025-11-25 12:38:58,0.0,0.0,0.0,0.0,0.0,0.0,0.0,0.0,0.0,0.0,0.0,,0.0,0.0,0.0,0.0,0.0,0.0,0.0,0.0,0.0,0.0,0.0,0.0,,0.0,0.0,0.0,0.0,0.0
2024-10-23_AtlantaHawks_BrooklynNets,2024-10-23,Atlanta Hawks,Brooklyn Nets,50.0,50.0,0.0,0.0,0.0,0.0,AWAY,N/A,120,116,HOME,0.0,2025-11-25 12:38:58,0.0,0.0,0.0,0.0,0.0,0.0,0.0,0.0,0.0,0.0,0.0,,0.0,0.0,0.0,0.0,0.0,0.0,0.0,0.0,0.0,0.0,0.0,0.0,,0.0,0.0,0.0,0.0,0.0
2024-10-23_MiamiHeat_OrlandoMagic,2024-10-23,Miami Heat,Orlando Magic,50.0,50.0,0.0,0.0,0.0,0.0,AWAY,N/A,97,116,AWAY,1.0,2025-11-25 12:38:58,0.0,0.0,0.0,0.0,0.0,0.0,0.0,0.0,0.0,0.0,0.0,,0.0,0.0,0.0,0.0,0.0,0.0,0.0,0.0,0.0,0.0,0.0,0.0,,0.0,0.0,0.0,0.0,0.0
2024-10-23_Philadelphia76ers_MilwaukeeBucks,2024-10-23,Philadelphia 76ers,Milwaukee Bucks,50.0,50.0,0.0,0.0,0.0,0.0,AWAY,N/A,109,124,AWAY,1.0,2025-11-25 12:38:58,0.0,0.0,0.0,0.0,0.0,0.0,0.0,0.0,0.0,0.0,0.0,,0.0,0.0,0.0,0.0,0.0,0.0,0.0,0.0,0.0,0.0,0.0,0.0,,0.0,0.0,0.0,0.0,0.0
2024-10-23_TorontoRaptors_ClevelandCavaliers,2024-10-23,Toronto Raptors,Cleveland Cavaliers,50.0,50.0,0.0,0.0,0.0,0.0,AWAY,N/A,106,136,AWAY,1.0,2025-11-25 12:38:58,0.0,0.0,0.0,0.0,0.0,0.0,0.0,0.0,0.0,0.0,0.0,,0.0,0.0,0.0,0.0,0.0,0.0,0.0,0.0,0.0,0.0,0.0,0.0,,0.0,0.0,0.0,0.0,0.0
2024-10-24_HoustonRockets_CharlotteHornets,2024-10-24,Houston Rockets,Charlotte Hornets,50.0,50.0,0.0,0.0,0.0,0.0,AWAY,N/A,105,110,AWAY,1.0,2025-11-25 12:38:58,0.0,0.0,0.0,0.0,0.0,0.0,0.0,0.0,0.0,0.0,0.0,,0.0,0.0,0.0,0.0,0.0,0.0,0.0,0.0,0.0,0.0,0.0,0.0,,0.0,0.0,0.0,0.0,0.0
2024-10-24_NewOrleansPelicans_ChicagoBulls,2024-10-24,New Orleans Pelicans,Chicago Bulls,50.0,50.0,0.0,0.0,0.0,0.0,AWAY,N/A,123,111,HOME,0.0,2025-11-25 12:38:58,0.0,0.0,0.0,0.0,0.0,0.0,0.0,0.0,0.0,0.0,0.0,,0.0,0.0,0.0,0.0,0.0,0.0,0.0,0.0,0.0,0.0,0.0,0.0,,0.0,0.0,0.0,0.0,0.0
2024-10-24_UtahJazz_MemphisGrizzlies,2024-10-24,Utah Jazz,Memphis Grizzlies,50.0,50.0,0.0,0.0,0.0,0.0,AWAY,N/A,124,126,AWAY,1.0,2025-11-25 12:38:58,0.0,0.0,0.0,0.0,0.0,0.0,0.0,0.0,0.0,0.0,0.0,,0.0,0.0,0.0,0.0,0.0,0.0,0.0,0.0,0.0,0.0,0.0,0.0,,0.0,0.0,0.0,0.0,0.0
2024-10-24_LAClippers_PhoenixSuns,2024-10-24,LA Clippers,Phoenix Suns,50.0,50.0,0.0,0.0,0.0,0.0,AWAY,N/A,113,116,AWAY,1.0,2025-11-25 12:38:58,0.0,0.0,0.0,0.0,0.0,0.0,0.0,0.0,0.0,0.0,0.0,,0.0,0.0,0.0,0.0,0.0,0.0,0.0,0.0,0.0,0.0,0.0,0.0,,0.0,0.0,0.0,0.0,0.0
2024-10-24_PortlandTrailBlazers_GoldenStateWarriors,2024-10-24,Portland Trail Blazers,Golden State Warriors,50.0,50.0,0.0,0.0,0.0,0.0,AWAY,N/A,104,140,AWAY,1.0,2025-11-25 12:38:58,0.0,0.0,0.0,0.0,0.0,0.0,0.0,0.0,0.0,0.0,0.0,,0.0,0.0,0.0,0.0,0.0,0.0,0.0,0.0,0.0,0.0,0.0,0.0,,0.0,0.0,0.0,0.0,0.0
2024-10-24_WashingtonWizards_BostonCeltics,2024-10-24,Washington Wizards,Boston Celtics,50.0,50.0,0.0,0.0,0.0,0.0,AWAY,N/A,102,122,AWAY,1.0,2025-11-25 12:38:58,0.0,0.0,0.0,0.0,0.0,0.0,0.0,0.0,0.0,0.0,0.0,,0.0,0.0,0.0,0.0,0.0,0.0,0.0,0.0,0.0,0.0,0.0,0.0,,0.0,0.0,0.0,0.0,0.0
2024-10-24_DallasMavericks_SanAntonioSpurs,2024-10-24,Dallas Mavericks,San Antonio Spurs,50.0,50.0,0.0,0.0,0.0,0.0,AWAY,N/A,120,109,HOME,0.0,2025-11-25 12:38:58,0.0,0.0,0.0,0.0,0.0,0.0,0.0,0.0,0.0,0.0,0.0,,0.0,0.0,0.0,0.0,0.0,0.0,0.0,0.0,0.0,0.0,0.0,0.0,,0.0,0.0,0.0,0.0,0.0
2024-10-25_DenverNuggets_OklahomaCityThunder,2024-10-25,Denver Nuggets,Oklahoma City Thunder,50.0,50.0,0.0,0.0,0.0,0.0,AWAY,N/A,87,102,AWAY,1.0,2025-11-25 12:38:58,0.0,0.0,0.0,0.0,0.0,0.0,0.0,0.0,0.0,0.0,0.0,,0.0,0.0,0.0,0.0,0.0,0.0,0.0,0.0,0.0,0.0,0.0,0.0,,0.0,0.0,0.0,0.0,0.0
2024-10-25_SacramentoKings_MinnesotaTimberwolves,2024-10-25,Sacramento Kings,Minnesota Timberwolves,50.0,50.0,0.0,0.0,0.0,0.0,AWAY,N/A,115,117,AWAY,1.0,2025-11-25 12:38:58,0.0,0.0,0.0,0.0,0.0,0.0,0.0,0.0,0.0,0.0,0.0,,0.0,0.0,0.0,0.0,0.0,0.0,0.0,0.0,0.0,0.0,0.0,0.0,,0.0,0.0,0.0,0.0,0.0
2024-10-25_OrlandoMagic_BrooklynNets,2024-10-25,Orlando Magic,Brooklyn Nets,50.0,50.0,0.0,0.0,0.0,0.0,AWAY,N/A,116,101,HOME,0.0,2025-11-25 12:38:58,0.0,0.0,0.0,0.0,0.0,0.0,0.0,0.0,0.0,0.0,0.0,,0.0,0.0,0.0,0.0,0.0,0.0,0.0,0.0,0.0,0.0,0.0,0.0,,0.0,0.0,0.0,0.0,0.0
2024-10-25_TorontoRaptors_Philadelphia76ers,2024-10-25,Toronto Raptors,Philadelphia 76ers,50.0,50.0,0.0,0.0,0.0,0.0,AWAY,N/A,115,107,HOME,0.0,2025-11-25 12:38:58,0.0,0.0,0.0,0.0,0.0,0.0,0.0,0.0,0.0,0.0,0.0,,0.0,0.0,0.0,0.0,0.0,0.0,0.0,0.0,0.0,0.0,0.0,0.0,,0.0,0.0,0.0,0.0,0.0
2024-10-25_AtlantaHawks_CharlotteHornets,2024-10-25,Atlanta Hawks,Charlotte Hornets,50.0,50.0,0.0,0.0,0.0,0.0,AWAY,N/A,125,120,HOME,0.0,2025-11-25 12:38:58,0.0,0.0,0.0,0.0,0.0,0.0,0.0,0.0,0.0,0.0,0.0,,0.0,0.0,0.0,0.0,0.0,0.0,0.0,0.0,0.0,0.0,0.0,0.0,,0.0,0.0,0.0,0.0,0.0
2024-10-25_ClevelandCavaliers_DetroitPistons,2024-10-25,Cleveland Cavaliers,Detroit Pistons,50.0,50.0,0.0,0.0,0.0,0.0,AWAY,N/A,113,101,HOME,0.0,2025-11-25 12:38:58,0.0,0.0,0.0,0.0,0.0,0.0,0.0,0.0,0.0,0.0,0.0,,0.0,0.0,0.0,0.0,0.0,0.0,0.0,0.0,0.0,0.0,0.0,0.0,,0.0,0.0,0.0,0.0,0.0
2024-10-25_NewYorkKnicks_IndianaPacers,2024-10-25,New York Knicks,Indiana Pacers,50.0,50.0,0.0,0.0,0.0,0.0,AWAY,N/A,123,98,HOME,0.0,2025-11-25 12:38:58,0.0,0.0,0.0,0.0,0.0,0.0,0.0,0.0,0.0,0.0,0.0,,0.0,0.0,0.0,0.0,0.0,0.0,0.0,0.0,0.0,0.0,0.0,0.0,,0.0,0.0,0.0,0.0,0.0
2024-10-26_HoustonRockets_MemphisGrizzlies,2024-10-26,Houston Rockets,Memphis Grizzlies,50.0,50.0,0.0,0.0,0.0,0.0,AWAY,N/A,128,108,HOME,0.0,2025-11-25 12:38:58,0.0,0.0,0.0,0.0,0.0,0.0,0.0,0.0,0.0,0.0,0.0,,0.0,0.0,0.0,0.0,0.0,0.0,0.0,0.0,0.0,0.0,0.0,0.0,,0.0,0.0,0.0,0.0,0.0
2024-10-26_MilwaukeeBucks_ChicagoBulls,2024-10-26,Milwaukee Bucks,Chicago Bulls,50.0,50.0,0.0,0.0,0.0,0.0,AWAY,N/A,122,133,AWAY,1.0,2025-11-25 12:38:58,0.0,0.0,0.0,0.0,0.0,0.0,0.0,0.0,0.0,0.0,0.0,,0.0,0.0,0.0,0.0,0.0,0.0,0.0,0.0,0.0,0.0,0.0,0.0,,0.0,0.0,0.0,0.0,0.0
2024-10-26_UtahJazz_GoldenStateWarriors,2024-10-26,Utah Jazz,Golden State Warriors,50.0,50.0,0.0,0.0,0.0,0.0,AWAY,N/A,86,127,AWAY,1.0,2025-11-25 12:38:58,0.0,0.0,0.0,0.0,0.0,0.0,0.0,0.0,0.0,0.0,0.0,,0.0,0.0,0.0,0.0,0.0,0.0,0.0,0.0,0.0,0.0,0.0,0.0,,0.0,0.0,0.0,0.0,0.0
2024-10-26_LosAngelesLakers_PhoenixSuns,2024-10-26,Los Angeles Lakers,Phoenix Suns,50.0,50.0,0.0,0.0,0.0,0.0,AWAY,N/A,123,116,HOME,0.0,2025-11-25 12:38:58,0.0,0.0,0.0,0.0,0.0,0.0,0.0,0.0,0.0,0.0,0.0,,0.0,0.0,0.0,0.0,0.0,0.0,0.0,0.0,0.0,0.0,0.0,0.0,,0.0,0.0,0.0,0.0,0.0
2024-10-26_PortlandTrailBlazers_NewOrleansPelicans,2024-10-26,Portland Trail Blazers,New Orleans Pelicans,50.0,50.0,0.0,0.0,0.0,0.0,AWAY,N/A,103,105,AWAY,1.0,2025-11-25 12:38:58,0.0,0.0,0.0,0.0,0.0,0.0,0.0,0.0,0.0,0.0,0.0,,0.0,0.0,0.0,0.0,0.0,0.0,0.0,0.0,0.0,0.0,0.0,0.0,,0.0,0.0,0.0,0.0,0.0
2024-10-26_DenverNuggets_LAClippers,2024-10-26,Denver Nuggets,LA Clippers,50.0,50.0,0.0,0.0,0.0,0.0,AWAY,N/A,104,109,AWAY,1.0,2025-11-25 12:38:58,0.0,0.0,0.0,0.0,0.0,0.0,0.0,0.0,0.0,0.0,0.0,,0.0,0.0,0.0,0.0,0.0,0.0,0.0,0.0,0.0,0.0,0.0,0.0,,0.0,0.0,0.0,0.0,0.0
2024-10-26_CharlotteHornets_MiamiHeat,2024-10-26,Charlotte Hornets,Miami Heat,50.0,50.0,0.0,0.0,0.0,0.0,AWAY,N/A,106,114,AWAY,1.0,2025-11-25 12:38:58,0.0,0.0,0.0,0.0,0.0,0.0,0.0,0.0,0.0,0.0,0.0,,0.0,0.0,0.0,0.0,0.0,0.0,0.0,0.0,0.0,0.0,0.0,0.0,,0.0,0.0,0.0,0.0,0.0
2024-10-26_DetroitPistons_BostonCeltics,2024-10-26,Detroit Pistons,Boston Celtics,50.0,50.0,0.0,0.0,0.0,0.0,AWAY,N/A,118,124,AWAY,1.0,2025-11-25 12:38:58,0.0,0.0,0.0,0.0,0.0,0.0,0.0,0.0,0.0,0.0,0.0,,0.0,0.0,0.0,0.0,0.0,0.0,0.0,0.0,0.0,0.0,0.0,0.0,,0.0,0.0,0.0,0.0,0.0
2024-10-26_WashingtonWizards_ClevelandCavaliers,2024-10-26,Washington Wizards,Cleveland Cavaliers,50.0,50.0,0.0,0.0,0.0,0.0,AWAY,N/A,116,135,AWAY,1.0,2025-11-25 12:38:58,0.0,0.0,0.0,0.0,0.0,0.0,0.0,0.0,0.0,0.0,0.0,,0.0,0.0,0.0,0.0,0.0,0.0,0.0,0.0,0.0,0.0,0.0,0.0,,0.0,0.0,0.0,0.0,0.0
2024-10-27_ChicagoBulls_OklahomaCityThunder,2024-10-27,Chicago Bulls,Oklahoma City Thunder,50.0,50.0,0.0,0.0,0.0,0.0,AWAY,N/A,95,114,AWAY,1.0,2025-11-25 12:38:58,0.0,0.0,0.0,0.0,0.0,0.0,0.0,0.0,0.0,0.0,0.0,,0.0,0.0,0.0,0.0,0.0,0.0,0.0,0.0,0.0,0.0,0.0,0.0,,0.0,0.0,0.0,0.0,0.0
2024-10-27_MemphisGrizzlies_OrlandoMagic,2024-10-27,Memphis Grizzlies,Orlando Magic,50.0,50.0,0.0,0.0,0.0,0.0,AWAY,N/A,124,111,HOME,0.0,2025-11-25 12:38:58,0.0,0.0,0.0,0.0,0.0,0.0,0.0,0.0,0.0,0.0,0.0,,0.0,0.0,0.0,0.0,0.0,0.0,0.0,0.0,0.0,0.0,0.0,0.0,,0.0,0.0,0.0,0.0,0.0
2024-10-27_MinnesotaTimberwolves_TorontoRaptors,2024-10-27,Minnesota Timberwolves,Toronto Raptors,50.0,50.0,0.0,0.0,0.0,0.0,AWAY,N/A,112,101,HOME,0.0,2025-11-25 12:38:58,0.0,0.0,0.0,0.0,0.0,0.0,0.0,0.0,0.0,0.0,0.0,,0.0,0.0,0.0,0.0,0.0,0.0,0.0,0.0,0.0,0.0,0.0,0.0,,0.0,0.0,0.0,0.0,0.0
2024-10-27_SanAntonioSpurs_HoustonRockets,2024-10-27,San Antonio Spurs,Houston Rockets,50.0,50.0,0.0,0.0,0.0,0.0,AWAY,N/A,109,106,HOME,0.0,2025-11-25 12:38:58,0.0,0.0,0.0,0.0,0.0,0.0,0.0,0.0,0.0,0.0,0.0,,0.0,0.0,0.0,0.0,0.0,0.0,0.0,0.0,0.0,0.0,0.0,0.0,,0.0,0.0,0.0,0.0,0.0
2024-10-27_PhoenixSuns_DallasMavericks,2024-10-27,Phoenix Suns,Dallas Mavericks,50.0,50.0,0.0,0.0,0.0,0.0,AWAY,N/A,114,102,HOME,0.0,2025-11-25 12:38:58,0.0,0.0,0.0,0.0,0.0,0.0,0.0,0.0,0.0,0.0,0.0,,0.0,0.0,0.0,0.0,0.0,0.0,0.0,0.0,0.0,0.0,0.0,0.0,,0.0,0.0,0.0,0.0,0.0
2024-10-27_LosAngelesLakers_SacramentoKings,2024-10-27,Los Angeles Lakers,Sacramento Kings,50.0,50.0,0.0,0.0,0.0,0.0,AWAY,N/A,131,127,HOME,0.0,2025-11-25 12:38:58,0.0,0.0,0.0,0.0,0.0,0.0,0.0,0.0,0.0,0.0,0.0,,0.0,0.0,0.0,0.0,0.0,0.0,0.0,0.0,0.0,0.0,0.0,0.0,,0.0,0.0,0.0,0.0,0.0
2024-10-27_IndianaPacers_Philadelphia76ers,2024-10-27,Indiana Pacers,Philadelphia 76ers,50.0,50.0,0.0,0.0,0.0,0.0,AWAY,N/A,114,118,AWAY,1.0,2025-11-25 12:38:58,0.0,0.0,0.0,0.0,0.0,0.0,0.0,0.0,0.0,0.0,0.0,,0.0,0.0,0.0,0.0,0.0,0.0,0.0,0.0,0.0,0.0,0.0,0.0,,0.0,0.0,0.0,0.0,0.0
2024-10-27_BrooklynNets_MilwaukeeBucks,2024-10-27,Brooklyn Nets,Milwaukee Bucks,50.0,50.0,0.0,0.0,0.0,0.0,AWAY,N/A,115,102,HOME,0.0,2025-11-25 12:38:58,0.0,0.0,0.0,0.0,0.0,0.0,0.0,0.0,0.0,0.0,0.0,,0.0,0.0,0.0,0.0,0.0,0.0,0.0,0.0,0.0,0.0,0.0,0.0,,0.0,0.0,0.0,0.0,0.0
2024-10-27_PortlandTrailBlazers_NewOrleansPelicans,2024-10-27,Portland Trail Blazers,New Orleans Pelicans,50.0,50.0,0.0,0.0,0.0,0.0,AWAY,N/A,125,103,HOME,0.0,2025-11-25 12:38:58,0.0,0.0,0.0,0.0,0.0,0.0,0.0,0.0,0.0,0.0,0.0,,0.0,0.0,0.0,0.0,0.0,0.0,0.0,0.0,0.0,0.0,0.0,0.0,,0.0,0.0,0.0,0.0,0.0
2024-10-27_OklahomaCityThunder_AtlantaHawks,2024-10-27,Oklahoma City Thunder,Atlanta Hawks,50.0,50.0,0.0,0.0,0.0,0.0,AWAY,N/A,128,104,HOME,0.0,2025-11-25 12:38:58,0.0,0.0,0.0,0.0,0.0,0.0,0.0,0.0,0.0,0.0,0.0,,0.0,0.0,0.0,0.0,0.0,0.0,0.0,0.0,0.0,0.0,0.0,0.0,,0.0,0.0,0.0,0.0,0.0
2024-10-28_GoldenStateWarriors_LAClippers,2024-10-28,Golden State Warriors,LA Clippers,50.0,50.0,0.0,0.0,0.0,0.0,AWAY,N/A,104,112,AWAY,1.0,2025-11-25 12:38:58,0.0,0.0,0.0,0.0,0.0,0.0,0.0,0.0,0.0,0.0,0.0,,0.0,0.0,0.0,0.0,0.0,0.0,0.0,0.0,0.0,0.0,0.0,0.0,,0.0,0.0,0.0,0.0,0.0
2024-10-28_OrlandoMagic_IndianaPacers,2024-10-28,Orlando Magic,Indiana Pacers,50.0,50.0,0.0,0.0,0.0,0.0,AWAY,N/A,119,115,HOME,0.0,2025-11-25 12:38:58,0.0,0.0,0.0,0.0,0.0,0.0,0.0,0.0,0.0,0.0,0.0,,0.0,0.0,0.0,0.0,0.0,0.0,0.0,0.0,0.0,0.0,0.0,0.0,,0.0,0.0,0.0,0.0,0.0
2024-10-28_AtlantaHawks_WashingtonWizards,2024-10-28,Atlanta Hawks,Washington Wizards,50.0,50.0,0.0,0.0,0.0,0.0,AWAY,N/A,119,121,AWAY,1.0,2025-11-25 12:38:58,0.0,0.0,0.0,0.0,0.0,0.0,0.0,0.0,0.0,0.0,0.0,,0.0,0.0,0.0,0.0,0.0,0.0,0.0,0.0,0.0,0.0,0.0,0.0,,0.0,0.0,0.0,0.0,0.0
2024-10-28_BostonCeltics_MilwaukeeBucks,2024-10-28,Boston Celtics,Milwaukee Bucks,50.0,50.0,0.0,0.0,0.0,0.0,AWAY,N/A,119,108,HOME,0.0,2025-11-25 12:38:58,0.0,0.0,0.0,0.0,0.0,0.0,0.0,0.0,0.0,0.0,0.0,,0.0,0.0,0.0,0.0,0.0,0.0,0.0,0.0,0.0,0.0,0.0,0.0,,0.0,0.0,0.0,0.0,0.0
2024-10-28_MiamiHeat_DetroitPistons,2024-10-28,Miami Heat,Detroit Pistons,50.0,50.0,0.0,0.0,0.0,0.0,AWAY,N/A,106,98,HOME,0.0,2025-11-25 12:38:58,0.0,0.0,0.0,0.0,0.0,0.0,0.0,0.0,0.0,0.0,0.0,,0.0,0.0,0.0,0.0,0.0,0.0,0.0,0.0,0.0,0.0,0.0,0.0,,0.0,0.0,0.0,0.0,0.0
2024-10-28_NewYorkKnicks_ClevelandCavaliers,2024-10-28,New York Knicks,Cleveland Cavaliers,50.0,50.0,0.0,0.0,0.0,0.0,AWAY,N/A,104,110,AWAY,1.0,2025-11-25 12:38:58,0.0,0.0,0.0,0.0,0.0,0.0,0.0,0.0,0.0,0.0,0.0,,0.0,0.0,0.0,0.0,0.0,0.0,0.0,0.0,0.0,0.0,0.0,0.0,,0.0,0.0,0.0,0.0,0.0
2024-10-28_TorontoRaptors_DenverNuggets,2024-10-28,Toronto Raptors,Denver Nuggets,50.0,50.0,0.0,0.0,0.0,0.0,AWAY,N/A,125,127,AWAY,1.0,2025-11-25 12:38:58,0.0,0.0,0.0,0.0,0.0,0.0,0.0,0.0,0.0,0.0,0.0,,0.0,0.0,0.0,0.0,0.0,0.0,0.0,0.0,0.0,0.0,0.0,0.0,,0.0,0.0,0.0,0.0,0.0
2024-10-29_MemphisGrizzlies_ChicagoBulls,2024-10-29,Memphis Grizzlies,Chicago Bulls,50.0,50.0,0.0,0.0,0.0,0.0,AWAY,N/A,123,126,AWAY,1.0,2025-11-25 12:38:58,0.0,0.0,0.0,0.0,0.0,0.0,0.0,0.0,0.0,0.0,0.0,,0.0,0.0,0.0,0.0,0.0,0.0,0.0,0.0,0.0,0.0,0.0,0.0,,0.0,0.0,0.0,0.0,0.0
2024-10-29_SanAntonioSpurs_HoustonRockets,2024-10-29,San Antonio Spurs,Houston Rockets,50.0,50.0,0.0,0.0,0.0,0.0,AWAY,N/A,101,106,AWAY,1.0,2025-11-25 12:38:58,0.0,0.0,0.0,0.0,0.0,0.0,0.0,0.0,0.0,0.0,0.0,,0.0,0.0,0.0,0.0,0.0,0.0,0.0,0.0,0.0,0.0,0.0,0.0,,0.0,0.0,0.0,0.0,0.0
2024-10-29_DallasMavericks_UtahJazz,2024-10-29,Dallas Mavericks,Utah Jazz,50.0,50.0,0.0,0.0,0.0,0.0,AWAY,N/A,110,102,HOME,0.0,2025-11-25 12:38:58,0.0,0.0,0.0,0.0,0.0,0.0,0.0,0.0,0.0,0.0,0.0,,0.0,0.0,0.0,0.0,0.0,0.0,0.0,0.0,0.0,0.0,0.0,0.0,,0.0,0.0,0.0,0.0,0.0
2024-10-29_PhoenixSuns_LosAngelesLakers,2024-10-29,Phoenix Suns,Los Angeles Lakers,50.0,50.0,0.0,0.0,0.0,0.0,AWAY,N/A,109,105,HOME,0.0,2025-11-25 12:38:58,0.0,0.0,0.0,0.0,0.0,0.0,0.0,0.0,0.0,0.0,0.0,,0.0,0.0,0.0,0.0,0.0,0.0,0.0,0.0,0.0,0.0,0.0,0.0,,0.0,0.0,0.0,0.0,0.0
2024-10-29_SacramentoKings_PortlandTrailBlazers,2024-10-29,Sacramento Kings,Portland Trail Blazers,50.0,50.0,0.0,0.0,0.0,0.0,AWAY,N/A,111,98,HOME,0.0,2025-11-25 12:38:58,0.0,0.0,0.0,0.0,0.0,0.0,0.0,0.0,0.0,0.0,0.0,,0.0,0.0,0.0,0.0,0.0,0.0,0.0,0.0,0.0,0.0,0.0,0.0,,0.0,0.0,0.0,0.0,0.0
2024-10-29_BrooklynNets_DenverNuggets,2024-10-29,Brooklyn Nets,Denver Nuggets,50.0,50.0,0.0,0.0,0.0,0.0,AWAY,N/A,139,144,AWAY,1.0,2025-11-25 12:38:58,0.0,0.0,0.0,0.0,0.0,0.0,0.0,0.0,0.0,0.0,0.0,,0.0,0.0,0.0,0.0,0.0,0.0,0.0,0.0,0.0,0.0,0.0,0.0,,0.0,0.0,0.0,0.0,0.0
2024-10-29_MinnesotaTimberwolves_DallasMavericks,2024-10-29,Minnesota Timberwolves,Dallas Mavericks,50.0,50.0,0.0,0.0,0.0,0.0,AWAY,N/A,114,120,AWAY,1.0,2025-11-25 12:38:58,0.0,0.0,0.0,0.0,0.0,0.0,0.0,0.0,0.0,0.0,0.0,,0.0,0.0,0.0,0.0,0.0,0.0,0.0,0.0,0.0,0.0,0.0,0.0,,0.0,0.0,0.0,0.0,0.0
2024-10-30_UtahJazz_SacramentoKings,2024-10-30,Utah Jazz,Sacramento Kings,50.0,50.0,0.0,0.0,0.0,0.0,AWAY,N/A,96,113,AWAY,1.0,2025-11-25 12:38:58,0.0,0.0,0.0,0.0,0.0,0.0,0.0,0.0,0.0,0.0,0.0,,0.0,0.0,0.0,0.0,0.0,0.0,0.0,0.0,0.0,0.0,0.0,0.0,,0.0,0.0,0.0,0.0,0.0
2024-10-30_GoldenStateWarriors_NewOrleansPelicans,2024-10-30,Golden State Warriors,New Orleans Pelicans,50.0,50.0,0.0,0.0,0.0,0.0,AWAY,N/A,124,106,HOME,0.0,2025-11-25 12:38:58,0.0,0.0,0.0,0.0,0.0,0.0,0.0,0.0,0.0,0.0,0.0,,0.0,0.0,0.0,0.0,0.0,0.0,0.0,0.0,0.0,0.0,0.0,0.0,,0.0,0.0,0.0,0.0,0.0
2024-10-30_CharlotteHornets_TorontoRaptors,2024-10-30,Charlotte Hornets,Toronto Raptors,50.0,50.0,0.0,0.0,0.0,0.0,AWAY,N/A,138,133,HOME,0.0,2025-11-25 12:38:58,0.0,0.0,0.0,0.0,0.0,0.0,0.0,0.0,0.0,0.0,0.0,,0.0,0.0,0.0,0.0,0.0,0.0,0.0,0.0,0.0,0.0,0.0,0.0,,0.0,0.0,0.0,0.0,0.0
2024-10-30_ClevelandCavaliers_LosAngelesLakers,2024-10-30,Cleveland Cavaliers,Los Angeles Lakers,50.0,50.0,0.0,0.0,0.0,0.0,AWAY,N/A,134,110,HOME,0.0,2025-11-25 12:38:58,0.0,0.0,0.0,0.0,0.0,0.0,0.0,0.0,0.0,0.0,0.0,,0.0,0.0,0.0,0.0,0.0,0.0,0.0,0.0,0.0,0.0,0.0,0.0,,0.0,0.0,0.0,0.0,0.0
2024-10-30_IndianaPacers_BostonCeltics,2024-10-30,Indiana Pacers,Boston Celtics,50.0,50.0,0.0,0.0,0.0,0.0,AWAY,N/A,135,132,HOME,0.0,2025-11-25 12:38:58,0.0,0.0,0.0,0.0,0.0,0.0,0.0,0.0,0.0,0.0,0.0,,0.0,0.0,0.0,0.0,0.0,0.0,0.0,0.0,0.0,0.0,0.0,0.0,,0.0,0.0,0.0,0.0,0.0
2024-10-30_Philadelphia76ers_DetroitPistons,2024-10-30,Philadelphia 76ers,Detroit Pistons,50.0,50.0,0.0,0.0,0.0,0.0,AWAY,N/A,95,105,AWAY,1.0,2025-11-25 12:38:58,0.0,0.0,0.0,0.0,0.0,0.0,0.0,0.0,0.0,0.0,0.0,,0.0,0.0,0.0,0.0,0.0,0.0,0.0,0.0,0.0,0.0,0.0,0.0,,0.0,0.0,0.0,0.0,0.0
2024-10-30_WashingtonWizards_AtlantaHawks,2024-10-30,Washington Wizards,Atlanta Hawks,50.0,50.0,0.0,0.0,0.0,0.0,AWAY,N/A,133,120,HOME,0.0,2025-11-25 12:38:58,0.0,0.0,0.0,0.0,0.0,0.0,0.0,0.0,0.0,0.0,0.0,,0.0,0.0,0.0,0.0,0.0,0.0,0.0,0.0,0.0,0.0,0.0,0.0,,0.0,0.0,0.0,0.0,0.0
2024-10-30_MiamiHeat_NewYorkKnicks,2024-10-30,Miami Heat,New York Knicks,50.0,50.0,0.0,0.0,0.0,0.0,AWAY,N/A,107,116,AWAY,1.0,2025-11-25 12:38:58,0.0,0.0,0.0,0.0,0.0,0.0,0.0,0.0,0.0,0.0,0.0,,0.0,0.0,0.0,0.0,0.0,0.0,0.0,0.0,0.0,0.0,0.0,0.0,,0.0,0.0,0.0,0.0,0.0
2024-10-31_ChicagoBulls_OrlandoMagic,2024-10-31,Chicago Bulls,Orlando Magic,50.0,50.0,0.0,0.0,0.0,0.0,AWAY,N/A,102,99,HOME,0.0,2025-11-25 12:38:58,0.0,0.0,0.0,0.0,0.0,0.0,0.0,0.0,0.0,0.0,0.0,,0.0,0.0,0.0,0.0,0.0,0.0,0.0,0.0,0.0,0.0,0.0,0.0,,0.0,0.0,0.0,0.0,0.0
2024-10-31_MemphisGrizzlies_BrooklynNets,2024-10-31,Memphis Grizzlies,Brooklyn Nets,50.0,50.0,0.0,0.0,0.0,0.0,AWAY,N/A,106,119,AWAY,1.0,2025-11-25 12:38:58,0.0,0.0,0.0,0.0,0.0,0.0,0.0,0.0,0.0,0.0,0.0,,0.0,0.0,0.0,0.0,0.0,0.0,0.0,0.0,0.0,0.0,0.0,0.0,,0.0,0.0,0.0,0.0,0.0
2024-10-31_OklahomaCityThunder_SanAntonioSpurs,2024-10-31,Oklahoma City Thunder,San Antonio Spurs,50.0,50.0,0.0,0.0,0.0,0.0,AWAY,N/A,105,93,HOME,0.0,2025-11-25 12:38:58,0.0,0.0,0.0,0.0,0.0,0.0,0.0,0.0,0.0,0.0,0.0,,0.0,0.0,0.0,0.0,0.0,0.0,0.0,0.0,0.0,0.0,0.0,0.0,,0.0,0.0,0.0,0.0,0.0
2024-10-31_GoldenStateWarriors_NewOrleansPelicans,2024-10-31,Golden State Warriors,New Orleans Pelicans,50.0,50.0,0.0,0.0,0.0,0.0,AWAY,N/A,104,89,HOME,0.0,2025-11-25 12:38:58,0.0,0.0,0.0,0.0,0.0,0.0,0.0,0.0,0.0,0.0,0.0,,0.0,0.0,0.0,0.0,0.0,0.0,0.0,0.0,0.0,0.0,0.0,0.0,,0.0,0.0,0.0,0.0,0.0
2024-10-31_LAClippers_PortlandTrailBlazers,2024-10-31,LA Clippers,Portland Trail Blazers,50.0,50.0,0.0,0.0,0.0,0.0,AWAY,N/A,105,106,AWAY,1.0,2025-11-25 12:38:58,0.0,0.0,0.0,0.0,0.0,0.0,0.0,0.0,0.0,0.0,0.0,,0.0,0.0,0.0,0.0,0.0,0.0,0.0,0.0,0.0,0.0,0.0,0.0,,0.0,0.0,0.0,0.0,0.0
2024-11-01_MemphisGrizzlies_MilwaukeeBucks,2024-11-01,Memphis Grizzlies,Milwaukee Bucks,50.0,50.0,0.0,0.0,0.0,0.0,AWAY,N/A,122,99,HOME,0.0,2025-11-25 12:38:58,0.0,0.0,0.0,0.0,0.0,0.0,0.0,0.0,0.0,0.0,0.0,,0.0,0.0,0.0,0.0,0.0,0.0,0.0,0.0,0.0,0.0,0.0,0.0,,0.0,0.0,0.0,0.0,0.0
2024-11-01_DallasMavericks_HoustonRockets,2024-11-01,Dallas Mavericks,Houston Rockets,50.0,50.0,0.0,0.0,0.0,0.0,AWAY,N/A,102,108,AWAY,1.0,2025-11-25 12:38:58,0.0,0.0,0.0,0.0,0.0,0.0,0.0,0.0,0.0,0.0,0.0,,0.0,0.0,0.0,0.0,0.0,0.0,0.0,0.0,0.0,0.0,0.0,0.0,,0.0,0.0,0.0,0.0,0.0
2024-11-01_UtahJazz_SanAntonioSpurs,2024-11-01,Utah Jazz,San Antonio Spurs,50.0,50.0,0.0,0.0,0.0,0.0,AWAY,N/A,88,106,AWAY,1.0,2025-11-25 12:38:58,0.0,0.0,0.0,0.0,0.0,0.0,0.0,0.0,0.0,0.0,0.0,,0.0,0.0,0.0,0.0,0.0,0.0,0.0,0.0,0.0,0.0,0.0,0.0,,0.0,0.0,0.0,0.0,0.0
2024-11-01_LAClippers_PhoenixSuns,2024-11-01,LA Clippers,Phoenix Suns,50.0,50.0,0.0,0.0,0.0,0.0,AWAY,N/A,119,125,AWAY,1.0,2025-11-25 12:38:58,0.0,0.0,0.0,0.0,0.0,0.0,0.0,0.0,0.0,0.0,0.0,,0.0,0.0,0.0,0.0,0.0,0.0,0.0,0.0,0.0,0.0,0.0,0.0,,0.0,0.0,0.0,0.0,0.0
2024-11-01_CharlotteHornets_BostonCeltics,2024-11-01,Charlotte Hornets,Boston Celtics,50.0,50.0,0.0,0.0,0.0,0.0,AWAY,N/A,109,124,AWAY,1.0,2025-11-25 12:38:58,0.0,0.0,0.0,0.0,0.0,0.0,0.0,0.0,0.0,0.0,0.0,,0.0,0.0,0.0,0.0,0.0,0.0,0.0,0.0,0.0,0.0,0.0,0.0,,0.0,0.0,0.0,0.0,0.0
2024-11-01_ClevelandCavaliers_OrlandoMagic,2024-11-01,Cleveland Cavaliers,Orlando Magic,50.0,50.0,0.0,0.0,0.0,0.0,AWAY,N/A,120,109,HOME,0.0,2025-11-25 12:38:58,0.0,0.0,0.0,0.0,0.0,0.0,0.0,0.0,0.0,0.0,0.0,,0.0,0.0,0.0,0.0,0.0,0.0,0.0,0.0,0.0,0.0,0.0,0.0,,0.0,0.0,0.0,0.0,0.0
2024-11-01_DetroitPistons_NewYorkKnicks,2024-11-01,Detroit Pistons,New York Knicks,50.0,50.0,0.0,0.0,0.0,0.0,AWAY,N/A,98,128,AWAY,1.0,2025-11-25 12:38:58,0.0,0.0,0.0,0.0,0.0,0.0,0.0,0.0,0.0,0.0,0.0,,0.0,0.0,0.0,0.0,0.0,0.0,0.0,0.0,0.0,0.0,0.0,0.0,,0.0,0.0,0.0,0.0,0.0
2024-11-01_AtlantaHawks_SacramentoKings,2024-11-01,Atlanta Hawks,Sacramento Kings,50.0,50.0,0.0,0.0,0.0,0.0,AWAY,N/A,115,123,AWAY,1.0,2025-11-25 12:38:58,0.0,0.0,0.0,0.0,0.0,0.0,0.0,0.0,0.0,0.0,0.0,,0.0,0.0,0.0,0.0,0.0,0.0,0.0,0.0,0.0,0.0,0.0,0.0,,0.0,0.0,0.0,0.0,0.0
2024-11-01_BrooklynNets_ChicagoBulls,2024-11-01,Brooklyn Nets,Chicago Bulls,50.0,50.0,0.0,0.0,0.0,0.0,AWAY,N/A,120,112,HOME,0.0,2025-11-25 12:38:58,0.0,0.0,0.0,0.0,0.0,0.0,0.0,0.0,0.0,0.0,0.0,,0.0,0.0,0.0,0.0,0.0,0.0,0.0,0.0,0.0,0.0,0.0,0.0,,0.0,0.0,0.0,0.0,0.0
2024-11-01_TorontoRaptors_LosAngelesLakers,2024-11-01,Toronto Raptors,Los Angeles Lakers,50.0,50.0,0.0,0.0,0.0,0.0,AWAY,N/A,125,131,AWAY,1.0,2025-11-25 12:38:58,0.0,0.0,0.0,0.0,0.0,0.0,0.0,0.0,0.0,0.0,0.0,,0.0,0.0,0.0,0.0,0.0,0.0,0.0,0.0,0.0,0.0,0.0,0.0,,0.0,0.0,0.0,0.0,0.0
2024-11-02_NewOrleansPelicans_IndianaPacers,2024-11-02,New Orleans Pelicans,Indiana Pacers,50.0,50.0,0.0,0.0,0.0,0.0,AWAY,N/A,125,118,HOME,0.0,2025-11-25 12:38:58,0.0,0.0,0.0,0.0,0.0,0.0,0.0,0.0,0.0,0.0,0.0,,0.0,0.0,0.0,0.0,0.0,0.0,0.0,0.0,0.0,0.0,0.0,0.0,,0.0,0.0,0.0,0.0,0.0
2024-11-02_MinnesotaTimberwolves_DenverNuggets,2024-11-02,Minnesota Timberwolves,Denver Nuggets,50.0,50.0,0.0,0.0,0.0,0.0,AWAY,N/A,119,116,HOME,0.0,2025-11-25 12:38:58,0.0,0.0,0.0,0.0,0.0,0.0,0.0,0.0,0.0,0.0,0.0,,0.0,0.0,0.0,0.0,0.0,0.0,0.0,0.0,0.0,0.0,0.0,0.0,,0.0,0.0,0.0,0.0,0.0
2024-11-02_PortlandTrailBlazers_OklahomaCityThunder,2024-11-02,Portland Trail Blazers,Oklahoma City Thunder,50.0,50.0,0.0,0.0,0.0,0.0,AWAY,N/A,114,137,AWAY,1.0,2025-11-25 12:38:58,0.0,0.0,0.0,0.0,0.0,0.0,0.0,0.0,0.0,0.0,0.0,,0.0,0.0,0.0,0.0,0.0,0.0,0.0,0.0,0.0,0.0,0.0,0.0,,0.0,0.0,0.0,0.0,0.0
2024-11-02_CharlotteHornets_BostonCeltics,2024-11-02,Charlotte Hornets,Boston Celtics,50.0,50.0,0.0,0.0,0.0,0.0,AWAY,N/A,103,113,AWAY,1.0,2025-11-25 12:38:58,0.0,0.0,0.0,0.0,0.0,0.0,0.0,0.0,0.0,0.0,0.0,,0.0,0.0,0.0,0.0,0.0,0.0,0.0,0.0,0.0,0.0,0.0,0.0,,0.0,0.0,0.0,0.0,0.0
2024-11-02_Philadelphia76ers_MemphisGrizzlies,2024-11-02,Philadelphia 76ers,Memphis Grizzlies,50.0,50.0,0.0,0.0,0.0,0.0,AWAY,N/A,107,124,AWAY,1.0,2025-11-25 12:38:58,0.0,0.0,0.0,0.0,0.0,0.0,0.0,0.0,0.0,0.0,0.0,,0.0,0.0,0.0,0.0,0.0,0.0,0.0,0.0,0.0,0.0,0.0,0.0,,0.0,0.0,0.0,0.0,0.0
2024-11-02_TorontoRaptors_SacramentoKings,2024-11-02,Toronto Raptors,Sacramento Kings,50.0,50.0,0.0,0.0,0.0,0.0,AWAY,N/A,131,128,HOME,0.0,2025-11-25 12:38:58,0.0,0.0,0.0,0.0,0.0,0.0,0.0,0.0,0.0,0.0,0.0,,0.0,0.0,0.0,0.0,0.0,0.0,0.0,0.0,0.0,0.0,0.0,0.0,,0.0,0.0,0.0,0.0,0.0
2024-11-03_HoustonRockets_GoldenStateWarriors,2024-11-03,Houston Rockets,Golden State Warriors,50.0,50.0,0.0,0.0,0.0,0.0,AWAY,N/A,121,127,AWAY,1.0,2025-11-25 12:38:58,0.0,0.0,0.0,0.0,0.0,0.0,0.0,0.0,0.0,0.0,0.0,,0.0,0.0,0.0,0.0,0.0,0.0,0.0,0.0,0.0,0.0,0.0,0.0,,0.0,0.0,0.0,0.0,0.0
2024-11-03_MilwaukeeBucks_ClevelandCavaliers,2024-11-03,Milwaukee Bucks,Cleveland Cavaliers,50.0,50.0,0.0,0.0,0.0,0.0,AWAY,N/A,113,114,AWAY,1.0,2025-11-25 12:38:58,0.0,0.0,0.0,0.0,0.0,0.0,0.0,0.0,0.0,0.0,0.0,,0.0,0.0,0.0,0.0,0.0,0.0,0.0,0.0,0.0,0.0,0.0,0.0,,0.0,0.0,0.0,0.0,0.0
2024-11-03_SanAntonioSpurs_MinnesotaTimberwolves,2024-11-03,San Antonio Spurs,Minnesota Timberwolves,50.0,50.0,0.0,0.0,0.0,0.0,AWAY,N/A,113,103,HOME,0.0,2025-11-25 12:38:58,0.0,0.0,0.0,0.0,0.0,0.0,0.0,0.0,0.0,0.0,0.0,,0.0,0.0,0.0,0.0,0.0,0.0,0.0,0.0,0.0,0.0,0.0,0.0,,0.0,0.0,0.0,0.0,0.0
2024-11-03_WashingtonWizards_MiamiHeat,2024-11-03,Washington Wizards,Miami Heat,50.0,50.0,0.0,0.0,0.0,0.0,AWAY,N/A,98,118,AWAY,1.0,2025-11-25 12:38:58,0.0,0.0,0.0,0.0,0.0,0.0,0.0,0.0,0.0,0.0,0.0,,0.0,0.0,0.0,0.0,0.0,0.0,0.0,0.0,0.0,0.0,0.0,0.0,,0.0,0.0,0.0,0.0,0.0
2024-11-03_DenverNuggets_UtahJazz,2024-11-03,Denver Nuggets,Utah Jazz,50.0,50.0,0.0,0.0,0.0,0.0,AWAY,N/A,129,103,HOME,0.0,2025-11-25 12:38:58,0.0,0.0,0.0,0.0,0.0,0.0,0.0,0.0,0.0,0.0,0.0,,0.0,0.0,0.0,0.0,0.0,0.0,0.0,0.0,0.0,0.0,0.0,0.0,,0.0,0.0,0.0,0.0,0.0
2024-11-03_PhoenixSuns_PortlandTrailBlazers,2024-11-03,Phoenix Suns,Portland Trail Blazers,50.0,50.0,0.0,0.0,0.0,0.0,AWAY,N/A,103,97,HOME,0.0,2025-11-25 12:38:58,0.0,0.0,0.0,0.0,0.0,0.0,0.0,0.0,0.0,0.0,0.0,,0.0,0.0,0.0,0.0,0.0,0.0,0.0,0.0,0.0,0.0,0.0,0.0,,0.0,0.0,0.0,0.0,0.0
2024-11-03_LAClippers_OklahomaCityThunder,2024-11-03,LA Clippers,Oklahoma City Thunder,50.0,50.0,0.0,0.0,0.0,0.0,AWAY,N/A,92,105,AWAY,1.0,2025-11-25 12:38:58,0.0,0.0,0.0,0.0,0.0,0.0,0.0,0.0,0.0,0.0,0.0,,0.0,0.0,0.0,0.0,0.0,0.0,0.0,0.0,0.0,0.0,0.0,0.0,,0.0,0.0,0.0,0.0,0.0
2024-11-03_BrooklynNets_DetroitPistons,2024-11-03,Brooklyn Nets,Detroit Pistons,50.0,50.0,0.0,0.0,0.0,0.0,AWAY,N/A,92,106,AWAY,1.0,2025-11-25 12:38:58,0.0,0.0,0.0,0.0,0.0,0.0,0.0,0.0,0.0,0.0,0.0,,0.0,0.0,0.0,0.0,0.0,0.0,0.0,0.0,0.0,0.0,0.0,0.0,,0.0,0.0,0.0,0.0,0.0
2024-11-04_NewOrleansPelicans_AtlantaHawks,2024-11-04,New Orleans Pelicans,Atlanta Hawks,50.0,50.0,0.0,0.0,0.0,0.0,AWAY,N/A,111,126,AWAY,1.0,2025-11-25 12:38:58,0.0,0.0,0.0,0.0,0.0,0.0,0.0,0.0,0.0,0.0,0.0,,0.0,0.0,0.0,0.0,0.0,0.0,0.0,0.0,0.0,0.0,0.0,0.0,,0.0,0.0,0.0,0.0,0.0
2024-11-04_DallasMavericks_OrlandoMagic,2024-11-04,Dallas Mavericks,Orlando Magic,50.0,50.0,0.0,0.0,0.0,0.0,AWAY,N/A,108,85,HOME,0.0,2025-11-25 12:38:58,0.0,0.0,0.0,0.0,0.0,0.0,0.0,0.0,0.0,0.0,0.0,,0.0,0.0,0.0,0.0,0.0,0.0,0.0,0.0,0.0,0.0,0.0,0.0,,0.0,0.0,0.0,0.0,0.0
2024-11-05_ClevelandCavaliers_MilwaukeeBucks,2024-11-05,Cleveland Cavaliers,Milwaukee Bucks,50.0,50.0,0.0,0.0,0.0,0.0,AWAY,N/A,116,114,HOME,0.0,2025-11-25 12:38:58,0.0,0.0,0.0,0.0,0.0,0.0,0.0,0.0,0.0,0.0,0.0,,0.0,0.0,0.0,0.0,0.0,0.0,0.0,0.0,0.0,0.0,0.0,0.0,,0.0,0.0,0.0,0.0,0.0
2024-11-05_WashingtonWizards_GoldenStateWarriors,2024-11-05,Washington Wizards,Golden State Warriors,50.0,50.0,0.0,0.0,0.0,0.0,AWAY,N/A,112,125,AWAY,1.0,2025-11-25 12:38:58,0.0,0.0,0.0,0.0,0.0,0.0,0.0,0.0,0.0,0.0,0.0,,0.0,0.0,0.0,0.0,0.0,0.0,0.0,0.0,0.0,0.0,0.0,0.0,,0.0,0.0,0.0,0.0,0.0
2024-11-05_DetroitPistons_LosAngelesLakers,2024-11-05,Detroit Pistons,Los Angeles Lakers,50.0,50.0,0.0,0.0,0.0,0.0,AWAY,N/A,115,103,HOME,0.0,2025-11-25 12:38:58,0.0,0.0,0.0,0.0,0.0,0.0,0.0,0.0,0.0,0.0,0.0,,0.0,0.0,0.0,0.0,0.0,0.0,0.0,0.0,0.0,0.0,0.0,0.0,,0.0,0.0,0.0,0.0,0.0
2024-11-05_AtlantaHawks_BostonCeltics,2024-11-05,Atlanta Hawks,Boston Celtics,50.0,50.0,0.0,0.0,0.0,0.0,AWAY,N/A,93,123,AWAY,1.0,2025-11-25 12:38:58,0.0,0.0,0.0,0.0,0.0,0.0,0.0,0.0,0.0,0.0,0.0,,0.0,0.0,0.0,0.0,0.0,0.0,0.0,0.0,0.0,0.0,0.0,0.0,,0.0,0.0,0.0,0.0,0.0
2024-11-05_BrooklynNets_MemphisGrizzlies,2024-11-05,Brooklyn Nets,Memphis Grizzlies,50.0,50.0,0.0,0.0,0.0,0.0,AWAY,N/A,106,104,HOME,0.0,2025-11-25 12:38:58,0.0,0.0,0.0,0.0,0.0,0.0,0.0,0.0,0.0,0.0,0.0,,0.0,0.0,0.0,0.0,0.0,0.0,0.0,0.0,0.0,0.0,0.0,0.0,,0.0,0.0,0.0,0.0,0.0
2024-11-05_MiamiHeat_SacramentoKings,2024-11-05,Miami Heat,Sacramento Kings,50.0,50.0,0.0,0.0,0.0,0.0,AWAY,N/A,110,111,AWAY,1.0,2025-11-25 12:38:58,0.0,0.0,0.0,0.0,0.0,0.0,0.0,0.0,0.0,0.0,0.0,,0.0,0.0,0.0,0.0,0.0,0.0,0.0,0.0,0.0,0.0,0.0,0.0,,0.0,0.0,0.0,0.0,0.0
2024-11-05_ChicagoBulls_UtahJazz,2024-11-05,Chicago Bulls,Utah Jazz,50.0,50.0,0.0,0.0,0.0,0.0,AWAY,N/A,126,135,AWAY,1.0,2025-11-25 12:38:58,0.0,0.0,0.0,0.0,0.0,0.0,0.0,0.0,0.0,0.0,0.0,,0.0,0.0,0.0,0.0,0.0,0.0,0.0,0.0,0.0,0.0,0.0,0.0,,0.0,0.0,0.0,0.0,0.0
2024-11-05_HoustonRockets_NewYorkKnicks,2024-11-05,Houston Rockets,New York Knicks,50.0,50.0,0.0,0.0,0.0,0.0,AWAY,N/A,109,97,HOME,0.0,2025-11-25 12:38:58,0.0,0.0,0.0,0.0,0.0,0.0,0.0,0.0,0.0,0.0,0.0,,0.0,0.0,0.0,0.0,0.0,0.0,0.0,0.0,0.0,0.0,0.0,0.0,,0.0,0.0,0.0,0.0,0.0
2024-11-05_MinnesotaTimberwolves_CharlotteHornets,2024-11-05,Minnesota Timberwolves,Charlotte Hornets,50.0,50.0,0.0,0.0,0.0,0.0,AWAY,N/A,114,93,HOME,0.0,2025-11-25 12:38:58,0.0,0.0,0.0,0.0,0.0,0.0,0.0,0.0,0.0,0.0,0.0,,0.0,0.0,0.0,0.0,0.0,0.0,0.0,0.0,0.0,0.0,0.0,0.0,,0.0,0.0,0.0,0.0,0.0
2024-11-05_OklahomaCityThunder_OrlandoMagic,2024-11-05,Oklahoma City Thunder,Orlando Magic,50.0,50.0,0.0,0.0,0.0,0.0,AWAY,N/A,102,86,HOME,0.0,2025-11-25 12:38:58,0.0,0.0,0.0,0.0,0.0,0.0,0.0,0.0,0.0,0.0,0.0,,0.0,0.0,0.0,0.0,0.0,0.0,0.0,0.0,0.0,0.0,0.0,0.0,,0.0,0.0,0.0,0.0,0.0
2024-11-05_NewOrleansPelicans_PortlandTrailBlazers,2024-11-05,New Orleans Pelicans,Portland Trail Blazers,50.0,50.0,0.0,0.0,0.0,0.0,AWAY,N/A,100,118,AWAY,1.0,2025-11-25 12:38:58,0.0,0.0,0.0,0.0,0.0,0.0,0.0,0.0,0.0,0.0,0.0,,0.0,0.0,0.0,0.0,0.0,0.0,0.0,0.0,0.0,0.0,0.0,0.0,,0.0,0.0,0.0,0.0,0.0
2024-11-05_DallasMavericks_IndianaPacers,2024-11-05,Dallas Mavericks,Indiana Pacers,50.0,50.0,0.0,0.0,0.0,0.0,AWAY,N/A,127,134,AWAY,1.0,2025-11-25 12:38:58,0.0,0.0,0.0,0.0,0.0,0.0,0.0,0.0,0.0,0.0,0.0,,0.0,0.0,0.0,0.0,0.0,0.0,0.0,0.0,0.0,0.0,0.0,0.0,,0.0,0.0,0.0,0.0,0.0
2024-11-05_DenverNuggets_TorontoRaptors,2024-11-05,Denver Nuggets,Toronto Raptors,50.0,50.0,0.0,0.0,0.0,0.0,AWAY,N/A,121,119,HOME,0.0,2025-11-25 12:38:58,0.0,0.0,0.0,0.0,0.0,0.0,0.0,0.0,0.0,0.0,0.0,,0.0,0.0,0.0,0.0,0.0,0.0,0.0,0.0,0.0,0.0,0.0,0.0,,0.0,0.0,0.0,0.0,0.0
2024-11-05_PhoenixSuns_Philadelphia76ers,2024-11-05,Phoenix Suns,Philadelphia 76ers,50.0,50.0,0.0,0.0,0.0,0.0,AWAY,N/A,118,116,HOME,0.0,2025-11-25 12:38:58,0.0,0.0,0.0,0.0,0.0,0.0,0.0,0.0,0.0,0.0,0.0,,0.0,0.0,0.0,0.0,0.0,0.0,0.0,0.0,0.0,0.0,0.0,0.0,,0.0,0.0,0.0,0.0,0.0
2024-11-05_LAClippers_SanAntonioSpurs,2024-11-05,LA Clippers,San Antonio Spurs,50.0,50.0,0.0,0.0,0.0,0.0,AWAY,N/A,113,104,HOME,0.0,2025-11-25 12:38:58,0.0,0.0,0.0,0.0,0.0,0.0,0.0,0.0,0.0,0.0,0.0,,0.0,0.0,0.0,0.0,0.0,0.0,0.0,0.0,0.0,0.0,0.0,0.0,,0.0,0.0,0.0,0.0,0.0
2024-11-07_CharlotteHornets_DetroitPistons,2024-11-07,Charlotte Hornets,Detroit Pistons,50.0,50.0,0.0,0.0,0.0,0.0,AWAY,N/A,108,107,HOME,0.0,2025-11-25 12:38:58,0.0,0.0,0.0,0.0,0.0,0.0,0.0,0.0,0.0,0.0,0.0,,0.0,0.0,0.0,0.0,0.0,0.0,0.0,0.0,0.0,0.0,0.0,0.0,,0.0,0.0,0.0,0.0,0.0
2024-11-07_IndianaPacers_OrlandoMagic,2024-11-07,Indiana Pacers,Orlando Magic,50.0,50.0,0.0,0.0,0.0,0.0,AWAY,N/A,118,111,HOME,0.0,2025-11-25 12:38:58,0.0,0.0,0.0,0.0,0.0,0.0,0.0,0.0,0.0,0.0,0.0,,0.0,0.0,0.0,0.0,0.0,0.0,0.0,0.0,0.0,0.0,0.0,0.0,,0.0,0.0,0.0,0.0,0.0
2024-11-07_AtlantaHawks_NewYorkKnicks,2024-11-07,Atlanta Hawks,New York Knicks,50.0,50.0,0.0,0.0,0.0,0.0,AWAY,N/A,121,116,HOME,0.0,2025-11-25 12:38:58,0.0,0.0,0.0,0.0,0.0,0.0,0.0,0.0,0.0,0.0,0.0,,0.0,0.0,0.0,0.0,0.0,0.0,0.0,0.0,0.0,0.0,0.0,0.0,,0.0,0.0,0.0,0.0,0.0
2024-11-07_BostonCeltics_GoldenStateWarriors,2024-11-07,Boston Celtics,Golden State Warriors,50.0,50.0,0.0,0.0,0.0,0.0,AWAY,N/A,112,118,AWAY,1.0,2025-11-25 12:38:58,0.0,0.0,0.0,0.0,0.0,0.0,0.0,0.0,0.0,0.0,0.0,,0.0,0.0,0.0,0.0,0.0,0.0,0.0,0.0,0.0,0.0,0.0,0.0,,0.0,0.0,0.0,0.0,0.0
2024-11-07_HoustonRockets_SanAntonioSpurs,2024-11-07,Houston Rockets,San Antonio Spurs,50.0,50.0,0.0,0.0,0.0,0.0,AWAY,N/A,127,100,HOME,0.0,2025-11-25 12:38:58,0.0,0.0,0.0,0.0,0.0,0.0,0.0,0.0,0.0,0.0,0.0,,0.0,0.0,0.0,0.0,0.0,0.0,0.0,0.0,0.0,0.0,0.0,0.0,,0.0,0.0,0.0,0.0,0.0
2024-11-07_MemphisGrizzlies_LosAngelesLakers,2024-11-07,Memphis Grizzlies,Los Angeles Lakers,50.0,50.0,0.0,0.0,0.0,0.0,AWAY,N/A,131,114,HOME,0.0,2025-11-25 12:38:58,0.0,0.0,0.0,0.0,0.0,0.0,0.0,0.0,0.0,0.0,0.0,,0.0,0.0,0.0,0.0,0.0,0.0,0.0,0.0,0.0,0.0,0.0,0.0,,0.0,0.0,0.0,0.0,0.0
2024-11-07_NewOrleansPelicans_ClevelandCavaliers,2024-11-07,New Orleans Pelicans,Cleveland Cavaliers,50.0,50.0,0.0,0.0,0.0,0.0,AWAY,N/A,122,131,AWAY,1.0,2025-11-25 12:38:58,0.0,0.0,0.0,0.0,0.0,0.0,0.0,0.0,0.0,0.0,0.0,,0.0,0.0,0.0,0.0,0.0,0.0,0.0,0.0,0.0,0.0,0.0,0.0,,0.0,0.0,0.0,0.0,0.0
2024-11-07_DallasMavericks_ChicagoBulls,2024-11-07,Dallas Mavericks,Chicago Bulls,50.0,50.0,0.0,0.0,0.0,0.0,AWAY,N/A,119,99,HOME,0.0,2025-11-25 12:38:58,0.0,0.0,0.0,0.0,0.0,0.0,0.0,0.0,0.0,0.0,0.0,,0.0,0.0,0.0,0.0,0.0,0.0,0.0,0.0,0.0,0.0,0.0,0.0,,0.0,0.0,0.0,0.0,0.0
2024-11-07_DenverNuggets_OklahomaCityThunder,2024-11-07,Denver Nuggets,Oklahoma City Thunder,50.0,50.0,0.0,0.0,0.0,0.0,AWAY,N/A,124,122,HOME,0.0,2025-11-25 12:38:58,0.0,0.0,0.0,0.0,0.0,0.0,0.0,0.0,0.0,0.0,0.0,,0.0,0.0,0.0,0.0,0.0,0.0,0.0,0.0,0.0,0.0,0.0,0.0,,0.0,0.0,0.0,0.0,0.0
2024-11-07_PhoenixSuns_MiamiHeat,2024-11-07,Phoenix Suns,Miami Heat,50.0,50.0,0.0,0.0,0.0,0.0,AWAY,N/A,115,112,HOME,0.0,2025-11-25 12:38:58,0.0,0.0,0.0,0.0,0.0,0.0,0.0,0.0,0.0,0.0,0.0,,0.0,0.0,0.0,0.0,0.0,0.0,0.0,0.0,0.0,0.0,0.0,0.0,,0.0,0.0,0.0,0.0,0.0
2024-11-07_LAClippers_Philadelphia76ers,2024-11-07,LA Clippers,Philadelphia 76ers,50.0,50.0,0.0,0.0,0.0,0.0,AWAY,N/A,110,98,HOME,0.0,2025-11-25 12:38:58,0.0,0.0,0.0,0.0,0.0,0.0,0.0,0.0,0.0,0.0,0.0,,0.0,0.0,0.0,0.0,0.0,0.0,0.0,0.0,0.0,0.0,0.0,0.0,,0.0,0.0,0.0,0.0,0.0
2024-11-07_SacramentoKings_TorontoRaptors,2024-11-07,Sacramento Kings,Toronto Raptors,50.0,50.0,0.0,0.0,0.0,0.0,AWAY,N/A,122,107,HOME,0.0,2025-11-25 12:38:58,0.0,0.0,0.0,0.0,0.0,0.0,0.0,0.0,0.0,0.0,0.0,,0.0,0.0,0.0,0.0,0.0,0.0,0.0,0.0,0.0,0.0,0.0,0.0,,0.0,0.0,0.0,0.0,0.0
2024-11-08_ChicagoBulls_MinnesotaTimberwolves,2024-11-08,Chicago Bulls,Minnesota Timberwolves,50.0,50.0,0.0,0.0,0.0,0.0,AWAY,N/A,119,135,AWAY,1.0,2025-11-25 12:38:58,0.0,0.0,0.0,0.0,0.0,0.0,0.0,0.0,0.0,0.0,0.0,,0.0,0.0,0.0,0.0,0.0,0.0,0.0,0.0,0.0,0.0,0.0,0.0,,0.0,0.0,0.0,0.0,0.0
2024-11-08_MilwaukeeBucks_UtahJazz,2024-11-08,Milwaukee Bucks,Utah Jazz,50.0,50.0,0.0,0.0,0.0,0.0,AWAY,N/A,123,100,HOME,0.0,2025-11-25 12:38:58,0.0,0.0,0.0,0.0,0.0,0.0,0.0,0.0,0.0,0.0,0.0,,0.0,0.0,0.0,0.0,0.0,0.0,0.0,0.0,0.0,0.0,0.0,0.0,,0.0,0.0,0.0,0.0,0.0
2024-11-08_SanAntonioSpurs_PortlandTrailBlazers,2024-11-08,San Antonio Spurs,Portland Trail Blazers,50.0,50.0,0.0,0.0,0.0,0.0,AWAY,N/A,118,105,HOME,0.0,2025-11-25 12:38:58,0.0,0.0,0.0,0.0,0.0,0.0,0.0,0.0,0.0,0.0,0.0,,0.0,0.0,0.0,0.0,0.0,0.0,0.0,0.0,0.0,0.0,0.0,0.0,,0.0,0.0,0.0,0.0,0.0
2024-11-09_CharlotteHornets_IndianaPacers,2024-11-09,Charlotte Hornets,Indiana Pacers,50.0,50.0,0.0,0.0,0.0,0.0,AWAY,N/A,103,83,HOME,0.0,2025-11-25 12:38:58,0.0,0.0,0.0,0.0,0.0,0.0,0.0,0.0,0.0,0.0,0.0,,0.0,0.0,0.0,0.0,0.0,0.0,0.0,0.0,0.0,0.0,0.0,0.0,,0.0,0.0,0.0,0.0,0.0
2024-11-09_DetroitPistons_AtlantaHawks,2024-11-09,Detroit Pistons,Atlanta Hawks,50.0,50.0,0.0,0.0,0.0,0.0,AWAY,N/A,122,121,HOME,0.0,2025-11-25 12:38:58,0.0,0.0,0.0,0.0,0.0,0.0,0.0,0.0,0.0,0.0,0.0,,0.0,0.0,0.0,0.0,0.0,0.0,0.0,0.0,0.0,0.0,0.0,0.0,,0.0,0.0,0.0,0.0,0.0
2024-11-09_OrlandoMagic_NewOrleansPelicans,2024-11-09,Orlando Magic,New Orleans Pelicans,50.0,50.0,0.0,0.0,0.0,0.0,AWAY,N/A,115,88,HOME,0.0,2025-11-25 12:38:58,0.0,0.0,0.0,0.0,0.0,0.0,0.0,0.0,0.0,0.0,0.0,,0.0,0.0,0.0,0.0,0.0,0.0,0.0,0.0,0.0,0.0,0.0,0.0,,0.0,0.0,0.0,0.0,0.0
2024-11-09_BostonCeltics_BrooklynNets,2024-11-09,Boston Celtics,Brooklyn Nets,50.0,50.0,0.0,0.0,0.0,0.0,AWAY,N/A,108,104,HOME,0.0,2025-11-25 12:38:58,0.0,0.0,0.0,0.0,0.0,0.0,0.0,0.0,0.0,0.0,0.0,,0.0,0.0,0.0,0.0,0.0,0.0,0.0,0.0,0.0,0.0,0.0,0.0,,0.0,0.0,0.0,0.0,0.0
2024-11-09_ClevelandCavaliers_GoldenStateWarriors,2024-11-09,Cleveland Cavaliers,Golden State Warriors,50.0,50.0,0.0,0.0,0.0,0.0,AWAY,N/A,136,117,HOME,0.0,2025-11-25 12:38:58,0.0,0.0,0.0,0.0,0.0,0.0,0.0,0.0,0.0,0.0,0.0,,0.0,0.0,0.0,0.0,0.0,0.0,0.0,0.0,0.0,0.0,0.0,0.0,,0.0,0.0,0.0,0.0,0.0
2024-11-09_NewYorkKnicks_MilwaukeeBucks,2024-11-09,New York Knicks,Milwaukee Bucks,50.0,50.0,0.0,0.0,0.0,0.0,AWAY,N/A,116,94,HOME,0.0,2025-11-25 12:38:58,0.0,0.0,0.0,0.0,0.0,0.0,0.0,0.0,0.0,0.0,0.0,,0.0,0.0,0.0,0.0,0.0,0.0,0.0,0.0,0.0,0.0,0.0,0.0,,0.0,0.0,0.0,0.0,0.0
2024-11-09_DallasMavericks_PhoenixSuns,2024-11-09,Dallas Mavericks,Phoenix Suns,50.0,50.0,0.0,0.0,0.0,0.0,AWAY,N/A,113,114,AWAY,1.0,2025-11-25 12:38:58,0.0,0.0,0.0,0.0,0.0,0.0,0.0,0.0,0.0,0.0,0.0,,0.0,0.0,0.0,0.0,0.0,0.0,0.0,0.0,0.0,0.0,0.0,0.0,,0.0,0.0,0.0,0.0,0.0
2024-11-09_MemphisGrizzlies_WashingtonWizards,2024-11-09,Memphis Grizzlies,Washington Wizards,50.0,50.0,0.0,0.0,0.0,0.0,AWAY,N/A,128,104,HOME,0.0,2025-11-25 12:38:58,0.0,0.0,0.0,0.0,0.0,0.0,0.0,0.0,0.0,0.0,0.0,,0.0,0.0,0.0,0.0,0.0,0.0,0.0,0.0,0.0,0.0,0.0,0.0,,0.0,0.0,0.0,0.0,0.0
2024-11-09_OklahomaCityThunder_HoustonRockets,2024-11-09,Oklahoma City Thunder,Houston Rockets,50.0,50.0,0.0,0.0,0.0,0.0,AWAY,N/A,126,107,HOME,0.0,2025-11-25 12:38:58,0.0,0.0,0.0,0.0,0.0,0.0,0.0,0.0,0.0,0.0,0.0,,0.0,0.0,0.0,0.0,0.0,0.0,0.0,0.0,0.0,0.0,0.0,0.0,,0.0,0.0,0.0,0.0,0.0
2024-11-09_MinnesotaTimberwolves_PortlandTrailBlazers,2024-11-09,Minnesota Timberwolves,Portland Trail Blazers,50.0,50.0,0.0,0.0,0.0,0.0,AWAY,N/A,127,102,HOME,0.0,2025-11-25 12:38:58,0.0,0.0,0.0,0.0,0.0,0.0,0.0,0.0,0.0,0.0,0.0,,0.0,0.0,0.0,0.0,0.0,0.0,0.0,0.0,0.0,0.0,0.0,0.0,,0.0,0.0,0.0,0.0,0.0
2024-11-09_DenverNuggets_MiamiHeat,2024-11-09,Denver Nuggets,Miami Heat,50.0,50.0,0.0,0.0,0.0,0.0,AWAY,N/A,135,122,HOME,0.0,2025-11-25 12:38:58,0.0,0.0,0.0,0.0,0.0,0.0,0.0,0.0,0.0,0.0,0.0,,0.0,0.0,0.0,0.0,0.0,0.0,0.0,0.0,0.0,0.0,0.0,0.0,,0.0,0.0,0.0,0.0,0.0
2024-11-09_LosAngelesLakers_Philadelphia76ers,2024-11-09,Los Angeles Lakers,Philadelphia 76ers,50.0,50.0,0.0,0.0,0.0,0.0,AWAY,N/A,116,106,HOME,0.0,2025-11-25 12:38:58,0.0,0.0,0.0,0.0,0.0,0.0,0.0,0.0,0.0,0.0,0.0,,0.0,0.0,0.0,0.0,0.0,0.0,0.0,0.0,0.0,0.0,0.0,0.0,,0.0,0.0,0.0,0.0,0.0
2024-11-09_SacramentoKings_LAClippers,2024-11-09,Sacramento Kings,LA Clippers,50.0,50.0,0.0,0.0,0.0,0.0,AWAY,N/A,98,107,AWAY,1.0,2025-11-25 12:38:58,0.0,0.0,0.0,0.0,0.0,0.0,0.0,0.0,0.0,0.0,0.0,,0.0,0.0,0.0,0.0,0.0,0.0,0.0,0.0,0.0,0.0,0.0,0.0,,0.0,0.0,0.0,0.0,0.0
2024-11-09_SanAntonioSpurs_UtahJazz,2024-11-09,San Antonio Spurs,Utah Jazz,50.0,50.0,0.0,0.0,0.0,0.0,AWAY,N/A,110,111,AWAY,1.0,2025-11-25 12:38:58,0.0,0.0,0.0,0.0,0.0,0.0,0.0,0.0,0.0,0.0,0.0,,0.0,0.0,0.0,0.0,0.0,0.0,0.0,0.0,0.0,0.0,0.0,0.0,,0.0,0.0,0.0,0.0,0.0
2024-11-10_AtlantaHawks_ChicagoBulls,2024-11-10,Atlanta Hawks,Chicago Bulls,50.0,50.0,0.0,0.0,0.0,0.0,AWAY,N/A,113,125,AWAY,1.0,2025-11-25 12:38:58,0.0,0.0,0.0,0.0,0.0,0.0,0.0,0.0,0.0,0.0,0.0,,0.0,0.0,0.0,0.0,0.0,0.0,0.0,0.0,0.0,0.0,0.0,0.0,,0.0,0.0,0.0,0.0,0.0
2024-11-10_ClevelandCavaliers_BrooklynNets,2024-11-10,Cleveland Cavaliers,Brooklyn Nets,50.0,50.0,0.0,0.0,0.0,0.0,AWAY,N/A,105,100,HOME,0.0,2025-11-25 12:38:58,0.0,0.0,0.0,0.0,0.0,0.0,0.0,0.0,0.0,0.0,0.0,,0.0,0.0,0.0,0.0,0.0,0.0,0.0,0.0,0.0,0.0,0.0,0.0,,0.0,0.0,0.0,0.0,0.0
2024-11-10_LAClippers_TorontoRaptors,2024-11-10,LA Clippers,Toronto Raptors,50.0,50.0,0.0,0.0,0.0,0.0,AWAY,N/A,105,103,HOME,0.0,2025-11-25 12:38:58,0.0,0.0,0.0,0.0,0.0,0.0,0.0,0.0,0.0,0.0,0.0,,0.0,0.0,0.0,0.0,0.0,0.0,0.0,0.0,0.0,0.0,0.0,0.0,,0.0,0.0,0.0,0.0,0.0
2024-11-10_DetroitPistons_HoustonRockets,2024-11-10,Detroit Pistons,Houston Rockets,50.0,50.0,0.0,0.0,0.0,0.0,AWAY,N/A,99,101,AWAY,1.0,2025-11-25 12:38:58,0.0,0.0,0.0,0.0,0.0,0.0,0.0,0.0,0.0,0.0,0.0,,0.0,0.0,0.0,0.0,0.0,0.0,0.0,0.0,0.0,0.0,0.0,0.0,,0.0,0.0,0.0,0.0,0.0
2024-11-10_MilwaukeeBucks_BostonCeltics,2024-11-10,Milwaukee Bucks,Boston Celtics,50.0,50.0,0.0,0.0,0.0,0.0,AWAY,N/A,107,113,AWAY,1.0,2025-11-25 12:38:58,0.0,0.0,0.0,0.0,0.0,0.0,0.0,0.0,0.0,0.0,0.0,,0.0,0.0,0.0,0.0,0.0,0.0,0.0,0.0,0.0,0.0,0.0,0.0,,0.0,0.0,0.0,0.0,0.0
2024-11-10_IndianaPacers_NewYorkKnicks,2024-11-10,Indiana Pacers,New York Knicks,50.0,50.0,0.0,0.0,0.0,0.0,AWAY,N/A,132,121,HOME,0.0,2025-11-25 12:38:58,0.0,0.0,0.0,0.0,0.0,0.0,0.0,0.0,0.0,0.0,0.0,,0.0,0.0,0.0,0.0,0.0,0.0,0.0,0.0,0.0,0.0,0.0,0.0,,0.0,0.0,0.0,0.0,0.0
2024-11-10_OrlandoMagic_WashingtonWizards,2024-11-10,Orlando Magic,Washington Wizards,50.0,50.0,0.0,0.0,0.0,0.0,AWAY,N/A,121,94,HOME,0.0,2025-11-25 12:38:58,0.0,0.0,0.0,0.0,0.0,0.0,0.0,0.0,0.0,0.0,0.0,,0.0,0.0,0.0,0.0,0.0,0.0,0.0,0.0,0.0,0.0,0.0,0.0,,0.0,0.0,0.0,0.0,0.0
2024-11-11_Philadelphia76ers_CharlotteHornets,2024-11-11,Philadelphia 76ers,Charlotte Hornets,50.0,50.0,0.0,0.0,0.0,0.0,AWAY,N/A,107,105,HOME,0.0,2025-11-25 12:38:58,0.0,0.0,0.0,0.0,0.0,0.0,0.0,0.0,0.0,0.0,0.0,,0.0,0.0,0.0,0.0,0.0,0.0,0.0,0.0,0.0,0.0,0.0,0.0,,0.0,0.0,0.0,0.0,0.0
2024-11-11_MinnesotaTimberwolves_MiamiHeat,2024-11-11,Minnesota Timberwolves,Miami Heat,50.0,50.0,0.0,0.0,0.0,0.0,AWAY,N/A,94,95,AWAY,1.0,2025-11-25 12:38:58,0.0,0.0,0.0,0.0,0.0,0.0,0.0,0.0,0.0,0.0,0.0,,0.0,0.0,0.0,0.0,0.0,0.0,0.0,0.0,0.0,0.0,0.0,0.0,,0.0,0.0,0.0,0.0,0.0
2024-11-11_OklahomaCityThunder_GoldenStateWarriors,2024-11-11,Oklahoma City Thunder,Golden State Warriors,50.0,50.0,0.0,0.0,0.0,0.0,AWAY,N/A,116,127,AWAY,1.0,2025-11-25 12:38:58,0.0,0.0,0.0,0.0,0.0,0.0,0.0,0.0,0.0,0.0,0.0,,0.0,0.0,0.0,0.0,0.0,0.0,0.0,0.0,0.0,0.0,0.0,0.0,,0.0,0.0,0.0,0.0,0.0
2024-11-11_DenverNuggets_DallasMavericks,2024-11-11,Denver Nuggets,Dallas Mavericks,50.0,50.0,0.0,0.0,0.0,0.0,AWAY,N/A,122,120,HOME,0.0,2025-11-25 12:38:58,0.0,0.0,0.0,0.0,0.0,0.0,0.0,0.0,0.0,0.0,0.0,,0.0,0.0,0.0,0.0,0.0,0.0,0.0,0.0,0.0,0.0,0.0,0.0,,0.0,0.0,0.0,0.0,0.0
2024-11-11_PhoenixSuns_SacramentoKings,2024-11-11,Phoenix Suns,Sacramento Kings,50.0,50.0,0.0,0.0,0.0,0.0,AWAY,N/A,118,127,AWAY,1.0,2025-11-25 12:38:58,0.0,0.0,0.0,0.0,0.0,0.0,0.0,0.0,0.0,0.0,0.0,,0.0,0.0,0.0,0.0,0.0,0.0,0.0,0.0,0.0,0.0,0.0,0.0,,0.0,0.0,0.0,0.0,0.0
2024-11-11_PortlandTrailBlazers_MemphisGrizzlies,2024-11-11,Portland Trail Blazers,Memphis Grizzlies,50.0,50.0,0.0,0.0,0.0,0.0,AWAY,N/A,89,134,AWAY,1.0,2025-11-25 12:38:58,0.0,0.0,0.0,0.0,0.0,0.0,0.0,0.0,0.0,0.0,0.0,,0.0,0.0,0.0,0.0,0.0,0.0,0.0,0.0,0.0,0.0,0.0,0.0,,0.0,0.0,0.0,0.0,0.0
2024-11-11_LosAngelesLakers_TorontoRaptors,2024-11-11,Los Angeles Lakers,Toronto Raptors,50.0,50.0,0.0,0.0,0.0,0.0,AWAY,N/A,123,103,HOME,0.0,2025-11-25 12:38:58,0.0,0.0,0.0,0.0,0.0,0.0,0.0,0.0,0.0,0.0,0.0,,0.0,0.0,0.0,0.0,0.0,0.0,0.0,0.0,0.0,0.0,0.0,0.0,,0.0,0.0,0.0,0.0,0.0
2024-11-12_ChicagoBulls_ClevelandCavaliers,2024-11-12,Chicago Bulls,Cleveland Cavaliers,50.0,50.0,0.0,0.0,0.0,0.0,AWAY,N/A,113,119,AWAY,1.0,2025-11-25 12:38:58,0.0,0.0,0.0,0.0,0.0,0.0,0.0,0.0,0.0,0.0,0.0,,0.0,0.0,0.0,0.0,0.0,0.0,0.0,0.0,0.0,0.0,0.0,0.0,,0.0,0.0,0.0,0.0,0.0
2024-11-12_HoustonRockets_WashingtonWizards,2024-11-12,Houston Rockets,Washington Wizards,50.0,50.0,0.0,0.0,0.0,0.0,AWAY,N/A,107,92,HOME,0.0,2025-11-25 12:38:58,0.0,0.0,0.0,0.0,0.0,0.0,0.0,0.0,0.0,0.0,0.0,,0.0,0.0,0.0,0.0,0.0,0.0,0.0,0.0,0.0,0.0,0.0,0.0,,0.0,0.0,0.0,0.0,0.0
2024-11-12_NewOrleansPelicans_BrooklynNets,2024-11-12,New Orleans Pelicans,Brooklyn Nets,50.0,50.0,0.0,0.0,0.0,0.0,AWAY,N/A,105,107,AWAY,1.0,2025-11-25 12:38:58,0.0,0.0,0.0,0.0,0.0,0.0,0.0,0.0,0.0,0.0,0.0,,0.0,0.0,0.0,0.0,0.0,0.0,0.0,0.0,0.0,0.0,0.0,0.0,,0.0,0.0,0.0,0.0,0.0
2024-11-12_OklahomaCityThunder_LAClippers,2024-11-12,Oklahoma City Thunder,LA Clippers,50.0,50.0,0.0,0.0,0.0,0.0,AWAY,N/A,134,128,HOME,0.0,2025-11-25 12:38:58,0.0,0.0,0.0,0.0,0.0,0.0,0.0,0.0,0.0,0.0,0.0,,0.0,0.0,0.0,0.0,0.0,0.0,0.0,0.0,0.0,0.0,0.0,0.0,,0.0,0.0,0.0,0.0,0.0
2024-11-12_SanAntonioSpurs_SacramentoKings,2024-11-12,San Antonio Spurs,Sacramento Kings,50.0,50.0,0.0,0.0,0.0,0.0,AWAY,N/A,116,96,HOME,0.0,2025-11-25 12:38:58,0.0,0.0,0.0,0.0,0.0,0.0,0.0,0.0,0.0,0.0,0.0,,0.0,0.0,0.0,0.0,0.0,0.0,0.0,0.0,0.0,0.0,0.0,0.0,,0.0,0.0,0.0,0.0,0.0
2024-11-13_BostonCeltics_AtlantaHawks,2024-11-13,Boston Celtics,Atlanta Hawks,50.0,50.0,0.0,0.0,0.0,0.0,AWAY,N/A,116,117,AWAY,1.0,2025-11-25 12:38:58,0.0,0.0,0.0,0.0,0.0,0.0,0.0,0.0,0.0,0.0,0.0,,0.0,0.0,0.0,0.0,0.0,0.0,0.0,0.0,0.0,0.0,0.0,0.0,,0.0,0.0,0.0,0.0,0.0
2024-11-13_DetroitPistons_MiamiHeat,2024-11-13,Detroit Pistons,Miami Heat,50.0,50.0,0.0,0.0,0.0,0.0,AWAY,N/A,123,121,HOME,0.0,2025-11-25 12:38:58,0.0,0.0,0.0,0.0,0.0,0.0,0.0,0.0,0.0,0.0,0.0,,0.0,0.0,0.0,0.0,0.0,0.0,0.0,0.0,0.0,0.0,0.0,0.0,,0.0,0.0,0.0,0.0,0.0
2024-11-13_OrlandoMagic_CharlotteHornets,2024-11-13,Orlando Magic,Charlotte Hornets,50.0,50.0,0.0,0.0,0.0,0.0,AWAY,N/A,114,89,HOME,0.0,2025-11-25 12:38:59,0.0,0.0,0.0,0.0,0.0,0.0,0.0,0.0,0.0,0.0,0.0,,0.0,0.0,0.0,0.0,0.0,0.0,0.0,0.0,0.0,0.0,0.0,0.0,,0.0,0.0,0.0,0.0,0.0
2024-11-13_Philadelphia76ers_NewYorkKnicks,2024-11-13,Philadelphia 76ers,New York Knicks,50.0,50.0,0.0,0.0,0.0,0.0,AWAY,N/A,99,111,AWAY,1.0,2025-11-25 12:38:59,0.0,0.0,0.0,0.0,0.0,0.0,0.0,0.0,0.0,0.0,0.0,,0.0,0.0,0.0,0.0,0.0,0.0,0.0,0.0,0.0,0.0,0.0,0.0,,0.0,0.0,0.0,0.0,0.0
2024-11-13_MilwaukeeBucks_TorontoRaptors,2024-11-13,Milwaukee Bucks,Toronto Raptors,50.0,50.0,0.0,0.0,0.0,0.0,AWAY,N/A,99,85,HOME,0.0,2025-11-25 12:38:59,0.0,0.0,0.0,0.0,0.0,0.0,0.0,0.0,0.0,0.0,0.0,,0.0,0.0,0.0,0.0,0.0,0.0,0.0,0.0,0.0,0.0,0.0,0.0,,0.0,0.0,0.0,0.0,0.0
2024-11-13_UtahJazz_PhoenixSuns,2024-11-13,Utah Jazz,Phoenix Suns,50.0,50.0,0.0,0.0,0.0,0.0,AWAY,N/A,112,120,AWAY,1.0,2025-11-25 12:38:59,0.0,0.0,0.0,0.0,0.0,0.0,0.0,0.0,0.0,0.0,0.0,,0.0,0.0,0.0,0.0,0.0,0.0,0.0,0.0,0.0,0.0,0.0,0.0,,0.0,0.0,0.0,0.0,0.0
2024-11-13_GoldenStateWarriors_DallasMavericks,2024-11-13,Golden State Warriors,Dallas Mavericks,50.0,50.0,0.0,0.0,0.0,0.0,AWAY,N/A,120,117,HOME,0.0,2025-11-25 12:38:59,0.0,0.0,0.0,0.0,0.0,0.0,0.0,0.0,0.0,0.0,0.0,,0.0,0.0,0.0,0.0,0.0,0.0,0.0,0.0,0.0,0.0,0.0,0.0,,0.0,0.0,0.0,0.0,0.0
2024-11-13_PortlandTrailBlazers_MinnesotaTimberwolves,2024-11-13,Portland Trail Blazers,Minnesota Timberwolves,50.0,50.0,0.0,0.0,0.0,0.0,AWAY,N/A,122,108,HOME,0.0,2025-11-25 12:38:59,0.0,0.0,0.0,0.0,0.0,0.0,0.0,0.0,0.0,0.0,0.0,,0.0,0.0,0.0,0.0,0.0,0.0,0.0,0.0,0.0,0.0,0.0,0.0,,0.0,0.0,0.0,0.0,0.0
2024-11-14_OrlandoMagic_IndianaPacers,2024-11-14,Orlando Magic,Indiana Pacers,50.0,50.0,0.0,0.0,0.0,0.0,AWAY,N/A,94,90,HOME,0.0,2025-11-25 12:38:59,0.0,0.0,0.0,0.0,0.0,0.0,0.0,0.0,0.0,0.0,0.0,,0.0,0.0,0.0,0.0,0.0,0.0,0.0,0.0,0.0,0.0,0.0,0.0,,0.0,0.0,0.0,0.0,0.0
2024-11-14_BrooklynNets_BostonCeltics,2024-11-14,Brooklyn Nets,Boston Celtics,50.0,50.0,0.0,0.0,0.0,0.0,AWAY,N/A,114,139,AWAY,1.0,2025-11-25 12:38:59,0.0,0.0,0.0,0.0,0.0,0.0,0.0,0.0,0.0,0.0,0.0,,0.0,0.0,0.0,0.0,0.0,0.0,0.0,0.0,0.0,0.0,0.0,0.0,,0.0,0.0,0.0,0.0,0.0
2024-11-14_NewYorkKnicks_ChicagoBulls,2024-11-14,New York Knicks,Chicago Bulls,50.0,50.0,0.0,0.0,0.0,0.0,AWAY,N/A,123,124,AWAY,1.0,2025-11-25 12:38:59,0.0,0.0,0.0,0.0,0.0,0.0,0.0,0.0,0.0,0.0,0.0,,0.0,0.0,0.0,0.0,0.0,0.0,0.0,0.0,0.0,0.0,0.0,0.0,,0.0,0.0,0.0,0.0,0.0
2024-11-14_Philadelphia76ers_ClevelandCavaliers,2024-11-14,Philadelphia 76ers,Cleveland Cavaliers,50.0,50.0,0.0,0.0,0.0,0.0,AWAY,N/A,106,114,AWAY,1.0,2025-11-25 12:38:59,0.0,0.0,0.0,0.0,0.0,0.0,0.0,0.0,0.0,0.0,0.0,,0.0,0.0,0.0,0.0,0.0,0.0,0.0,0.0,0.0,0.0,0.0,0.0,,0.0,0.0,0.0,0.0,0.0
2024-11-14_OklahomaCityThunder_NewOrleansPelicans,2024-11-14,Oklahoma City Thunder,New Orleans Pelicans,50.0,50.0,0.0,0.0,0.0,0.0,AWAY,N/A,106,88,HOME,0.0,2025-11-25 12:38:59,0.0,0.0,0.0,0.0,0.0,0.0,0.0,0.0,0.0,0.0,0.0,,0.0,0.0,0.0,0.0,0.0,0.0,0.0,0.0,0.0,0.0,0.0,0.0,,0.0,0.0,0.0,0.0,0.0
2024-11-14_HoustonRockets_LAClippers,2024-11-14,Houston Rockets,LA Clippers,50.0,50.0,0.0,0.0,0.0,0.0,AWAY,N/A,111,103,HOME,0.0,2025-11-25 12:38:59,0.0,0.0,0.0,0.0,0.0,0.0,0.0,0.0,0.0,0.0,0.0,,0.0,0.0,0.0,0.0,0.0,0.0,0.0,0.0,0.0,0.0,0.0,0.0,,0.0,0.0,0.0,0.0,0.0
2024-11-14_MilwaukeeBucks_DetroitPistons,2024-11-14,Milwaukee Bucks,Detroit Pistons,50.0,50.0,0.0,0.0,0.0,0.0,AWAY,N/A,127,120,HOME,0.0,2025-11-25 12:38:59,0.0,0.0,0.0,0.0,0.0,0.0,0.0,0.0,0.0,0.0,0.0,,0.0,0.0,0.0,0.0,0.0,0.0,0.0,0.0,0.0,0.0,0.0,0.0,,0.0,0.0,0.0,0.0,0.0
2024-11-14_SanAntonioSpurs_WashingtonWizards,2024-11-14,San Antonio Spurs,Washington Wizards,50.0,50.0,0.0,0.0,0.0,0.0,AWAY,N/A,139,130,HOME,0.0,2025-11-25 12:38:59,0.0,0.0,0.0,0.0,0.0,0.0,0.0,0.0,0.0,0.0,0.0,,0.0,0.0,0.0,0.0,0.0,0.0,0.0,0.0,0.0,0.0,0.0,0.0,,0.0,0.0,0.0,0.0,0.0
2024-11-14_LosAngelesLakers_MemphisGrizzlies,2024-11-14,Los Angeles Lakers,Memphis Grizzlies,50.0,50.0,0.0,0.0,0.0,0.0,AWAY,N/A,128,123,HOME,0.0,2025-11-25 12:38:59,0.0,0.0,0.0,0.0,0.0,0.0,0.0,0.0,0.0,0.0,0.0,,0.0,0.0,0.0,0.0,0.0,0.0,0.0,0.0,0.0,0.0,0.0,0.0,,0.0,0.0,0.0,0.0,0.0
2024-11-14_PortlandTrailBlazers_MinnesotaTimberwolves,2024-11-14,Portland Trail Blazers,Minnesota Timberwolves,50.0,50.0,0.0,0.0,0.0,0.0,AWAY,N/A,106,98,HOME,0.0,2025-11-25 12:38:59,0.0,0.0,0.0,0.0,0.0,0.0,0.0,0.0,0.0,0.0,0.0,,0.0,0.0,0.0,0.0,0.0,0.0,0.0,0.0,0.0,0.0,0.0,0.0,,0.0,0.0,0.0,0.0,0.0
2024-11-14_SacramentoKings_PhoenixSuns,2024-11-14,Sacramento Kings,Phoenix Suns,50.0,50.0,0.0,0.0,0.0,0.0,AWAY,N/A,127,104,HOME,0.0,2025-11-25 12:38:59,0.0,0.0,0.0,0.0,0.0,0.0,0.0,0.0,0.0,0.0,0.0,,0.0,0.0,0.0,0.0,0.0,0.0,0.0,0.0,0.0,0.0,0.0,0.0,,0.0,0.0,0.0,0.0,0.0
2024-11-15_UtahJazz_DallasMavericks,2024-11-15,Utah Jazz,Dallas Mavericks,50.0,50.0,0.0,0.0,0.0,0.0,AWAY,N/A,115,113,HOME,0.0,2025-11-25 12:38:59,0.0,0.0,0.0,0.0,0.0,0.0,0.0,0.0,0.0,0.0,0.0,,0.0,0.0,0.0,0.0,0.0,0.0,0.0,0.0,0.0,0.0,0.0,0.0,,0.0,0.0,0.0,0.0,0.0
2024-11-16_IndianaPacers_MiamiHeat,2024-11-16,Indiana Pacers,Miami Heat,50.0,50.0,0.0,0.0,0.0,0.0,AWAY,N/A,111,124,AWAY,1.0,2025-11-25 12:38:59,0.0,0.0,0.0,0.0,0.0,0.0,0.0,0.0,0.0,0.0,0.0,,0.0,0.0,0.0,0.0,0.0,0.0,0.0,0.0,0.0,0.0,0.0,0.0,,0.0,0.0,0.0,0.0,0.0
2024-11-16_OrlandoMagic_Philadelphia76ers,2024-11-16,Orlando Magic,Philadelphia 76ers,50.0,50.0,0.0,0.0,0.0,0.0,AWAY,N/A,98,86,HOME,0.0,2025-11-25 12:38:59,0.0,0.0,0.0,0.0,0.0,0.0,0.0,0.0,0.0,0.0,0.0,,0.0,0.0,0.0,0.0,0.0,0.0,0.0,0.0,0.0,0.0,0.0,0.0,,0.0,0.0,0.0,0.0,0.0
2024-11-16_TorontoRaptors_DetroitPistons,2024-11-16,Toronto Raptors,Detroit Pistons,50.0,50.0,0.0,0.0,0.0,0.0,AWAY,N/A,95,99,AWAY,1.0,2025-11-25 12:38:59,0.0,0.0,0.0,0.0,0.0,0.0,0.0,0.0,0.0,0.0,0.0,,0.0,0.0,0.0,0.0,0.0,0.0,0.0,0.0,0.0,0.0,0.0,0.0,,0.0,0.0,0.0,0.0,0.0
2024-11-16_AtlantaHawks_WashingtonWizards,2024-11-16,Atlanta Hawks,Washington Wizards,50.0,50.0,0.0,0.0,0.0,0.0,AWAY,N/A,129,117,HOME,0.0,2025-11-25 12:38:59,0.0,0.0,0.0,0.0,0.0,0.0,0.0,0.0,0.0,0.0,0.0,,0.0,0.0,0.0,0.0,0.0,0.0,0.0,0.0,0.0,0.0,0.0,0.0,,0.0,0.0,0.0,0.0,0.0
2024-11-16_ClevelandCavaliers_ChicagoBulls,2024-11-16,Cleveland Cavaliers,Chicago Bulls,50.0,50.0,0.0,0.0,0.0,0.0,AWAY,N/A,144,126,HOME,0.0,2025-11-25 12:38:59,0.0,0.0,0.0,0.0,0.0,0.0,0.0,0.0,0.0,0.0,0.0,,0.0,0.0,0.0,0.0,0.0,0.0,0.0,0.0,0.0,0.0,0.0,0.0,,0.0,0.0,0.0,0.0,0.0
2024-11-16_NewYorkKnicks_BrooklynNets,2024-11-16,New York Knicks,Brooklyn Nets,50.0,50.0,0.0,0.0,0.0,0.0,AWAY,N/A,124,122,HOME,0.0,2025-11-25 12:38:59,0.0,0.0,0.0,0.0,0.0,0.0,0.0,0.0,0.0,0.0,0.0,,0.0,0.0,0.0,0.0,0.0,0.0,0.0,0.0,0.0,0.0,0.0,0.0,,0.0,0.0,0.0,0.0,0.0
2024-11-16_SanAntonioSpurs_LosAngelesLakers,2024-11-16,San Antonio Spurs,Los Angeles Lakers,50.0,50.0,0.0,0.0,0.0,0.0,AWAY,N/A,115,120,AWAY,1.0,2025-11-25 12:38:59,0.0,0.0,0.0,0.0,0.0,0.0,0.0,0.0,0.0,0.0,0.0,,0.0,0.0,0.0,0.0,0.0,0.0,0.0,0.0,0.0,0.0,0.0,0.0,,0.0,0.0,0.0,0.0,0.0
2024-11-16_HoustonRockets_LAClippers,2024-11-16,Houston Rockets,LA Clippers,50.0,50.0,0.0,0.0,0.0,0.0,AWAY,N/A,125,104,HOME,0.0,2025-11-25 12:38:59,0.0,0.0,0.0,0.0,0.0,0.0,0.0,0.0,0.0,0.0,0.0,,0.0,0.0,0.0,0.0,0.0,0.0,0.0,0.0,0.0,0.0,0.0,0.0,,0.0,0.0,0.0,0.0,0.0
2024-11-16_NewOrleansPelicans_DenverNuggets,2024-11-16,New Orleans Pelicans,Denver Nuggets,50.0,50.0,0.0,0.0,0.0,0.0,AWAY,N/A,101,94,HOME,0.0,2025-11-25 12:38:59,0.0,0.0,0.0,0.0,0.0,0.0,0.0,0.0,0.0,0.0,0.0,,0.0,0.0,0.0,0.0,0.0,0.0,0.0,0.0,0.0,0.0,0.0,0.0,,0.0,0.0,0.0,0.0,0.0
2024-11-16_OklahomaCityThunder_PhoenixSuns,2024-11-16,Oklahoma City Thunder,Phoenix Suns,50.0,50.0,0.0,0.0,0.0,0.0,AWAY,N/A,99,83,HOME,0.0,2025-11-25 12:38:59,0.0,0.0,0.0,0.0,0.0,0.0,0.0,0.0,0.0,0.0,0.0,,0.0,0.0,0.0,0.0,0.0,0.0,0.0,0.0,0.0,0.0,0.0,0.0,,0.0,0.0,0.0,0.0,0.0
2024-11-16_GoldenStateWarriors_MemphisGrizzlies,2024-11-16,Golden State Warriors,Memphis Grizzlies,50.0,50.0,0.0,0.0,0.0,0.0,AWAY,N/A,123,118,HOME,0.0,2025-11-25 12:38:59,0.0,0.0,0.0,0.0,0.0,0.0,0.0,0.0,0.0,0.0,0.0,,0.0,0.0,0.0,0.0,0.0,0.0,0.0,0.0,0.0,0.0,0.0,0.0,,0.0,0.0,0.0,0.0,0.0
2024-11-16_SacramentoKings_MinnesotaTimberwolves,2024-11-16,Sacramento Kings,Minnesota Timberwolves,50.0,50.0,0.0,0.0,0.0,0.0,AWAY,N/A,126,130,AWAY,1.0,2025-11-25 12:38:59,0.0,0.0,0.0,0.0,0.0,0.0,0.0,0.0,0.0,0.0,0.0,,0.0,0.0,0.0,0.0,0.0,0.0,0.0,0.0,0.0,0.0,0.0,0.0,,0.0,0.0,0.0,0.0,0.0
2024-11-16_CharlotteHornets_MilwaukeeBucks,2024-11-16,Charlotte Hornets,Milwaukee Bucks,50.0,50.0,0.0,0.0,0.0,0.0,AWAY,N/A,115,114,HOME,0.0,2025-11-25 12:38:59,0.0,0.0,0.0,0.0,0.0,0.0,0.0,0.0,0.0,0.0,0.0,,0.0,0.0,0.0,0.0,0.0,0.0,0.0,0.0,0.0,0.0,0.0,0.0,,0.0,0.0,0.0,0.0,0.0
2024-11-17_BostonCeltics_TorontoRaptors,2024-11-17,Boston Celtics,Toronto Raptors,50.0,50.0,0.0,0.0,0.0,0.0,AWAY,N/A,126,123,HOME,0.0,2025-11-25 12:38:59,0.0,0.0,0.0,0.0,0.0,0.0,0.0,0.0,0.0,0.0,0.0,,0.0,0.0,0.0,0.0,0.0,0.0,0.0,0.0,0.0,0.0,0.0,0.0,,0.0,0.0,0.0,0.0,0.0
2024-11-17_NewOrleansPelicans_LosAngelesLakers,2024-11-17,New Orleans Pelicans,Los Angeles Lakers,50.0,50.0,0.0,0.0,0.0,0.0,AWAY,N/A,99,104,AWAY,1.0,2025-11-25 12:38:59,0.0,0.0,0.0,0.0,0.0,0.0,0.0,0.0,0.0,0.0,0.0,,0.0,0.0,0.0,0.0,0.0,0.0,0.0,0.0,0.0,0.0,0.0,0.0,,0.0,0.0,0.0,0.0,0.0
2024-11-17_DallasMavericks_SanAntonioSpurs,2024-11-17,Dallas Mavericks,San Antonio Spurs,50.0,50.0,0.0,0.0,0.0,0.0,AWAY,N/A,110,93,HOME,0.0,2025-11-25 12:38:59,0.0,0.0,0.0,0.0,0.0,0.0,0.0,0.0,0.0,0.0,0.0,,0.0,0.0,0.0,0.0,0.0,0.0,0.0,0.0,0.0,0.0,0.0,0.0,,0.0,0.0,0.0,0.0,0.0
2024-11-17_SacramentoKings_UtahJazz,2024-11-17,Sacramento Kings,Utah Jazz,50.0,50.0,0.0,0.0,0.0,0.0,AWAY,N/A,121,117,HOME,0.0,2025-11-25 12:38:59,0.0,0.0,0.0,0.0,0.0,0.0,0.0,0.0,0.0,0.0,0.0,,0.0,0.0,0.0,0.0,0.0,0.0,0.0,0.0,0.0,0.0,0.0,0.0,,0.0,0.0,0.0,0.0,0.0
2024-11-17_MinnesotaTimberwolves_PhoenixSuns,2024-11-17,Minnesota Timberwolves,Phoenix Suns,50.0,50.0,0.0,0.0,0.0,0.0,AWAY,N/A,120,117,HOME,0.0,2025-11-25 12:38:59,0.0,0.0,0.0,0.0,0.0,0.0,0.0,0.0,0.0,0.0,0.0,,0.0,0.0,0.0,0.0,0.0,0.0,0.0,0.0,0.0,0.0,0.0,0.0,,0.0,0.0,0.0,0.0,0.0
2024-11-17_IndianaPacers_MiamiHeat,2024-11-17,Indiana Pacers,Miami Heat,50.0,50.0,0.0,0.0,0.0,0.0,AWAY,N/A,119,110,HOME,0.0,2025-11-25 12:38:59,0.0,0.0,0.0,0.0,0.0,0.0,0.0,0.0,0.0,0.0,0.0,,0.0,0.0,0.0,0.0,0.0,0.0,0.0,0.0,0.0,0.0,0.0,0.0,,0.0,0.0,0.0,0.0,0.0
2024-11-17_ClevelandCavaliers_CharlotteHornets,2024-11-17,Cleveland Cavaliers,Charlotte Hornets,50.0,50.0,0.0,0.0,0.0,0.0,AWAY,N/A,128,114,HOME,0.0,2025-11-25 12:38:59,0.0,0.0,0.0,0.0,0.0,0.0,0.0,0.0,0.0,0.0,0.0,,0.0,0.0,0.0,0.0,0.0,0.0,0.0,0.0,0.0,0.0,0.0,0.0,,0.0,0.0,0.0,0.0,0.0
2024-11-17_WashingtonWizards_DetroitPistons,2024-11-17,Washington Wizards,Detroit Pistons,50.0,50.0,0.0,0.0,0.0,0.0,AWAY,N/A,104,124,AWAY,1.0,2025-11-25 12:38:59,0.0,0.0,0.0,0.0,0.0,0.0,0.0,0.0,0.0,0.0,0.0,,0.0,0.0,0.0,0.0,0.0,0.0,0.0,0.0,0.0,0.0,0.0,0.0,,0.0,0.0,0.0,0.0,0.0
2024-11-17_MemphisGrizzlies_DenverNuggets,2024-11-17,Memphis Grizzlies,Denver Nuggets,50.0,50.0,0.0,0.0,0.0,0.0,AWAY,N/A,105,90,HOME,0.0,2025-11-25 12:38:59,0.0,0.0,0.0,0.0,0.0,0.0,0.0,0.0,0.0,0.0,0.0,,0.0,0.0,0.0,0.0,0.0,0.0,0.0,0.0,0.0,0.0,0.0,0.0,,0.0,0.0,0.0,0.0,0.0
2024-11-17_PortlandTrailBlazers_AtlantaHawks,2024-11-17,Portland Trail Blazers,Atlanta Hawks,50.0,50.0,0.0,0.0,0.0,0.0,AWAY,N/A,114,110,HOME,0.0,2025-11-25 12:38:59,0.0,0.0,0.0,0.0,0.0,0.0,0.0,0.0,0.0,0.0,0.0,,0.0,0.0,0.0,0.0,0.0,0.0,0.0,0.0,0.0,0.0,0.0,0.0,,0.0,0.0,0.0,0.0,0.0
2024-11-18_NewYorkKnicks_BrooklynNets,2024-11-18,New York Knicks,Brooklyn Nets,50.0,50.0,0.0,0.0,0.0,0.0,AWAY,N/A,114,104,HOME,0.0,2025-11-25 12:38:59,0.0,0.0,0.0,0.0,0.0,0.0,0.0,0.0,0.0,0.0,0.0,,0.0,0.0,0.0,0.0,0.0,0.0,0.0,0.0,0.0,0.0,0.0,0.0,,0.0,0.0,0.0,0.0,0.0
2024-11-18_ChicagoBulls_HoustonRockets,2024-11-18,Chicago Bulls,Houston Rockets,50.0,50.0,0.0,0.0,0.0,0.0,AWAY,N/A,107,143,AWAY,1.0,2025-11-25 12:38:59,0.0,0.0,0.0,0.0,0.0,0.0,0.0,0.0,0.0,0.0,0.0,,0.0,0.0,0.0,0.0,0.0,0.0,0.0,0.0,0.0,0.0,0.0,0.0,,0.0,0.0,0.0,0.0,0.0
2024-11-18_OklahomaCityThunder_DallasMavericks,2024-11-18,Oklahoma City Thunder,Dallas Mavericks,50.0,50.0,0.0,0.0,0.0,0.0,AWAY,N/A,119,121,AWAY,1.0,2025-11-25 12:38:59,0.0,0.0,0.0,0.0,0.0,0.0,0.0,0.0,0.0,0.0,0.0,,0.0,0.0,0.0,0.0,0.0,0.0,0.0,0.0,0.0,0.0,0.0,0.0,,0.0,0.0,0.0,0.0,0.0
2024-11-18_LAClippers_UtahJazz,2024-11-18,LA Clippers,Utah Jazz,50.0,50.0,0.0,0.0,0.0,0.0,AWAY,N/A,116,105,HOME,0.0,2025-11-25 12:38:59,0.0,0.0,0.0,0.0,0.0,0.0,0.0,0.0,0.0,0.0,0.0,,0.0,0.0,0.0,0.0,0.0,0.0,0.0,0.0,0.0,0.0,0.0,0.0,,0.0,0.0,0.0,0.0,0.0
2024-11-19_DetroitPistons_ChicagoBulls,2024-11-19,Detroit Pistons,Chicago Bulls,50.0,50.0,0.0,0.0,0.0,0.0,AWAY,N/A,112,122,AWAY,1.0,2025-11-25 12:38:59,0.0,0.0,0.0,0.0,0.0,0.0,0.0,0.0,0.0,0.0,0.0,,0.0,0.0,0.0,0.0,0.0,0.0,0.0,0.0,0.0,0.0,0.0,0.0,,0.0,0.0,0.0,0.0,0.0
2024-11-19_MiamiHeat_Philadelphia76ers,2024-11-19,Miami Heat,Philadelphia 76ers,50.0,50.0,0.0,0.0,0.0,0.0,AWAY,N/A,106,89,HOME,0.0,2025-11-25 12:38:59,0.0,0.0,0.0,0.0,0.0,0.0,0.0,0.0,0.0,0.0,0.0,,0.0,0.0,0.0,0.0,0.0,0.0,0.0,0.0,0.0,0.0,0.0,0.0,,0.0,0.0,0.0,0.0,0.0
2024-11-19_NewYorkKnicks_WashingtonWizards,2024-11-19,New York Knicks,Washington Wizards,50.0,50.0,0.0,0.0,0.0,0.0,AWAY,N/A,134,106,HOME,0.0,2025-11-25 12:38:59,0.0,0.0,0.0,0.0,0.0,0.0,0.0,0.0,0.0,0.0,0.0,,0.0,0.0,0.0,0.0,0.0,0.0,0.0,0.0,0.0,0.0,0.0,0.0,,0.0,0.0,0.0,0.0,0.0
2024-11-19_TorontoRaptors_IndianaPacers,2024-11-19,Toronto Raptors,Indiana Pacers,50.0,50.0,0.0,0.0,0.0,0.0,AWAY,N/A,130,119,HOME,0.0,2025-11-25 12:38:59,0.0,0.0,0.0,0.0,0.0,0.0,0.0,0.0,0.0,0.0,0.0,,0.0,0.0,0.0,0.0,0.0,0.0,0.0,0.0,0.0,0.0,0.0,0.0,,0.0,0.0,0.0,0.0,0.0
2024-11-19_MilwaukeeBucks_HoustonRockets,2024-11-19,Milwaukee Bucks,Houston Rockets,50.0,50.0,0.0,0.0,0.0,0.0,AWAY,N/A,101,100,HOME,0.0,2025-11-25 12:38:59,0.0,0.0,0.0,0.0,0.0,0.0,0.0,0.0,0.0,0.0,0.0,,0.0,0.0,0.0,0.0,0.0,0.0,0.0,0.0,0.0,0.0,0.0,0.0,,0.0,0.0,0.0,0.0,0.0
2024-11-19_PhoenixSuns_OrlandoMagic,2024-11-19,Phoenix Suns,Orlando Magic,50.0,50.0,0.0,0.0,0.0,0.0,AWAY,N/A,99,109,AWAY,1.0,2025-11-25 12:38:59,0.0,0.0,0.0,0.0,0.0,0.0,0.0,0.0,0.0,0.0,0.0,,0.0,0.0,0.0,0.0,0.0,0.0,0.0,0.0,0.0,0.0,0.0,0.0,,0.0,0.0,0.0,0.0,0.0
2024-11-19_SacramentoKings_AtlantaHawks,2024-11-19,Sacramento Kings,Atlanta Hawks,50.0,50.0,0.0,0.0,0.0,0.0,AWAY,N/A,108,109,AWAY,1.0,2025-11-25 12:38:59,0.0,0.0,0.0,0.0,0.0,0.0,0.0,0.0,0.0,0.0,0.0,,0.0,0.0,0.0,0.0,0.0,0.0,0.0,0.0,0.0,0.0,0.0,0.0,,0.0,0.0,0.0,0.0,0.0
2024-11-19_LAClippers_GoldenStateWarriors,2024-11-19,LA Clippers,Golden State Warriors,50.0,50.0,0.0,0.0,0.0,0.0,AWAY,N/A,102,99,HOME,0.0,2025-11-25 12:38:59,0.0,0.0,0.0,0.0,0.0,0.0,0.0,0.0,0.0,0.0,0.0,,0.0,0.0,0.0,0.0,0.0,0.0,0.0,0.0,0.0,0.0,0.0,0.0,,0.0,0.0,0.0,0.0,0.0
2024-11-20_BostonCeltics_ClevelandCavaliers,2024-11-20,Boston Celtics,Cleveland Cavaliers,50.0,50.0,0.0,0.0,0.0,0.0,AWAY,N/A,120,117,HOME,0.0,2025-11-25 12:38:59,0.0,0.0,0.0,0.0,0.0,0.0,0.0,0.0,0.0,0.0,0.0,,0.0,0.0,0.0,0.0,0.0,0.0,0.0,0.0,0.0,0.0,0.0,0.0,,0.0,0.0,0.0,0.0,0.0
2024-11-20_BrooklynNets_CharlotteHornets,2024-11-20,Brooklyn Nets,Charlotte Hornets,50.0,50.0,0.0,0.0,0.0,0.0,AWAY,N/A,116,115,HOME,0.0,2025-11-25 12:38:59,0.0,0.0,0.0,0.0,0.0,0.0,0.0,0.0,0.0,0.0,0.0,,0.0,0.0,0.0,0.0,0.0,0.0,0.0,0.0,0.0,0.0,0.0,0.0,,0.0,0.0,0.0,0.0,0.0
2024-11-20_MemphisGrizzlies_DenverNuggets,2024-11-20,Memphis Grizzlies,Denver Nuggets,50.0,50.0,0.0,0.0,0.0,0.0,AWAY,N/A,110,122,AWAY,1.0,2025-11-25 12:38:59,0.0,0.0,0.0,0.0,0.0,0.0,0.0,0.0,0.0,0.0,0.0,,0.0,0.0,0.0,0.0,0.0,0.0,0.0,0.0,0.0,0.0,0.0,0.0,,0.0,0.0,0.0,0.0,0.0
2024-11-20_DallasMavericks_NewOrleansPelicans,2024-11-20,Dallas Mavericks,New Orleans Pelicans,50.0,50.0,0.0,0.0,0.0,0.0,AWAY,N/A,132,91,HOME,0.0,2025-11-25 12:38:59,0.0,0.0,0.0,0.0,0.0,0.0,0.0,0.0,0.0,0.0,0.0,,0.0,0.0,0.0,0.0,0.0,0.0,0.0,0.0,0.0,0.0,0.0,0.0,,0.0,0.0,0.0,0.0,0.0
2024-11-20_SanAntonioSpurs_OklahomaCityThunder,2024-11-20,San Antonio Spurs,Oklahoma City Thunder,50.0,50.0,0.0,0.0,0.0,0.0,AWAY,N/A,110,104,HOME,0.0,2025-11-25 12:38:59,0.0,0.0,0.0,0.0,0.0,0.0,0.0,0.0,0.0,0.0,0.0,,0.0,0.0,0.0,0.0,0.0,0.0,0.0,0.0,0.0,0.0,0.0,0.0,,0.0,0.0,0.0,0.0,0.0
2024-11-20_LosAngelesLakers_UtahJazz,2024-11-20,Los Angeles Lakers,Utah Jazz,50.0,50.0,0.0,0.0,0.0,0.0,AWAY,N/A,124,118,HOME,0.0,2025-11-25 12:38:59,0.0,0.0,0.0,0.0,0.0,0.0,0.0,0.0,0.0,0.0,0.0,,0.0,0.0,0.0,0.0,0.0,0.0,0.0,0.0,0.0,0.0,0.0,0.0,,0.0,0.0,0.0,0.0,0.0
2024-11-21_ClevelandCavaliers_NewOrleansPelicans,2024-11-21,Cleveland Cavaliers,New Orleans Pelicans,50.0,50.0,0.0,0.0,0.0,0.0,AWAY,N/A,128,100,HOME,0.0,2025-11-25 12:38:59,0.0,0.0,0.0,0.0,0.0,0.0,0.0,0.0,0.0,0.0,0.0,,0.0,0.0,0.0,0.0,0.0,0.0,0.0,0.0,0.0,0.0,0.0,0.0,,0.0,0.0,0.0,0.0,0.0
2024-11-21_MilwaukeeBucks_ChicagoBulls,2024-11-21,Milwaukee Bucks,Chicago Bulls,50.0,50.0,0.0,0.0,0.0,0.0,AWAY,N/A,122,106,HOME,0.0,2025-11-25 12:38:59,0.0,0.0,0.0,0.0,0.0,0.0,0.0,0.0,0.0,0.0,0.0,,0.0,0.0,0.0,0.0,0.0,0.0,0.0,0.0,0.0,0.0,0.0,0.0,,0.0,0.0,0.0,0.0,0.0
2024-11-21_HoustonRockets_IndianaPacers,2024-11-21,Houston Rockets,Indiana Pacers,50.0,50.0,0.0,0.0,0.0,0.0,AWAY,N/A,130,113,HOME,0.0,2025-11-25 12:38:59,0.0,0.0,0.0,0.0,0.0,0.0,0.0,0.0,0.0,0.0,0.0,,0.0,0.0,0.0,0.0,0.0,0.0,0.0,0.0,0.0,0.0,0.0,0.0,,0.0,0.0,0.0,0.0,0.0
2024-11-21_MemphisGrizzlies_Philadelphia76ers,2024-11-21,Memphis Grizzlies,Philadelphia 76ers,50.0,50.0,0.0,0.0,0.0,0.0,AWAY,N/A,117,111,HOME,0.0,2025-11-25 12:38:59,0.0,0.0,0.0,0.0,0.0,0.0,0.0,0.0,0.0,0.0,0.0,,0.0,0.0,0.0,0.0,0.0,0.0,0.0,0.0,0.0,0.0,0.0,0.0,,0.0,0.0,0.0,0.0,0.0
2024-11-21_OklahomaCityThunder_PortlandTrailBlazers,2024-11-21,Oklahoma City Thunder,Portland Trail Blazers,50.0,50.0,0.0,0.0,0.0,0.0,AWAY,N/A,109,99,HOME,0.0,2025-11-25 12:38:59,0.0,0.0,0.0,0.0,0.0,0.0,0.0,0.0,0.0,0.0,0.0,,0.0,0.0,0.0,0.0,0.0,0.0,0.0,0.0,0.0,0.0,0.0,0.0,,0.0,0.0,0.0,0.0,0.0
2024-11-21_PhoenixSuns_NewYorkKnicks,2024-11-21,Phoenix Suns,New York Knicks,50.0,50.0,0.0,0.0,0.0,0.0,AWAY,N/A,122,138,AWAY,1.0,2025-11-25 12:38:59,0.0,0.0,0.0,0.0,0.0,0.0,0.0,0.0,0.0,0.0,0.0,,0.0,0.0,0.0,0.0,0.0,0.0,0.0,0.0,0.0,0.0,0.0,0.0,,0.0,0.0,0.0,0.0,0.0
2024-11-21_GoldenStateWarriors_AtlantaHawks,2024-11-21,Golden State Warriors,Atlanta Hawks,50.0,50.0,0.0,0.0,0.0,0.0,AWAY,N/A,120,97,HOME,0.0,2025-11-25 12:38:59,0.0,0.0,0.0,0.0,0.0,0.0,0.0,0.0,0.0,0.0,0.0,,0.0,0.0,0.0,0.0,0.0,0.0,0.0,0.0,0.0,0.0,0.0,0.0,,0.0,0.0,0.0,0.0,0.0
2024-11-21_LAClippers_OrlandoMagic,2024-11-21,LA Clippers,Orlando Magic,50.0,50.0,0.0,0.0,0.0,0.0,AWAY,N/A,104,93,HOME,0.0,2025-11-25 12:38:59,0.0,0.0,0.0,0.0,0.0,0.0,0.0,0.0,0.0,0.0,0.0,,0.0,0.0,0.0,0.0,0.0,0.0,0.0,0.0,0.0,0.0,0.0,0.0,,0.0,0.0,0.0,0.0,0.0
2024-11-22_CharlotteHornets_DetroitPistons,2024-11-22,Charlotte Hornets,Detroit Pistons,50.0,50.0,0.0,0.0,0.0,0.0,AWAY,N/A,123,121,HOME,0.0,2025-11-25 12:38:59,0.0,0.0,0.0,0.0,0.0,0.0,0.0,0.0,0.0,0.0,0.0,,0.0,0.0,0.0,0.0,0.0,0.0,0.0,0.0,0.0,0.0,0.0,0.0,,0.0,0.0,0.0,0.0,0.0
2024-11-22_TorontoRaptors_MinnesotaTimberwolves,2024-11-22,Toronto Raptors,Minnesota Timberwolves,50.0,50.0,0.0,0.0,0.0,0.0,AWAY,N/A,110,105,HOME,0.0,2025-11-25 12:38:59,0.0,0.0,0.0,0.0,0.0,0.0,0.0,0.0,0.0,0.0,0.0,,0.0,0.0,0.0,0.0,0.0,0.0,0.0,0.0,0.0,0.0,0.0,0.0,,0.0,0.0,0.0,0.0,0.0
2024-11-22_SanAntonioSpurs_UtahJazz,2024-11-22,San Antonio Spurs,Utah Jazz,50.0,50.0,0.0,0.0,0.0,0.0,AWAY,N/A,126,118,HOME,0.0,2025-11-25 12:38:59,0.0,0.0,0.0,0.0,0.0,0.0,0.0,0.0,0.0,0.0,0.0,,0.0,0.0,0.0,0.0,0.0,0.0,0.0,0.0,0.0,0.0,0.0,0.0,,0.0,0.0,0.0,0.0,0.0
2024-11-22_LosAngelesLakers_OrlandoMagic,2024-11-22,Los Angeles Lakers,Orlando Magic,50.0,50.0,0.0,0.0,0.0,0.0,AWAY,N/A,118,119,AWAY,1.0,2025-11-25 12:38:59,0.0,0.0,0.0,0.0,0.0,0.0,0.0,0.0,0.0,0.0,0.0,,0.0,0.0,0.0,0.0,0.0,0.0,0.0,0.0,0.0,0.0,0.0,0.0,,0.0,0.0,0.0,0.0,0.0
2024-11-23_Philadelphia76ers_BrooklynNets,2024-11-23,Philadelphia 76ers,Brooklyn Nets,50.0,50.0,0.0,0.0,0.0,0.0,AWAY,N/A,113,98,HOME,0.0,2025-11-25 12:38:59,0.0,0.0,0.0,0.0,0.0,0.0,0.0,0.0,0.0,0.0,0.0,,0.0,0.0,0.0,0.0,0.0,0.0,0.0,0.0,0.0,0.0,0.0,0.0,,0.0,0.0,0.0,0.0,0.0
2024-11-23_WashingtonWizards_BostonCeltics,2024-11-23,Washington Wizards,Boston Celtics,50.0,50.0,0.0,0.0,0.0,0.0,AWAY,N/A,96,108,AWAY,1.0,2025-11-25 12:38:59,0.0,0.0,0.0,0.0,0.0,0.0,0.0,0.0,0.0,0.0,0.0,,0.0,0.0,0.0,0.0,0.0,0.0,0.0,0.0,0.0,0.0,0.0,0.0,,0.0,0.0,0.0,0.0,0.0
2024-11-23_NewOrleansPelicans_GoldenStateWarriors,2024-11-23,New Orleans Pelicans,Golden State Warriors,50.0,50.0,0.0,0.0,0.0,0.0,AWAY,N/A,108,112,AWAY,1.0,2025-11-25 12:38:59,0.0,0.0,0.0,0.0,0.0,0.0,0.0,0.0,0.0,0.0,0.0,,0.0,0.0,0.0,0.0,0.0,0.0,0.0,0.0,0.0,0.0,0.0,0.0,,0.0,0.0,0.0,0.0,0.0
2024-11-23_MilwaukeeBucks_IndianaPacers,2024-11-23,Milwaukee Bucks,Indiana Pacers,50.0,50.0,0.0,0.0,0.0,0.0,AWAY,N/A,129,117,HOME,0.0,2025-11-25 12:38:59,0.0,0.0,0.0,0.0,0.0,0.0,0.0,0.0,0.0,0.0,0.0,,0.0,0.0,0.0,0.0,0.0,0.0,0.0,0.0,0.0,0.0,0.0,0.0,,0.0,0.0,0.0,0.0,0.0
2024-11-23_ChicagoBulls_AtlantaHawks,2024-11-23,Chicago Bulls,Atlanta Hawks,50.0,50.0,0.0,0.0,0.0,0.0,AWAY,N/A,136,122,HOME,0.0,2025-11-25 12:38:59,0.0,0.0,0.0,0.0,0.0,0.0,0.0,0.0,0.0,0.0,0.0,,0.0,0.0,0.0,0.0,0.0,0.0,0.0,0.0,0.0,0.0,0.0,0.0,,0.0,0.0,0.0,0.0,0.0
2024-11-23_HoustonRockets_PortlandTrailBlazers,2024-11-23,Houston Rockets,Portland Trail Blazers,50.0,50.0,0.0,0.0,0.0,0.0,AWAY,N/A,116,88,HOME,0.0,2025-11-25 12:38:59,0.0,0.0,0.0,0.0,0.0,0.0,0.0,0.0,0.0,0.0,0.0,,0.0,0.0,0.0,0.0,0.0,0.0,0.0,0.0,0.0,0.0,0.0,0.0,,0.0,0.0,0.0,0.0,0.0
2024-11-23_DenverNuggets_DallasMavericks,2024-11-23,Denver Nuggets,Dallas Mavericks,50.0,50.0,0.0,0.0,0.0,0.0,AWAY,N/A,120,123,AWAY,1.0,2025-11-25 12:38:59,0.0,0.0,0.0,0.0,0.0,0.0,0.0,0.0,0.0,0.0,0.0,,0.0,0.0,0.0,0.0,0.0,0.0,0.0,0.0,0.0,0.0,0.0,0.0,,0.0,0.0,0.0,0.0,0.0
2024-11-23_LAClippers_SacramentoKings,2024-11-23,LA Clippers,Sacramento Kings,50.0,50.0,0.0,0.0,0.0,0.0,AWAY,N/A,104,88,HOME,0.0,2025-11-25 12:38:59,0.0,0.0,0.0,0.0,0.0,0.0,0.0,0.0,0.0,0.0,0.0,,0.0,0.0,0.0,0.0,0.0,0.0,0.0,0.0,0.0,0.0,0.0,0.0,,0.0,0.0,0.0,0.0,0.0
2024-11-23_UtahJazz_NewYorkKnicks,2024-11-23,Utah Jazz,New York Knicks,50.0,50.0,0.0,0.0,0.0,0.0,AWAY,N/A,121,106,HOME,0.0,2025-11-25 12:38:59,0.0,0.0,0.0,0.0,0.0,0.0,0.0,0.0,0.0,0.0,0.0,,0.0,0.0,0.0,0.0,0.0,0.0,0.0,0.0,0.0,0.0,0.0,0.0,,0.0,0.0,0.0,0.0,0.0
2024-11-24_OrlandoMagic_DetroitPistons,2024-11-24,Orlando Magic,Detroit Pistons,50.0,50.0,0.0,0.0,0.0,0.0,AWAY,N/A,111,100,HOME,0.0,2025-11-25 12:38:59,0.0,0.0,0.0,0.0,0.0,0.0,0.0,0.0,0.0,0.0,0.0,,0.0,0.0,0.0,0.0,0.0,0.0,0.0,0.0,0.0,0.0,0.0,0.0,,0.0,0.0,0.0,0.0,0.0
2024-11-24_ChicagoBulls_MemphisGrizzlies,2024-11-24,Chicago Bulls,Memphis Grizzlies,50.0,50.0,0.0,0.0,0.0,0.0,AWAY,N/A,131,142,AWAY,1.0,2025-11-25 12:38:59,0.0,0.0,0.0,0.0,0.0,0.0,0.0,0.0,0.0,0.0,0.0,,0.0,0.0,0.0,0.0,0.0,0.0,0.0,0.0,0.0,0.0,0.0,0.0,,0.0,0.0,0.0,0.0,0.0
2024-11-24_HoustonRockets_PortlandTrailBlazers,2024-11-24,Houston Rockets,Portland Trail Blazers,50.0,50.0,0.0,0.0,0.0,0.0,AWAY,N/A,98,104,AWAY,1.0,2025-11-25 12:38:59,0.0,0.0,0.0,0.0,0.0,0.0,0.0,0.0,0.0,0.0,0.0,,0.0,0.0,0.0,0.0,0.0,0.0,0.0,0.0,0.0,0.0,0.0,0.0,,0.0,0.0,0.0,0.0,0.0
2024-11-24_MilwaukeeBucks_CharlotteHornets,2024-11-24,Milwaukee Bucks,Charlotte Hornets,50.0,50.0,0.0,0.0,0.0,0.0,AWAY,N/A,125,119,HOME,0.0,2025-11-25 12:38:59,0.0,0.0,0.0,0.0,0.0,0.0,0.0,0.0,0.0,0.0,0.0,,0.0,0.0,0.0,0.0,0.0,0.0,0.0,0.0,0.0,0.0,0.0,0.0,,0.0,0.0,0.0,0.0,0.0
2024-11-24_SanAntonioSpurs_GoldenStateWarriors,2024-11-24,San Antonio Spurs,Golden State Warriors,50.0,50.0,0.0,0.0,0.0,0.0,AWAY,N/A,104,94,HOME,0.0,2025-11-25 12:38:59,0.0,0.0,0.0,0.0,0.0,0.0,0.0,0.0,0.0,0.0,0.0,,0.0,0.0,0.0,0.0,0.0,0.0,0.0,0.0,0.0,0.0,0.0,0.0,,0.0,0.0,0.0,0.0,0.0
2024-11-24_LosAngelesLakers_DenverNuggets,2024-11-24,Los Angeles Lakers,Denver Nuggets,50.0,50.0,0.0,0.0,0.0,0.0,AWAY,N/A,102,127,AWAY,1.0,2025-11-25 12:38:59,0.0,0.0,0.0,0.0,0.0,0.0,0.0,0.0,0.0,0.0,0.0,,0.0,0.0,0.0,0.0,0.0,0.0,0.0,0.0,0.0,0.0,0.0,0.0,,0.0,0.0,0.0,0.0,0.0
2024-11-25_ClevelandCavaliers_TorontoRaptors,2024-11-25,Cleveland Cavaliers,Toronto Raptors,50.0,50.0,0.0,0.0,0.0,0.0,AWAY,N/A,122,108,HOME,0.0,2025-11-25 12:38:59,0.0,0.0,0.0,0.0,0.0,0.0,0.0,0.0,0.0,0.0,0.0,,0.0,0.0,0.0,0.0,0.0,0.0,0.0,0.0,0.0,0.0,0.0,0.0,,0.0,0.0,0.0,0.0,0.0
2024-11-25_SacramentoKings_BrooklynNets,2024-11-25,Sacramento Kings,Brooklyn Nets,50.0,50.0,0.0,0.0,0.0,0.0,AWAY,N/A,103,108,AWAY,1.0,2025-11-25 12:38:59,0.0,0.0,0.0,0.0,0.0,0.0,0.0,0.0,0.0,0.0,0.0,,0.0,0.0,0.0,0.0,0.0,0.0,0.0,0.0,0.0,0.0,0.0,0.0,,0.0,0.0,0.0,0.0,0.0
2024-11-26_CharlotteHornets_OrlandoMagic,2024-11-26,Charlotte Hornets,Orlando Magic,50.0,50.0,0.0,0.0,0.0,0.0,AWAY,N/A,84,95,AWAY,1.0,2025-11-25 12:38:59,0.0,0.0,0.0,0.0,0.0,0.0,0.0,0.0,0.0,0.0,0.0,,0.0,0.0,0.0,0.0,0.0,0.0,0.0,0.0,0.0,0.0,0.0,0.0,,0.0,0.0,0.0,0.0,0.0
2024-11-26_DetroitPistons_TorontoRaptors,2024-11-26,Detroit Pistons,Toronto Raptors,50.0,50.0,0.0,0.0,0.0,0.0,AWAY,N/A,102,100,HOME,0.0,2025-11-25 12:38:59,0.0,0.0,0.0,0.0,0.0,0.0,0.0,0.0,0.0,0.0,0.0,,0.0,0.0,0.0,0.0,0.0,0.0,0.0,0.0,0.0,0.0,0.0,0.0,,0.0,0.0,0.0,0.0,0.0
2024-11-26_IndianaPacers_NewOrleansPelicans,2024-11-26,Indiana Pacers,New Orleans Pelicans,50.0,50.0,0.0,0.0,0.0,0.0,AWAY,N/A,114,110,HOME,0.0,2025-11-25 12:38:59,0.0,0.0,0.0,0.0,0.0,0.0,0.0,0.0,0.0,0.0,0.0,,0.0,0.0,0.0,0.0,0.0,0.0,0.0,0.0,0.0,0.0,0.0,0.0,,0.0,0.0,0.0,0.0,0.0
2024-11-26_AtlantaHawks_DallasMavericks,2024-11-26,Atlanta Hawks,Dallas Mavericks,50.0,50.0,0.0,0.0,0.0,0.0,AWAY,N/A,119,129,AWAY,1.0,2025-11-25 12:38:59,0.0,0.0,0.0,0.0,0.0,0.0,0.0,0.0,0.0,0.0,0.0,,0.0,0.0,0.0,0.0,0.0,0.0,0.0,0.0,0.0,0.0,0.0,0.0,,0.0,0.0,0.0,0.0,0.0
2024-11-26_BostonCeltics_LAClippers,2024-11-26,Boston Celtics,LA Clippers,50.0,50.0,0.0,0.0,0.0,0.0,AWAY,N/A,126,94,HOME,0.0,2025-11-25 12:38:59,0.0,0.0,0.0,0.0,0.0,0.0,0.0,0.0,0.0,0.0,0.0,,0.0,0.0,0.0,0.0,0.0,0.0,0.0,0.0,0.0,0.0,0.0,0.0,,0.0,0.0,0.0,0.0,0.0
2024-11-26_MemphisGrizzlies_PortlandTrailBlazers,2024-11-26,Memphis Grizzlies,Portland Trail Blazers,50.0,50.0,0.0,0.0,0.0,0.0,AWAY,N/A,123,98,HOME,0.0,2025-11-25 12:38:59,0.0,0.0,0.0,0.0,0.0,0.0,0.0,0.0,0.0,0.0,0.0,,0.0,0.0,0.0,0.0,0.0,0.0,0.0,0.0,0.0,0.0,0.0,0.0,,0.0,0.0,0.0,0.0,0.0
2024-11-26_DenverNuggets_NewYorkKnicks,2024-11-26,Denver Nuggets,New York Knicks,50.0,50.0,0.0,0.0,0.0,0.0,AWAY,N/A,118,145,AWAY,1.0,2025-11-25 12:38:59,0.0,0.0,0.0,0.0,0.0,0.0,0.0,0.0,0.0,0.0,0.0,,0.0,0.0,0.0,0.0,0.0,0.0,0.0,0.0,0.0,0.0,0.0,0.0,,0.0,0.0,0.0,0.0,0.0
2024-11-26_GoldenStateWarriors_BrooklynNets,2024-11-26,Golden State Warriors,Brooklyn Nets,50.0,50.0,0.0,0.0,0.0,0.0,AWAY,N/A,120,128,AWAY,1.0,2025-11-25 12:38:59,0.0,0.0,0.0,0.0,0.0,0.0,0.0,0.0,0.0,0.0,0.0,,0.0,0.0,0.0,0.0,0.0,0.0,0.0,0.0,0.0,0.0,0.0,0.0,,0.0,0.0,0.0,0.0,0.0
2024-11-26_SacramentoKings_OklahomaCityThunder,2024-11-26,Sacramento Kings,Oklahoma City Thunder,50.0,50.0,0.0,0.0,0.0,0.0,AWAY,N/A,109,130,AWAY,1.0,2025-11-25 12:38:59,0.0,0.0,0.0,0.0,0.0,0.0,0.0,0.0,0.0,0.0,0.0,,0.0,0.0,0.0,0.0,0.0,0.0,0.0,0.0,0.0,0.0,0.0,0.0,,0.0,0.0,0.0,0.0,0.0
2024-11-27_WashingtonWizards_ChicagoBulls,2024-11-27,Washington Wizards,Chicago Bulls,50.0,50.0,0.0,0.0,0.0,0.0,AWAY,N/A,108,127,AWAY,1.0,2025-11-25 12:38:59,0.0,0.0,0.0,0.0,0.0,0.0,0.0,0.0,0.0,0.0,0.0,,0.0,0.0,0.0,0.0,0.0,0.0,0.0,0.0,0.0,0.0,0.0,0.0,,0.0,0.0,0.0,0.0,0.0
2024-11-27_MiamiHeat_MilwaukeeBucks,2024-11-27,Miami Heat,Milwaukee Bucks,50.0,50.0,0.0,0.0,0.0,0.0,AWAY,N/A,103,106,AWAY,1.0,2025-11-25 12:38:59,0.0,0.0,0.0,0.0,0.0,0.0,0.0,0.0,0.0,0.0,0.0,,0.0,0.0,0.0,0.0,0.0,0.0,0.0,0.0,0.0,0.0,0.0,0.0,,0.0,0.0,0.0,0.0,0.0
2024-11-27_MinnesotaTimberwolves_HoustonRockets,2024-11-27,Minnesota Timberwolves,Houston Rockets,50.0,50.0,0.0,0.0,0.0,0.0,AWAY,N/A,111,117,AWAY,1.0,2025-11-25 12:38:59,0.0,0.0,0.0,0.0,0.0,0.0,0.0,0.0,0.0,0.0,0.0,,0.0,0.0,0.0,0.0,0.0,0.0,0.0,0.0,0.0,0.0,0.0,0.0,,0.0,0.0,0.0,0.0,0.0
2024-11-27_UtahJazz_SanAntonioSpurs,2024-11-27,Utah Jazz,San Antonio Spurs,50.0,50.0,0.0,0.0,0.0,0.0,AWAY,N/A,115,128,AWAY,1.0,2025-11-25 12:38:59,0.0,0.0,0.0,0.0,0.0,0.0,0.0,0.0,0.0,0.0,0.0,,0.0,0.0,0.0,0.0,0.0,0.0,0.0,0.0,0.0,0.0,0.0,0.0,,0.0,0.0,0.0,0.0,0.0
2024-11-27_PhoenixSuns_LosAngelesLakers,2024-11-27,Phoenix Suns,Los Angeles Lakers,50.0,50.0,0.0,0.0,0.0,0.0,AWAY,N/A,127,100,HOME,0.0,2025-11-25 12:38:59,0.0,0.0,0.0,0.0,0.0,0.0,0.0,0.0,0.0,0.0,0.0,,0.0,0.0,0.0,0.0,0.0,0.0,0.0,0.0,0.0,0.0,0.0,0.0,,0.0,0.0,0.0,0.0,0.0
2024-11-28_CharlotteHornets_MiamiHeat,2024-11-28,Charlotte Hornets,Miami Heat,50.0,50.0,0.0,0.0,0.0,0.0,AWAY,N/A,94,98,AWAY,1.0,2025-11-25 12:38:59,0.0,0.0,0.0,0.0,0.0,0.0,0.0,0.0,0.0,0.0,0.0,,0.0,0.0,0.0,0.0,0.0,0.0,0.0,0.0,0.0,0.0,0.0,0.0,,0.0,0.0,0.0,0.0,0.0
2024-11-28_ClevelandCavaliers_AtlantaHawks,2024-11-28,Cleveland Cavaliers,Atlanta Hawks,50.0,50.0,0.0,0.0,0.0,0.0,AWAY,N/A,124,135,AWAY,1.0,2025-11-25 12:38:59,0.0,0.0,0.0,0.0,0.0,0.0,0.0,0.0,0.0,0.0,0.0,,0.0,0.0,0.0,0.0,0.0,0.0,0.0,0.0,0.0,0.0,0.0,0.0,,0.0,0.0,0.0,0.0,0.0
2024-11-28_IndianaPacers_PortlandTrailBlazers,2024-11-28,Indiana Pacers,Portland Trail Blazers,50.0,50.0,0.0,0.0,0.0,0.0,AWAY,N/A,121,114,HOME,0.0,2025-11-25 12:38:59,0.0,0.0,0.0,0.0,0.0,0.0,0.0,0.0,0.0,0.0,0.0,,0.0,0.0,0.0,0.0,0.0,0.0,0.0,0.0,0.0,0.0,0.0,0.0,,0.0,0.0,0.0,0.0,0.0
2024-11-28_OrlandoMagic_ChicagoBulls,2024-11-28,Orlando Magic,Chicago Bulls,50.0,50.0,0.0,0.0,0.0,0.0,AWAY,N/A,133,119,HOME,0.0,2025-11-25 12:38:59,0.0,0.0,0.0,0.0,0.0,0.0,0.0,0.0,0.0,0.0,0.0,,0.0,0.0,0.0,0.0,0.0,0.0,0.0,0.0,0.0,0.0,0.0,0.0,,0.0,0.0,0.0,0.0,0.0
2024-11-28_Philadelphia76ers_HoustonRockets,2024-11-28,Philadelphia 76ers,Houston Rockets,50.0,50.0,0.0,0.0,0.0,0.0,AWAY,N/A,115,122,AWAY,1.0,2025-11-25 12:38:59,0.0,0.0,0.0,0.0,0.0,0.0,0.0,0.0,0.0,0.0,0.0,,0.0,0.0,0.0,0.0,0.0,0.0,0.0,0.0,0.0,0.0,0.0,0.0,,0.0,0.0,0.0,0.0,0.0
2024-11-28_WashingtonWizards_LAClippers,2024-11-28,Washington Wizards,LA Clippers,50.0,50.0,0.0,0.0,0.0,0.0,AWAY,N/A,96,121,AWAY,1.0,2025-11-25 12:38:59,0.0,0.0,0.0,0.0,0.0,0.0,0.0,0.0,0.0,0.0,0.0,,0.0,0.0,0.0,0.0,0.0,0.0,0.0,0.0,0.0,0.0,0.0,0.0,,0.0,0.0,0.0,0.0,0.0
2024-11-28_DallasMavericks_NewYorkKnicks,2024-11-28,Dallas Mavericks,New York Knicks,50.0,50.0,0.0,0.0,0.0,0.0,AWAY,N/A,129,114,HOME,0.0,2025-11-25 12:38:59,0.0,0.0,0.0,0.0,0.0,0.0,0.0,0.0,0.0,0.0,0.0,,0.0,0.0,0.0,0.0,0.0,0.0,0.0,0.0,0.0,0.0,0.0,0.0,,0.0,0.0,0.0,0.0,0.0
2024-11-28_MemphisGrizzlies_DetroitPistons,2024-11-28,Memphis Grizzlies,Detroit Pistons,50.0,50.0,0.0,0.0,0.0,0.0,AWAY,N/A,131,111,HOME,0.0,2025-11-25 12:38:59,0.0,0.0,0.0,0.0,0.0,0.0,0.0,0.0,0.0,0.0,0.0,,0.0,0.0,0.0,0.0,0.0,0.0,0.0,0.0,0.0,0.0,0.0,0.0,,0.0,0.0,0.0,0.0,0.0
2024-11-28_MinnesotaTimberwolves_SacramentoKings,2024-11-28,Minnesota Timberwolves,Sacramento Kings,50.0,50.0,0.0,0.0,0.0,0.0,AWAY,N/A,104,115,AWAY,1.0,2025-11-25 12:38:59,0.0,0.0,0.0,0.0,0.0,0.0,0.0,0.0,0.0,0.0,0.0,,0.0,0.0,0.0,0.0,0.0,0.0,0.0,0.0,0.0,0.0,0.0,0.0,,0.0,0.0,0.0,0.0,0.0
2024-11-28_NewOrleansPelicans_TorontoRaptors,2024-11-28,New Orleans Pelicans,Toronto Raptors,50.0,50.0,0.0,0.0,0.0,0.0,AWAY,N/A,93,119,AWAY,1.0,2025-11-25 12:38:59,0.0,0.0,0.0,0.0,0.0,0.0,0.0,0.0,0.0,0.0,0.0,,0.0,0.0,0.0,0.0,0.0,0.0,0.0,0.0,0.0,0.0,0.0,0.0,,0.0,0.0,0.0,0.0,0.0
2024-11-28_SanAntonioSpurs_LosAngelesLakers,2024-11-28,San Antonio Spurs,Los Angeles Lakers,50.0,50.0,0.0,0.0,0.0,0.0,AWAY,N/A,101,119,AWAY,1.0,2025-11-25 12:38:59,0.0,0.0,0.0,0.0,0.0,0.0,0.0,0.0,0.0,0.0,0.0,,0.0,0.0,0.0,0.0,0.0,0.0,0.0,0.0,0.0,0.0,0.0,0.0,,0.0,0.0,0.0,0.0,0.0
2024-11-28_PhoenixSuns_BrooklynNets,2024-11-28,Phoenix Suns,Brooklyn Nets,50.0,50.0,0.0,0.0,0.0,0.0,AWAY,N/A,117,127,AWAY,1.0,2025-11-25 12:38:59,0.0,0.0,0.0,0.0,0.0,0.0,0.0,0.0,0.0,0.0,0.0,,0.0,0.0,0.0,0.0,0.0,0.0,0.0,0.0,0.0,0.0,0.0,0.0,,0.0,0.0,0.0,0.0,0.0
2024-11-28_UtahJazz_DenverNuggets,2024-11-28,Utah Jazz,Denver Nuggets,50.0,50.0,0.0,0.0,0.0,0.0,AWAY,N/A,103,122,AWAY,1.0,2025-11-25 12:38:59,0.0,0.0,0.0,0.0,0.0,0.0,0.0,0.0,0.0,0.0,0.0,,0.0,0.0,0.0,0.0,0.0,0.0,0.0,0.0,0.0,0.0,0.0,0.0,,0.0,0.0,0.0,0.0,0.0
2024-11-28_GoldenStateWarriors_OklahomaCityThunder,2024-11-28,Golden State Warriors,Oklahoma City Thunder,50.0,50.0,0.0,0.0,0.0,0.0,AWAY,N/A,101,105,AWAY,1.0,2025-11-25 12:38:59,0.0,0.0,0.0,0.0,0.0,0.0,0.0,0.0,0.0,0.0,0.0,,0.0,0.0,0.0,0.0,0.0,0.0,0.0,0.0,0.0,0.0,0.0,0.0,,0.0,0.0,0.0,0.0,0.0
2024-11-29_CharlotteHornets_NewYorkKnicks,2024-11-29,Charlotte Hornets,New York Knicks,50.0,50.0,0.0,0.0,0.0,0.0,AWAY,N/A,98,99,AWAY,1.0,2025-11-25 12:38:59,0.0,0.0,0.0,0.0,0.0,0.0,0.0,0.0,0.0,0.0,0.0,,0.0,0.0,0.0,0.0,0.0,0.0,0.0,0.0,0.0,0.0,0.0,0.0,,0.0,0.0,0.0,0.0,0.0
2024-11-29_AtlantaHawks_ClevelandCavaliers,2024-11-29,Atlanta Hawks,Cleveland Cavaliers,50.0,50.0,0.0,0.0,0.0,0.0,AWAY,N/A,117,101,HOME,0.0,2025-11-25 12:38:59,0.0,0.0,0.0,0.0,0.0,0.0,0.0,0.0,0.0,0.0,0.0,,0.0,0.0,0.0,0.0,0.0,0.0,0.0,0.0,0.0,0.0,0.0,0.0,,0.0,0.0,0.0,0.0,0.0
2024-11-29_MemphisGrizzlies_NewOrleansPelicans,2024-11-29,Memphis Grizzlies,New Orleans Pelicans,50.0,50.0,0.0,0.0,0.0,0.0,AWAY,N/A,120,109,HOME,0.0,2025-11-25 12:38:59,0.0,0.0,0.0,0.0,0.0,0.0,0.0,0.0,0.0,0.0,0.0,,0.0,0.0,0.0,0.0,0.0,0.0,0.0,0.0,0.0,0.0,0.0,0.0,,0.0,0.0,0.0,0.0,0.0
2024-11-30_BrooklynNets_OrlandoMagic,2024-11-30,Brooklyn Nets,Orlando Magic,50.0,50.0,0.0,0.0,0.0,0.0,AWAY,N/A,100,123,AWAY,1.0,2025-11-25 12:38:59,0.0,0.0,0.0,0.0,0.0,0.0,0.0,0.0,0.0,0.0,0.0,,0.0,0.0,0.0,0.0,0.0,0.0,0.0,0.0,0.0,0.0,0.0,0.0,,0.0,0.0,0.0,0.0,0.0
2024-11-30_MinnesotaTimberwolves_LAClippers,2024-11-30,Minnesota Timberwolves,LA Clippers,50.0,50.0,0.0,0.0,0.0,0.0,AWAY,N/A,93,92,HOME,0.0,2025-11-25 12:38:59,0.0,0.0,0.0,0.0,0.0,0.0,0.0,0.0,0.0,0.0,0.0,,0.0,0.0,0.0,0.0,0.0,0.0,0.0,0.0,0.0,0.0,0.0,0.0,,0.0,0.0,0.0,0.0,0.0
2024-11-30_IndianaPacers_DetroitPistons,2024-11-30,Indiana Pacers,Detroit Pistons,50.0,50.0,0.0,0.0,0.0,0.0,AWAY,N/A,106,130,AWAY,1.0,2025-11-25 12:38:59,0.0,0.0,0.0,0.0,0.0,0.0,0.0,0.0,0.0,0.0,0.0,,0.0,0.0,0.0,0.0,0.0,0.0,0.0,0.0,0.0,0.0,0.0,0.0,,0.0,0.0,0.0,0.0,0.0
2024-11-30_MiamiHeat_TorontoRaptors,2024-11-30,Miami Heat,Toronto Raptors,50.0,50.0,0.0,0.0,0.0,0.0,AWAY,N/A,121,111,HOME,0.0,2025-11-25 12:38:59,0.0,0.0,0.0,0.0,0.0,0.0,0.0,0.0,0.0,0.0,0.0,,0.0,0.0,0.0,0.0,0.0,0.0,0.0,0.0,0.0,0.0,0.0,0.0,,0.0,0.0,0.0,0.0,0.0
2024-11-30_ChicagoBulls_BostonCeltics,2024-11-30,Chicago Bulls,Boston Celtics,50.0,50.0,0.0,0.0,0.0,0.0,AWAY,N/A,129,138,AWAY,1.0,2025-11-25 12:38:59,0.0,0.0,0.0,0.0,0.0,0.0,0.0,0.0,0.0,0.0,0.0,,0.0,0.0,0.0,0.0,0.0,0.0,0.0,0.0,0.0,0.0,0.0,0.0,,0.0,0.0,0.0,0.0,0.0
2024-11-30_LosAngelesLakers_OklahomaCityThunder,2024-11-30,Los Angeles Lakers,Oklahoma City Thunder,50.0,50.0,0.0,0.0,0.0,0.0,AWAY,N/A,93,101,AWAY,1.0,2025-11-25 12:38:59,0.0,0.0,0.0,0.0,0.0,0.0,0.0,0.0,0.0,0.0,0.0,,0.0,0.0,0.0,0.0,0.0,0.0,0.0,0.0,0.0,0.0,0.0,0.0,,0.0,0.0,0.0,0.0,0.0
2024-11-30_PortlandTrailBlazers_SacramentoKings,2024-11-30,Portland Trail Blazers,Sacramento Kings,50.0,50.0,0.0,0.0,0.0,0.0,AWAY,N/A,115,106,HOME,0.0,2025-11-25 12:38:59,0.0,0.0,0.0,0.0,0.0,0.0,0.0,0.0,0.0,0.0,0.0,,0.0,0.0,0.0,0.0,0.0,0.0,0.0,0.0,0.0,0.0,0.0,0.0,,0.0,0.0,0.0,0.0,0.0
2024-11-30_CharlotteHornets_AtlantaHawks,2024-11-30,Charlotte Hornets,Atlanta Hawks,50.0,50.0,0.0,0.0,0.0,0.0,AWAY,N/A,104,107,AWAY,1.0,2025-11-25 12:38:59,0.0,0.0,0.0,0.0,0.0,0.0,0.0,0.0,0.0,0.0,0.0,,0.0,0.0,0.0,0.0,0.0,0.0,0.0,0.0,0.0,0.0,0.0,0.0,,0.0,0.0,0.0,0.0,0.0
2024-12-01_DetroitPistons_Philadelphia76ers,2024-12-01,Detroit Pistons,Philadelphia 76ers,50.0,50.0,0.0,0.0,0.0,0.0,AWAY,N/A,96,111,AWAY,1.0,2025-11-25 12:38:59,0.0,0.0,0.0,0.0,0.0,0.0,0.0,0.0,0.0,0.0,0.0,,0.0,0.0,0.0,0.0,0.0,0.0,0.0,0.0,0.0,0.0,0.0,0.0,,0.0,0.0,0.0,0.0,0.0
2024-12-01_MilwaukeeBucks_WashingtonWizards,2024-12-01,Milwaukee Bucks,Washington Wizards,50.0,50.0,0.0,0.0,0.0,0.0,AWAY,N/A,124,114,HOME,0.0,2025-11-25 12:38:59,0.0,0.0,0.0,0.0,0.0,0.0,0.0,0.0,0.0,0.0,0.0,,0.0,0.0,0.0,0.0,0.0,0.0,0.0,0.0,0.0,0.0,0.0,0.0,,0.0,0.0,0.0,0.0,0.0
2024-12-01_PhoenixSuns_GoldenStateWarriors,2024-12-01,Phoenix Suns,Golden State Warriors,50.0,50.0,0.0,0.0,0.0,0.0,AWAY,N/A,113,105,HOME,0.0,2025-11-25 12:38:59,0.0,0.0,0.0,0.0,0.0,0.0,0.0,0.0,0.0,0.0,0.0,,0.0,0.0,0.0,0.0,0.0,0.0,0.0,0.0,0.0,0.0,0.0,0.0,,0.0,0.0,0.0,0.0,0.0
2024-12-01_UtahJazz_DallasMavericks,2024-12-01,Utah Jazz,Dallas Mavericks,50.0,50.0,0.0,0.0,0.0,0.0,AWAY,N/A,94,106,AWAY,1.0,2025-11-25 12:38:59,0.0,0.0,0.0,0.0,0.0,0.0,0.0,0.0,0.0,0.0,0.0,,0.0,0.0,0.0,0.0,0.0,0.0,0.0,0.0,0.0,0.0,0.0,0.0,,0.0,0.0,0.0,0.0,0.0
2024-12-01_BrooklynNets_OrlandoMagic,2024-12-01,Brooklyn Nets,Orlando Magic,50.0,50.0,0.0,0.0,0.0,0.0,AWAY,N/A,92,100,AWAY,1.0,2025-11-25 12:38:59,0.0,0.0,0.0,0.0,0.0,0.0,0.0,0.0,0.0,0.0,0.0,,0.0,0.0,0.0,0.0,0.0,0.0,0.0,0.0,0.0,0.0,0.0,0.0,,0.0,0.0,0.0,0.0,0.0
2024-12-01_MemphisGrizzlies_IndianaPacers,2024-12-01,Memphis Grizzlies,Indiana Pacers,50.0,50.0,0.0,0.0,0.0,0.0,AWAY,N/A,136,121,HOME,0.0,2025-11-25 12:38:59,0.0,0.0,0.0,0.0,0.0,0.0,0.0,0.0,0.0,0.0,0.0,,0.0,0.0,0.0,0.0,0.0,0.0,0.0,0.0,0.0,0.0,0.0,0.0,,0.0,0.0,0.0,0.0,0.0
2024-12-01_ClevelandCavaliers_BostonCeltics,2024-12-01,Cleveland Cavaliers,Boston Celtics,50.0,50.0,0.0,0.0,0.0,0.0,AWAY,N/A,115,111,HOME,0.0,2025-11-25 12:38:59,0.0,0.0,0.0,0.0,0.0,0.0,0.0,0.0,0.0,0.0,0.0,,0.0,0.0,0.0,0.0,0.0,0.0,0.0,0.0,0.0,0.0,0.0,0.0,,0.0,0.0,0.0,0.0,0.0
2024-12-01_NewYorkKnicks_NewOrleansPelicans,2024-12-01,New York Knicks,New Orleans Pelicans,50.0,50.0,0.0,0.0,0.0,0.0,AWAY,N/A,118,85,HOME,0.0,2025-11-25 12:38:59,0.0,0.0,0.0,0.0,0.0,0.0,0.0,0.0,0.0,0.0,0.0,,0.0,0.0,0.0,0.0,0.0,0.0,0.0,0.0,0.0,0.0,0.0,0.0,,0.0,0.0,0.0,0.0,0.0
2024-12-01_TorontoRaptors_MiamiHeat,2024-12-01,Toronto Raptors,Miami Heat,50.0,50.0,0.0,0.0,0.0,0.0,AWAY,N/A,119,116,HOME,0.0,2025-11-25 12:38:59,0.0,0.0,0.0,0.0,0.0,0.0,0.0,0.0,0.0,0.0,0.0,,0.0,0.0,0.0,0.0,0.0,0.0,0.0,0.0,0.0,0.0,0.0,0.0,,0.0,0.0,0.0,0.0,0.0
2024-12-02_HoustonRockets_OklahomaCityThunder,2024-12-02,Houston Rockets,Oklahoma City Thunder,50.0,50.0,0.0,0.0,0.0,0.0,AWAY,N/A,119,116,HOME,0.0,2025-11-25 12:38:59,0.0,0.0,0.0,0.0,0.0,0.0,0.0,0.0,0.0,0.0,0.0,,0.0,0.0,0.0,0.0,0.0,0.0,0.0,0.0,0.0,0.0,0.0,0.0,,0.0,0.0,0.0,0.0,0.0
2024-12-02_UtahJazz_LosAngelesLakers,2024-12-02,Utah Jazz,Los Angeles Lakers,50.0,50.0,0.0,0.0,0.0,0.0,AWAY,N/A,104,105,AWAY,1.0,2025-11-25 12:38:59,0.0,0.0,0.0,0.0,0.0,0.0,0.0,0.0,0.0,0.0,0.0,,0.0,0.0,0.0,0.0,0.0,0.0,0.0,0.0,0.0,0.0,0.0,0.0,,0.0,0.0,0.0,0.0,0.0
2024-12-02_PortlandTrailBlazers_DallasMavericks,2024-12-02,Portland Trail Blazers,Dallas Mavericks,50.0,50.0,0.0,0.0,0.0,0.0,AWAY,N/A,131,137,AWAY,1.0,2025-11-25 12:38:59,0.0,0.0,0.0,0.0,0.0,0.0,0.0,0.0,0.0,0.0,0.0,,0.0,0.0,0.0,0.0,0.0,0.0,0.0,0.0,0.0,0.0,0.0,0.0,,0.0,0.0,0.0,0.0,0.0
2024-12-02_SacramentoKings_SanAntonioSpurs,2024-12-02,Sacramento Kings,San Antonio Spurs,50.0,50.0,0.0,0.0,0.0,0.0,AWAY,N/A,125,127,AWAY,1.0,2025-11-25 12:38:59,0.0,0.0,0.0,0.0,0.0,0.0,0.0,0.0,0.0,0.0,0.0,,0.0,0.0,0.0,0.0,0.0,0.0,0.0,0.0,0.0,0.0,0.0,0.0,,0.0,0.0,0.0,0.0,0.0
2024-12-02_LAClippers_DenverNuggets,2024-12-02,LA Clippers,Denver Nuggets,50.0,50.0,0.0,0.0,0.0,0.0,AWAY,N/A,126,122,HOME,0.0,2025-11-25 12:38:59,0.0,0.0,0.0,0.0,0.0,0.0,0.0,0.0,0.0,0.0,0.0,,0.0,0.0,0.0,0.0,0.0,0.0,0.0,0.0,0.0,0.0,0.0,0.0,,0.0,0.0,0.0,0.0,0.0
2024-12-03_AtlantaHawks_NewOrleansPelicans,2024-12-03,Atlanta Hawks,New Orleans Pelicans,50.0,50.0,0.0,0.0,0.0,0.0,AWAY,N/A,124,112,HOME,0.0,2025-11-25 12:38:59,0.0,0.0,0.0,0.0,0.0,0.0,0.0,0.0,0.0,0.0,0.0,,0.0,0.0,0.0,0.0,0.0,0.0,0.0,0.0,0.0,0.0,0.0,0.0,,0.0,0.0,0.0,0.0,0.0
2024-12-03_BostonCeltics_MiamiHeat,2024-12-03,Boston Celtics,Miami Heat,50.0,50.0,0.0,0.0,0.0,0.0,AWAY,N/A,108,89,HOME,0.0,2025-11-25 12:38:59,0.0,0.0,0.0,0.0,0.0,0.0,0.0,0.0,0.0,0.0,0.0,,0.0,0.0,0.0,0.0,0.0,0.0,0.0,0.0,0.0,0.0,0.0,0.0,,0.0,0.0,0.0,0.0,0.0
2024-12-03_ChicagoBulls_BrooklynNets,2024-12-03,Chicago Bulls,Brooklyn Nets,50.0,50.0,0.0,0.0,0.0,0.0,AWAY,N/A,128,102,HOME,0.0,2025-11-25 12:38:59,0.0,0.0,0.0,0.0,0.0,0.0,0.0,0.0,0.0,0.0,0.0,,0.0,0.0,0.0,0.0,0.0,0.0,0.0,0.0,0.0,0.0,0.0,0.0,,0.0,0.0,0.0,0.0,0.0
2024-12-03_MinnesotaTimberwolves_LosAngelesLakers,2024-12-03,Minnesota Timberwolves,Los Angeles Lakers,50.0,50.0,0.0,0.0,0.0,0.0,AWAY,N/A,109,80,HOME,0.0,2025-11-25 12:38:59,0.0,0.0,0.0,0.0,0.0,0.0,0.0,0.0,0.0,0.0,0.0,,0.0,0.0,0.0,0.0,0.0,0.0,0.0,0.0,0.0,0.0,0.0,0.0,,0.0,0.0,0.0,0.0,0.0
2024-12-04_CharlotteHornets_Philadelphia76ers,2024-12-04,Charlotte Hornets,Philadelphia 76ers,50.0,50.0,0.0,0.0,0.0,0.0,AWAY,N/A,104,110,AWAY,1.0,2025-11-25 12:38:59,0.0,0.0,0.0,0.0,0.0,0.0,0.0,0.0,0.0,0.0,0.0,,0.0,0.0,0.0,0.0,0.0,0.0,0.0,0.0,0.0,0.0,0.0,0.0,,0.0,0.0,0.0,0.0,0.0
2024-12-04_ClevelandCavaliers_WashingtonWizards,2024-12-04,Cleveland Cavaliers,Washington Wizards,50.0,50.0,0.0,0.0,0.0,0.0,AWAY,N/A,118,87,HOME,0.0,2025-11-25 12:38:59,0.0,0.0,0.0,0.0,0.0,0.0,0.0,0.0,0.0,0.0,0.0,,0.0,0.0,0.0,0.0,0.0,0.0,0.0,0.0,0.0,0.0,0.0,0.0,,0.0,0.0,0.0,0.0,0.0
2024-12-04_DetroitPistons_MilwaukeeBucks,2024-12-04,Detroit Pistons,Milwaukee Bucks,50.0,50.0,0.0,0.0,0.0,0.0,AWAY,N/A,107,128,AWAY,1.0,2025-11-25 12:38:59,0.0,0.0,0.0,0.0,0.0,0.0,0.0,0.0,0.0,0.0,0.0,,0.0,0.0,0.0,0.0,0.0,0.0,0.0,0.0,0.0,0.0,0.0,0.0,,0.0,0.0,0.0,0.0,0.0
2024-12-04_NewYorkKnicks_OrlandoMagic,2024-12-04,New York Knicks,Orlando Magic,50.0,50.0,0.0,0.0,0.0,0.0,AWAY,N/A,121,106,HOME,0.0,2025-11-25 12:38:59,0.0,0.0,0.0,0.0,0.0,0.0,0.0,0.0,0.0,0.0,0.0,,0.0,0.0,0.0,0.0,0.0,0.0,0.0,0.0,0.0,0.0,0.0,0.0,,0.0,0.0,0.0,0.0,0.0
2024-12-04_TorontoRaptors_IndianaPacers,2024-12-04,Toronto Raptors,Indiana Pacers,50.0,50.0,0.0,0.0,0.0,0.0,AWAY,N/A,122,111,HOME,0.0,2025-11-25 12:38:59,0.0,0.0,0.0,0.0,0.0,0.0,0.0,0.0,0.0,0.0,0.0,,0.0,0.0,0.0,0.0,0.0,0.0,0.0,0.0,0.0,0.0,0.0,0.0,,0.0,0.0,0.0,0.0,0.0
2024-12-04_OklahomaCityThunder_UtahJazz,2024-12-04,Oklahoma City Thunder,Utah Jazz,50.0,50.0,0.0,0.0,0.0,0.0,AWAY,N/A,133,106,HOME,0.0,2025-11-25 12:38:59,0.0,0.0,0.0,0.0,0.0,0.0,0.0,0.0,0.0,0.0,0.0,,0.0,0.0,0.0,0.0,0.0,0.0,0.0,0.0,0.0,0.0,0.0,0.0,,0.0,0.0,0.0,0.0,0.0
2024-12-04_DallasMavericks_MemphisGrizzlies,2024-12-04,Dallas Mavericks,Memphis Grizzlies,50.0,50.0,0.0,0.0,0.0,0.0,AWAY,N/A,121,116,HOME,0.0,2025-11-25 12:38:59,0.0,0.0,0.0,0.0,0.0,0.0,0.0,0.0,0.0,0.0,0.0,,0.0,0.0,0.0,0.0,0.0,0.0,0.0,0.0,0.0,0.0,0.0,0.0,,0.0,0.0,0.0,0.0,0.0
2024-12-04_PhoenixSuns_SanAntonioSpurs,2024-12-04,Phoenix Suns,San Antonio Spurs,50.0,50.0,0.0,0.0,0.0,0.0,AWAY,N/A,104,93,HOME,0.0,2025-11-25 12:38:59,0.0,0.0,0.0,0.0,0.0,0.0,0.0,0.0,0.0,0.0,0.0,,0.0,0.0,0.0,0.0,0.0,0.0,0.0,0.0,0.0,0.0,0.0,0.0,,0.0,0.0,0.0,0.0,0.0
2024-12-04_DenverNuggets_GoldenStateWarriors,2024-12-04,Denver Nuggets,Golden State Warriors,50.0,50.0,0.0,0.0,0.0,0.0,AWAY,N/A,119,115,HOME,0.0,2025-11-25 12:38:59,0.0,0.0,0.0,0.0,0.0,0.0,0.0,0.0,0.0,0.0,0.0,,0.0,0.0,0.0,0.0,0.0,0.0,0.0,0.0,0.0,0.0,0.0,0.0,,0.0,0.0,0.0,0.0,0.0
2024-12-04_SacramentoKings_HoustonRockets,2024-12-04,Sacramento Kings,Houston Rockets,50.0,50.0,0.0,0.0,0.0,0.0,AWAY,N/A,120,111,HOME,0.0,2025-11-25 12:38:59,0.0,0.0,0.0,0.0,0.0,0.0,0.0,0.0,0.0,0.0,0.0,,0.0,0.0,0.0,0.0,0.0,0.0,0.0,0.0,0.0,0.0,0.0,0.0,,0.0,0.0,0.0,0.0,0.0
2024-12-04_LAClippers_PortlandTrailBlazers,2024-12-04,LA Clippers,Portland Trail Blazers,50.0,50.0,0.0,0.0,0.0,0.0,AWAY,N/A,127,105,HOME,0.0,2025-11-25 12:38:59,0.0,0.0,0.0,0.0,0.0,0.0,0.0,0.0,0.0,0.0,0.0,,0.0,0.0,0.0,0.0,0.0,0.0,0.0,0.0,0.0,0.0,0.0,0.0,,0.0,0.0,0.0,0.0,0.0
2024-12-05_BostonCeltics_DetroitPistons,2024-12-05,Boston Celtics,Detroit Pistons,50.0,50.0,0.0,0.0,0.0,0.0,AWAY,N/A,130,120,HOME,0.0,2025-11-25 12:38:59,0.0,0.0,0.0,0.0,0.0,0.0,0.0,0.0,0.0,0.0,0.0,,0.0,0.0,0.0,0.0,0.0,0.0,0.0,0.0,0.0,0.0,0.0,0.0,,0.0,0.0,0.0,0.0,0.0
2024-12-05_BrooklynNets_IndianaPacers,2024-12-05,Brooklyn Nets,Indiana Pacers,50.0,50.0,0.0,0.0,0.0,0.0,AWAY,N/A,99,90,HOME,0.0,2025-11-25 12:38:59,0.0,0.0,0.0,0.0,0.0,0.0,0.0,0.0,0.0,0.0,0.0,,0.0,0.0,0.0,0.0,0.0,0.0,0.0,0.0,0.0,0.0,0.0,0.0,,0.0,0.0,0.0,0.0,0.0
2024-12-05_MiamiHeat_LosAngelesLakers,2024-12-05,Miami Heat,Los Angeles Lakers,50.0,50.0,0.0,0.0,0.0,0.0,AWAY,N/A,134,93,HOME,0.0,2025-11-25 12:38:59,0.0,0.0,0.0,0.0,0.0,0.0,0.0,0.0,0.0,0.0,0.0,,0.0,0.0,0.0,0.0,0.0,0.0,0.0,0.0,0.0,0.0,0.0,0.0,,0.0,0.0,0.0,0.0,0.0
2024-12-05_Philadelphia76ers_OrlandoMagic,2024-12-05,Philadelphia 76ers,Orlando Magic,50.0,50.0,0.0,0.0,0.0,0.0,AWAY,N/A,102,106,AWAY,1.0,2025-11-25 12:38:59,0.0,0.0,0.0,0.0,0.0,0.0,0.0,0.0,0.0,0.0,0.0,,0.0,0.0,0.0,0.0,0.0,0.0,0.0,0.0,0.0,0.0,0.0,0.0,,0.0,0.0,0.0,0.0,0.0
2024-12-05_MilwaukeeBucks_AtlantaHawks,2024-12-05,Milwaukee Bucks,Atlanta Hawks,50.0,50.0,0.0,0.0,0.0,0.0,AWAY,N/A,104,119,AWAY,1.0,2025-11-25 12:38:59,0.0,0.0,0.0,0.0,0.0,0.0,0.0,0.0,0.0,0.0,0.0,,0.0,0.0,0.0,0.0,0.0,0.0,0.0,0.0,0.0,0.0,0.0,0.0,,0.0,0.0,0.0,0.0,0.0
2024-12-05_LAClippers_MinnesotaTimberwolves,2024-12-05,LA Clippers,Minnesota Timberwolves,50.0,50.0,0.0,0.0,0.0,0.0,AWAY,N/A,80,108,AWAY,1.0,2025-11-25 12:38:59,0.0,0.0,0.0,0.0,0.0,0.0,0.0,0.0,0.0,0.0,0.0,,0.0,0.0,0.0,0.0,0.0,0.0,0.0,0.0,0.0,0.0,0.0,0.0,,0.0,0.0,0.0,0.0,0.0
2024-12-06_ClevelandCavaliers_DenverNuggets,2024-12-06,Cleveland Cavaliers,Denver Nuggets,50.0,50.0,0.0,0.0,0.0,0.0,AWAY,N/A,126,114,HOME,0.0,2025-11-25 12:38:59,0.0,0.0,0.0,0.0,0.0,0.0,0.0,0.0,0.0,0.0,0.0,,0.0,0.0,0.0,0.0,0.0,0.0,0.0,0.0,0.0,0.0,0.0,0.0,,0.0,0.0,0.0,0.0,0.0
2024-12-06_WashingtonWizards_DallasMavericks,2024-12-06,Washington Wizards,Dallas Mavericks,50.0,50.0,0.0,0.0,0.0,0.0,AWAY,N/A,101,137,AWAY,1.0,2025-11-25 12:38:59,0.0,0.0,0.0,0.0,0.0,0.0,0.0,0.0,0.0,0.0,0.0,,0.0,0.0,0.0,0.0,0.0,0.0,0.0,0.0,0.0,0.0,0.0,0.0,,0.0,0.0,0.0,0.0,0.0
2024-12-06_NewYorkKnicks_CharlotteHornets,2024-12-06,New York Knicks,Charlotte Hornets,50.0,50.0,0.0,0.0,0.0,0.0,AWAY,N/A,125,101,HOME,0.0,2025-11-25 12:38:59,0.0,0.0,0.0,0.0,0.0,0.0,0.0,0.0,0.0,0.0,0.0,,0.0,0.0,0.0,0.0,0.0,0.0,0.0,0.0,0.0,0.0,0.0,0.0,,0.0,0.0,0.0,0.0,0.0
2024-12-06_TorontoRaptors_OklahomaCityThunder,2024-12-06,Toronto Raptors,Oklahoma City Thunder,50.0,50.0,0.0,0.0,0.0,0.0,AWAY,N/A,92,129,AWAY,1.0,2025-11-25 12:38:59,0.0,0.0,0.0,0.0,0.0,0.0,0.0,0.0,0.0,0.0,0.0,,0.0,0.0,0.0,0.0,0.0,0.0,0.0,0.0,0.0,0.0,0.0,0.0,,0.0,0.0,0.0,0.0,0.0
2024-12-06_MemphisGrizzlies_SacramentoKings,2024-12-06,Memphis Grizzlies,Sacramento Kings,50.0,50.0,0.0,0.0,0.0,0.0,AWAY,N/A,115,110,HOME,0.0,2025-11-25 12:38:59,0.0,0.0,0.0,0.0,0.0,0.0,0.0,0.0,0.0,0.0,0.0,,0.0,0.0,0.0,0.0,0.0,0.0,0.0,0.0,0.0,0.0,0.0,0.0,,0.0,0.0,0.0,0.0,0.0
2024-12-06_NewOrleansPelicans_PhoenixSuns,2024-12-06,New Orleans Pelicans,Phoenix Suns,50.0,50.0,0.0,0.0,0.0,0.0,AWAY,N/A,126,124,HOME,0.0,2025-11-25 12:38:59,0.0,0.0,0.0,0.0,0.0,0.0,0.0,0.0,0.0,0.0,0.0,,0.0,0.0,0.0,0.0,0.0,0.0,0.0,0.0,0.0,0.0,0.0,0.0,,0.0,0.0,0.0,0.0,0.0
2024-12-06_SanAntonioSpurs_ChicagoBulls,2024-12-06,San Antonio Spurs,Chicago Bulls,50.0,50.0,0.0,0.0,0.0,0.0,AWAY,N/A,124,139,AWAY,1.0,2025-11-25 12:38:59,0.0,0.0,0.0,0.0,0.0,0.0,0.0,0.0,0.0,0.0,0.0,,0.0,0.0,0.0,0.0,0.0,0.0,0.0,0.0,0.0,0.0,0.0,0.0,,0.0,0.0,0.0,0.0,0.0
2024-12-06_GoldenStateWarriors_HoustonRockets,2024-12-06,Golden State Warriors,Houston Rockets,50.0,50.0,0.0,0.0,0.0,0.0,AWAY,N/A,99,93,HOME,0.0,2025-11-25 12:38:59,0.0,0.0,0.0,0.0,0.0,0.0,0.0,0.0,0.0,0.0,0.0,,0.0,0.0,0.0,0.0,0.0,0.0,0.0,0.0,0.0,0.0,0.0,0.0,,0.0,0.0,0.0,0.0,0.0
2024-12-07_Philadelphia76ers_OrlandoMagic,2024-12-07,Philadelphia 76ers,Orlando Magic,50.0,50.0,0.0,0.0,0.0,0.0,AWAY,N/A,102,94,HOME,0.0,2025-11-25 12:38:59,0.0,0.0,0.0,0.0,0.0,0.0,0.0,0.0,0.0,0.0,0.0,,0.0,0.0,0.0,0.0,0.0,0.0,0.0,0.0,0.0,0.0,0.0,0.0,,0.0,0.0,0.0,0.0,0.0
2024-12-07_AtlantaHawks_LosAngelesLakers,2024-12-07,Atlanta Hawks,Los Angeles Lakers,50.0,50.0,0.0,0.0,0.0,0.0,AWAY,N/A,134,132,HOME,0.0,2025-11-25 12:38:59,0.0,0.0,0.0,0.0,0.0,0.0,0.0,0.0,0.0,0.0,0.0,,0.0,0.0,0.0,0.0,0.0,0.0,0.0,0.0,0.0,0.0,0.0,0.0,,0.0,0.0,0.0,0.0,0.0
2024-12-07_BostonCeltics_MilwaukeeBucks,2024-12-07,Boston Celtics,Milwaukee Bucks,50.0,50.0,0.0,0.0,0.0,0.0,AWAY,N/A,111,105,HOME,0.0,2025-11-25 12:38:59,0.0,0.0,0.0,0.0,0.0,0.0,0.0,0.0,0.0,0.0,0.0,,0.0,0.0,0.0,0.0,0.0,0.0,0.0,0.0,0.0,0.0,0.0,0.0,,0.0,0.0,0.0,0.0,0.0
2024-12-07_ChicagoBulls_IndianaPacers,2024-12-07,Chicago Bulls,Indiana Pacers,50.0,50.0,0.0,0.0,0.0,0.0,AWAY,N/A,123,132,AWAY,1.0,2025-11-25 12:38:59,0.0,0.0,0.0,0.0,0.0,0.0,0.0,0.0,0.0,0.0,0.0,,0.0,0.0,0.0,0.0,0.0,0.0,0.0,0.0,0.0,0.0,0.0,0.0,,0.0,0.0,0.0,0.0,0.0
2024-12-07_SanAntonioSpurs_SacramentoKings,2024-12-07,San Antonio Spurs,Sacramento Kings,50.0,50.0,0.0,0.0,0.0,0.0,AWAY,N/A,113,140,AWAY,1.0,2025-11-25 12:38:59,0.0,0.0,0.0,0.0,0.0,0.0,0.0,0.0,0.0,0.0,0.0,,0.0,0.0,0.0,0.0,0.0,0.0,0.0,0.0,0.0,0.0,0.0,0.0,,0.0,0.0,0.0,0.0,0.0
2024-12-07_GoldenStateWarriors_MinnesotaTimberwolves,2024-12-07,Golden State Warriors,Minnesota Timberwolves,50.0,50.0,0.0,0.0,0.0,0.0,AWAY,N/A,90,107,AWAY,1.0,2025-11-25 12:38:59,0.0,0.0,0.0,0.0,0.0,0.0,0.0,0.0,0.0,0.0,0.0,,0.0,0.0,0.0,0.0,0.0,0.0,0.0,0.0,0.0,0.0,0.0,0.0,,0.0,0.0,0.0,0.0,0.0
2024-12-07_PortlandTrailBlazers_UtahJazz,2024-12-07,Portland Trail Blazers,Utah Jazz,50.0,50.0,0.0,0.0,0.0,0.0,AWAY,N/A,99,141,AWAY,1.0,2025-11-25 12:38:59,0.0,0.0,0.0,0.0,0.0,0.0,0.0,0.0,0.0,0.0,0.0,,0.0,0.0,0.0,0.0,0.0,0.0,0.0,0.0,0.0,0.0,0.0,0.0,,0.0,0.0,0.0,0.0,0.0
2024-12-07_CharlotteHornets_ClevelandCavaliers,2024-12-07,Charlotte Hornets,Cleveland Cavaliers,50.0,50.0,0.0,0.0,0.0,0.0,AWAY,N/A,102,116,AWAY,1.0,2025-11-25 12:38:59,0.0,0.0,0.0,0.0,0.0,0.0,0.0,0.0,0.0,0.0,0.0,,0.0,0.0,0.0,0.0,0.0,0.0,0.0,0.0,0.0,0.0,0.0,0.0,,0.0,0.0,0.0,0.0,0.0
2024-12-08_WashingtonWizards_DenverNuggets,2024-12-08,Washington Wizards,Denver Nuggets,50.0,50.0,0.0,0.0,0.0,0.0,AWAY,N/A,122,113,HOME,0.0,2025-11-25 12:38:59,0.0,0.0,0.0,0.0,0.0,0.0,0.0,0.0,0.0,0.0,0.0,,0.0,0.0,0.0,0.0,0.0,0.0,0.0,0.0,0.0,0.0,0.0,0.0,,0.0,0.0,0.0,0.0,0.0
2024-12-08_NewOrleansPelicans_OklahomaCityThunder,2024-12-08,New Orleans Pelicans,Oklahoma City Thunder,50.0,50.0,0.0,0.0,0.0,0.0,AWAY,N/A,109,119,AWAY,1.0,2025-11-25 12:38:59,0.0,0.0,0.0,0.0,0.0,0.0,0.0,0.0,0.0,0.0,0.0,,0.0,0.0,0.0,0.0,0.0,0.0,0.0,0.0,0.0,0.0,0.0,0.0,,0.0,0.0,0.0,0.0,0.0
2024-12-08_NewYorkKnicks_DetroitPistons,2024-12-08,New York Knicks,Detroit Pistons,50.0,50.0,0.0,0.0,0.0,0.0,AWAY,N/A,111,120,AWAY,1.0,2025-11-25 12:38:59,0.0,0.0,0.0,0.0,0.0,0.0,0.0,0.0,0.0,0.0,0.0,,0.0,0.0,0.0,0.0,0.0,0.0,0.0,0.0,0.0,0.0,0.0,0.0,,0.0,0.0,0.0,0.0,0.0
2024-12-08_TorontoRaptors_DallasMavericks,2024-12-08,Toronto Raptors,Dallas Mavericks,50.0,50.0,0.0,0.0,0.0,0.0,AWAY,N/A,118,125,AWAY,1.0,2025-11-25 12:38:59,0.0,0.0,0.0,0.0,0.0,0.0,0.0,0.0,0.0,0.0,0.0,,0.0,0.0,0.0,0.0,0.0,0.0,0.0,0.0,0.0,0.0,0.0,0.0,,0.0,0.0,0.0,0.0,0.0
2024-12-08_BostonCeltics_MemphisGrizzlies,2024-12-08,Boston Celtics,Memphis Grizzlies,50.0,50.0,0.0,0.0,0.0,0.0,AWAY,N/A,121,127,AWAY,1.0,2025-11-25 12:38:59,0.0,0.0,0.0,0.0,0.0,0.0,0.0,0.0,0.0,0.0,0.0,,0.0,0.0,0.0,0.0,0.0,0.0,0.0,0.0,0.0,0.0,0.0,0.0,,0.0,0.0,0.0,0.0,0.0
2024-12-08_MiamiHeat_PhoenixSuns,2024-12-08,Miami Heat,Phoenix Suns,50.0,50.0,0.0,0.0,0.0,0.0,AWAY,N/A,121,111,HOME,0.0,2025-11-25 12:38:59,0.0,0.0,0.0,0.0,0.0,0.0,0.0,0.0,0.0,0.0,0.0,,0.0,0.0,0.0,0.0,0.0,0.0,0.0,0.0,0.0,0.0,0.0,0.0,,0.0,0.0,0.0,0.0,0.0
2024-12-08_ChicagoBulls_Philadelphia76ers,2024-12-08,Chicago Bulls,Philadelphia 76ers,50.0,50.0,0.0,0.0,0.0,0.0,AWAY,N/A,100,108,AWAY,1.0,2025-11-25 12:38:59,0.0,0.0,0.0,0.0,0.0,0.0,0.0,0.0,0.0,0.0,0.0,,0.0,0.0,0.0,0.0,0.0,0.0,0.0,0.0,0.0,0.0,0.0,0.0,,0.0,0.0,0.0,0.0,0.0
2024-12-08_BrooklynNets_MilwaukeeBucks,2024-12-08,Brooklyn Nets,Milwaukee Bucks,50.0,50.0,0.0,0.0,0.0,0.0,AWAY,N/A,113,118,AWAY,1.0,2025-11-25 12:38:59,0.0,0.0,0.0,0.0,0.0,0.0,0.0,0.0,0.0,0.0,0.0,,0.0,0.0,0.0,0.0,0.0,0.0,0.0,0.0,0.0,0.0,0.0,0.0,,0.0,0.0,0.0,0.0,0.0
2024-12-08_IndianaPacers_CharlotteHornets,2024-12-08,Indiana Pacers,Charlotte Hornets,50.0,50.0,0.0,0.0,0.0,0.0,AWAY,N/A,109,113,AWAY,1.0,2025-11-25 12:38:59,0.0,0.0,0.0,0.0,0.0,0.0,0.0,0.0,0.0,0.0,0.0,,0.0,0.0,0.0,0.0,0.0,0.0,0.0,0.0,0.0,0.0,0.0,0.0,,0.0,0.0,0.0,0.0,0.0
2024-12-08_AtlantaHawks_DenverNuggets,2024-12-08,Atlanta Hawks,Denver Nuggets,50.0,50.0,0.0,0.0,0.0,0.0,AWAY,N/A,111,141,AWAY,1.0,2025-11-25 12:38:59,0.0,0.0,0.0,0.0,0.0,0.0,0.0,0.0,0.0,0.0,0.0,,0.0,0.0,0.0,0.0,0.0,0.0,0.0,0.0,0.0,0.0,0.0,0.0,,0.0,0.0,0.0,0.0,0.0
2024-12-08_MiamiHeat_ClevelandCavaliers,2024-12-08,Miami Heat,Cleveland Cavaliers,50.0,50.0,0.0,0.0,0.0,0.0,AWAY,N/A,122,113,HOME,0.0,2025-11-25 12:38:59,0.0,0.0,0.0,0.0,0.0,0.0,0.0,0.0,0.0,0.0,0.0,,0.0,0.0,0.0,0.0,0.0,0.0,0.0,0.0,0.0,0.0,0.0,0.0,,0.0,0.0,0.0,0.0,0.0
2024-12-08_OrlandoMagic_PhoenixSuns,2024-12-08,Orlando Magic,Phoenix Suns,50.0,50.0,0.0,0.0,0.0,0.0,AWAY,N/A,115,110,HOME,0.0,2025-11-25 12:38:59,0.0,0.0,0.0,0.0,0.0,0.0,0.0,0.0,0.0,0.0,0.0,,0.0,0.0,0.0,0.0,0.0,0.0,0.0,0.0,0.0,0.0,0.0,0.0,,0.0,0.0,0.0,0.0,0.0
2024-12-09_WashingtonWizards_MemphisGrizzlies,2024-12-09,Washington Wizards,Memphis Grizzlies,50.0,50.0,0.0,0.0,0.0,0.0,AWAY,N/A,112,140,AWAY,1.0,2025-11-25 12:38:59,0.0,0.0,0.0,0.0,0.0,0.0,0.0,0.0,0.0,0.0,0.0,,0.0,0.0,0.0,0.0,0.0,0.0,0.0,0.0,0.0,0.0,0.0,0.0,,0.0,0.0,0.0,0.0,0.0
2024-12-09_SanAntonioSpurs_NewOrleansPelicans,2024-12-09,San Antonio Spurs,New Orleans Pelicans,50.0,50.0,0.0,0.0,0.0,0.0,AWAY,N/A,121,116,HOME,0.0,2025-11-25 12:38:59,0.0,0.0,0.0,0.0,0.0,0.0,0.0,0.0,0.0,0.0,0.0,,0.0,0.0,0.0,0.0,0.0,0.0,0.0,0.0,0.0,0.0,0.0,0.0,,0.0,0.0,0.0,0.0,0.0
2024-12-09_GoldenStateWarriors_MinnesotaTimberwolves,2024-12-09,Golden State Warriors,Minnesota Timberwolves,50.0,50.0,0.0,0.0,0.0,0.0,AWAY,N/A,114,106,HOME,0.0,2025-11-25 12:38:59,0.0,0.0,0.0,0.0,0.0,0.0,0.0,0.0,0.0,0.0,0.0,,0.0,0.0,0.0,0.0,0.0,0.0,0.0,0.0,0.0,0.0,0.0,0.0,,0.0,0.0,0.0,0.0,0.0
2024-12-09_LAClippers_HoustonRockets,2024-12-09,LA Clippers,Houston Rockets,50.0,50.0,0.0,0.0,0.0,0.0,AWAY,N/A,106,117,AWAY,1.0,2025-11-25 12:38:59,0.0,0.0,0.0,0.0,0.0,0.0,0.0,0.0,0.0,0.0,0.0,,0.0,0.0,0.0,0.0,0.0,0.0,0.0,0.0,0.0,0.0,0.0,0.0,,0.0,0.0,0.0,0.0,0.0
2024-12-09_SacramentoKings_UtahJazz,2024-12-09,Sacramento Kings,Utah Jazz,50.0,50.0,0.0,0.0,0.0,0.0,AWAY,N/A,141,97,HOME,0.0,2025-11-25 12:38:59,0.0,0.0,0.0,0.0,0.0,0.0,0.0,0.0,0.0,0.0,0.0,,0.0,0.0,0.0,0.0,0.0,0.0,0.0,0.0,0.0,0.0,0.0,0.0,,0.0,0.0,0.0,0.0,0.0
2024-12-09_LosAngelesLakers_PortlandTrailBlazers,2024-12-09,Los Angeles Lakers,Portland Trail Blazers,50.0,50.0,0.0,0.0,0.0,0.0,AWAY,N/A,107,98,HOME,0.0,2025-11-25 12:38:59,0.0,0.0,0.0,0.0,0.0,0.0,0.0,0.0,0.0,0.0,0.0,,0.0,0.0,0.0,0.0,0.0,0.0,0.0,0.0,0.0,0.0,0.0,0.0,,0.0,0.0,0.0,0.0,0.0
2024-12-10_TorontoRaptors_NewYorkKnicks,2024-12-10,Toronto Raptors,New York Knicks,50.0,50.0,0.0,0.0,0.0,0.0,AWAY,N/A,108,113,AWAY,1.0,2025-11-25 12:38:59,0.0,0.0,0.0,0.0,0.0,0.0,0.0,0.0,0.0,0.0,0.0,,0.0,0.0,0.0,0.0,0.0,0.0,0.0,0.0,0.0,0.0,0.0,0.0,,0.0,0.0,0.0,0.0,0.0
2024-12-11_MilwaukeeBucks_OrlandoMagic,2024-12-11,Milwaukee Bucks,Orlando Magic,50.0,50.0,0.0,0.0,0.0,0.0,AWAY,N/A,114,109,HOME,0.0,2025-11-25 12:38:59,0.0,0.0,0.0,0.0,0.0,0.0,0.0,0.0,0.0,0.0,0.0,,0.0,0.0,0.0,0.0,0.0,0.0,0.0,0.0,0.0,0.0,0.0,0.0,,0.0,0.0,0.0,0.0,0.0
2024-12-11_OklahomaCityThunder_DallasMavericks,2024-12-11,Oklahoma City Thunder,Dallas Mavericks,50.0,50.0,0.0,0.0,0.0,0.0,AWAY,N/A,118,104,HOME,0.0,2025-11-25 12:38:59,0.0,0.0,0.0,0.0,0.0,0.0,0.0,0.0,0.0,0.0,0.0,,0.0,0.0,0.0,0.0,0.0,0.0,0.0,0.0,0.0,0.0,0.0,0.0,,0.0,0.0,0.0,0.0,0.0
2024-12-12_NewYorkKnicks_AtlantaHawks,2024-12-12,New York Knicks,Atlanta Hawks,50.0,50.0,0.0,0.0,0.0,0.0,AWAY,N/A,100,108,AWAY,1.0,2025-11-25 12:38:59,0.0,0.0,0.0,0.0,0.0,0.0,0.0,0.0,0.0,0.0,0.0,,0.0,0.0,0.0,0.0,0.0,0.0,0.0,0.0,0.0,0.0,0.0,0.0,,0.0,0.0,0.0,0.0,0.0
2024-12-12_HoustonRockets_GoldenStateWarriors,2024-12-12,Houston Rockets,Golden State Warriors,50.0,50.0,0.0,0.0,0.0,0.0,AWAY,N/A,91,90,HOME,0.0,2025-11-25 12:38:59,0.0,0.0,0.0,0.0,0.0,0.0,0.0,0.0,0.0,0.0,0.0,,0.0,0.0,0.0,0.0,0.0,0.0,0.0,0.0,0.0,0.0,0.0,0.0,,0.0,0.0,0.0,0.0,0.0
2024-12-13_BostonCeltics_DetroitPistons,2024-12-13,Boston Celtics,Detroit Pistons,50.0,50.0,0.0,0.0,0.0,0.0,AWAY,N/A,123,99,HOME,0.0,2025-11-25 12:38:59,0.0,0.0,0.0,0.0,0.0,0.0,0.0,0.0,0.0,0.0,0.0,,0.0,0.0,0.0,0.0,0.0,0.0,0.0,0.0,0.0,0.0,0.0,0.0,,0.0,0.0,0.0,0.0,0.0
2024-12-13_MiamiHeat_TorontoRaptors,2024-12-13,Miami Heat,Toronto Raptors,50.0,50.0,0.0,0.0,0.0,0.0,AWAY,N/A,114,104,HOME,0.0,2025-11-25 12:38:59,0.0,0.0,0.0,0.0,0.0,0.0,0.0,0.0,0.0,0.0,0.0,,0.0,0.0,0.0,0.0,0.0,0.0,0.0,0.0,0.0,0.0,0.0,0.0,,0.0,0.0,0.0,0.0,0.0
2024-12-13_NewOrleansPelicans_SacramentoKings,2024-12-13,New Orleans Pelicans,Sacramento Kings,50.0,50.0,0.0,0.0,0.0,0.0,AWAY,N/A,109,111,AWAY,1.0,2025-11-25 12:38:59,0.0,0.0,0.0,0.0,0.0,0.0,0.0,0.0,0.0,0.0,0.0,,0.0,0.0,0.0,0.0,0.0,0.0,0.0,0.0,0.0,0.0,0.0,0.0,,0.0,0.0,0.0,0.0,0.0
2024-12-14_ClevelandCavaliers_WashingtonWizards,2024-12-14,Cleveland Cavaliers,Washington Wizards,50.0,50.0,0.0,0.0,0.0,0.0,AWAY,N/A,115,105,HOME,0.0,2025-11-25 12:38:59,0.0,0.0,0.0,0.0,0.0,0.0,0.0,0.0,0.0,0.0,0.0,,0.0,0.0,0.0,0.0,0.0,0.0,0.0,0.0,0.0,0.0,0.0,0.0,,0.0,0.0,0.0,0.0,0.0
2024-12-14_Philadelphia76ers_IndianaPacers,2024-12-14,Philadelphia 76ers,Indiana Pacers,50.0,50.0,0.0,0.0,0.0,0.0,AWAY,N/A,107,121,AWAY,1.0,2025-11-25 12:38:59,0.0,0.0,0.0,0.0,0.0,0.0,0.0,0.0,0.0,0.0,0.0,,0.0,0.0,0.0,0.0,0.0,0.0,0.0,0.0,0.0,0.0,0.0,0.0,,0.0,0.0,0.0,0.0,0.0
2024-12-14_MinnesotaTimberwolves_LosAngelesLakers,2024-12-14,Minnesota Timberwolves,Los Angeles Lakers,50.0,50.0,0.0,0.0,0.0,0.0,AWAY,N/A,97,87,HOME,0.0,2025-11-25 12:38:59,0.0,0.0,0.0,0.0,0.0,0.0,0.0,0.0,0.0,0.0,0.0,,0.0,0.0,0.0,0.0,0.0,0.0,0.0,0.0,0.0,0.0,0.0,0.0,,0.0,0.0,0.0,0.0,0.0
2024-12-14_MemphisGrizzlies_BrooklynNets,2024-12-14,Memphis Grizzlies,Brooklyn Nets,50.0,50.0,0.0,0.0,0.0,0.0,AWAY,N/A,135,119,HOME,0.0,2025-11-25 12:38:59,0.0,0.0,0.0,0.0,0.0,0.0,0.0,0.0,0.0,0.0,0.0,,0.0,0.0,0.0,0.0,0.0,0.0,0.0,0.0,0.0,0.0,0.0,0.0,,0.0,0.0,0.0,0.0,0.0
2024-12-14_ChicagoBulls_CharlotteHornets,2024-12-14,Chicago Bulls,Charlotte Hornets,50.0,50.0,0.0,0.0,0.0,0.0,AWAY,N/A,109,95,HOME,0.0,2025-11-25 12:38:59,0.0,0.0,0.0,0.0,0.0,0.0,0.0,0.0,0.0,0.0,0.0,,0.0,0.0,0.0,0.0,0.0,0.0,0.0,0.0,0.0,0.0,0.0,0.0,,0.0,0.0,0.0,0.0,0.0
2024-12-14_DenverNuggets_LAClippers,2024-12-14,Denver Nuggets,LA Clippers,50.0,50.0,0.0,0.0,0.0,0.0,AWAY,N/A,120,98,HOME,0.0,2025-11-25 12:38:59,0.0,0.0,0.0,0.0,0.0,0.0,0.0,0.0,0.0,0.0,0.0,,0.0,0.0,0.0,0.0,0.0,0.0,0.0,0.0,0.0,0.0,0.0,0.0,,0.0,0.0,0.0,0.0,0.0
2024-12-14_UtahJazz_PhoenixSuns,2024-12-14,Utah Jazz,Phoenix Suns,50.0,50.0,0.0,0.0,0.0,0.0,AWAY,N/A,126,134,AWAY,1.0,2025-11-25 12:38:59,0.0,0.0,0.0,0.0,0.0,0.0,0.0,0.0,0.0,0.0,0.0,,0.0,0.0,0.0,0.0,0.0,0.0,0.0,0.0,0.0,0.0,0.0,0.0,,0.0,0.0,0.0,0.0,0.0
2024-12-14_PortlandTrailBlazers_SanAntonioSpurs,2024-12-14,Portland Trail Blazers,San Antonio Spurs,50.0,50.0,0.0,0.0,0.0,0.0,AWAY,N/A,116,118,AWAY,1.0,2025-11-25 12:38:59,0.0,0.0,0.0,0.0,0.0,0.0,0.0,0.0,0.0,0.0,0.0,,0.0,0.0,0.0,0.0,0.0,0.0,0.0,0.0,0.0,0.0,0.0,0.0,,0.0,0.0,0.0,0.0,0.0
2024-12-14_MilwaukeeBucks_AtlantaHawks,2024-12-14,Milwaukee Bucks,Atlanta Hawks,50.0,50.0,0.0,0.0,0.0,0.0,AWAY,N/A,110,102,HOME,0.0,2025-11-25 12:38:59,0.0,0.0,0.0,0.0,0.0,0.0,0.0,0.0,0.0,0.0,0.0,,0.0,0.0,0.0,0.0,0.0,0.0,0.0,0.0,0.0,0.0,0.0,0.0,,0.0,0.0,0.0,0.0,0.0
2024-12-15_OklahomaCityThunder_HoustonRockets,2024-12-15,Oklahoma City Thunder,Houston Rockets,50.0,50.0,0.0,0.0,0.0,0.0,AWAY,N/A,111,96,HOME,0.0,2025-11-25 12:38:59,0.0,0.0,0.0,0.0,0.0,0.0,0.0,0.0,0.0,0.0,0.0,,0.0,0.0,0.0,0.0,0.0,0.0,0.0,0.0,0.0,0.0,0.0,0.0,,0.0,0.0,0.0,0.0,0.0
2024-12-15_IndianaPacers_NewOrleansPelicans,2024-12-15,Indiana Pacers,New Orleans Pelicans,50.0,50.0,0.0,0.0,0.0,0.0,AWAY,N/A,119,104,HOME,0.0,2025-11-25 12:38:59,0.0,0.0,0.0,0.0,0.0,0.0,0.0,0.0,0.0,0.0,0.0,,0.0,0.0,0.0,0.0,0.0,0.0,0.0,0.0,0.0,0.0,0.0,0.0,,0.0,0.0,0.0,0.0,0.0
2024-12-15_WashingtonWizards_BostonCeltics,2024-12-15,Washington Wizards,Boston Celtics,50.0,50.0,0.0,0.0,0.0,0.0,AWAY,N/A,98,112,AWAY,1.0,2025-11-25 12:38:59,0.0,0.0,0.0,0.0,0.0,0.0,0.0,0.0,0.0,0.0,0.0,,0.0,0.0,0.0,0.0,0.0,0.0,0.0,0.0,0.0,0.0,0.0,0.0,,0.0,0.0,0.0,0.0,0.0
2024-12-15_OrlandoMagic_NewYorkKnicks,2024-12-15,Orlando Magic,New York Knicks,50.0,50.0,0.0,0.0,0.0,0.0,AWAY,N/A,91,100,AWAY,1.0,2025-11-25 12:38:59,0.0,0.0,0.0,0.0,0.0,0.0,0.0,0.0,0.0,0.0,0.0,,0.0,0.0,0.0,0.0,0.0,0.0,0.0,0.0,0.0,0.0,0.0,0.0,,0.0,0.0,0.0,0.0,0.0
2024-12-16_SanAntonioSpurs_MinnesotaTimberwolves,2024-12-16,San Antonio Spurs,Minnesota Timberwolves,50.0,50.0,0.0,0.0,0.0,0.0,AWAY,N/A,92,106,AWAY,1.0,2025-11-25 12:38:59,0.0,0.0,0.0,0.0,0.0,0.0,0.0,0.0,0.0,0.0,0.0,,0.0,0.0,0.0,0.0,0.0,0.0,0.0,0.0,0.0,0.0,0.0,0.0,,0.0,0.0,0.0,0.0,0.0
2024-12-16_PhoenixSuns_PortlandTrailBlazers,2024-12-16,Phoenix Suns,Portland Trail Blazers,50.0,50.0,0.0,0.0,0.0,0.0,AWAY,N/A,116,109,HOME,0.0,2025-11-25 12:38:59,0.0,0.0,0.0,0.0,0.0,0.0,0.0,0.0,0.0,0.0,0.0,,0.0,0.0,0.0,0.0,0.0,0.0,0.0,0.0,0.0,0.0,0.0,0.0,,0.0,0.0,0.0,0.0,0.0
2024-12-16_GoldenStateWarriors_DallasMavericks,2024-12-16,Golden State Warriors,Dallas Mavericks,50.0,50.0,0.0,0.0,0.0,0.0,AWAY,N/A,133,143,AWAY,1.0,2025-11-25 12:38:59,0.0,0.0,0.0,0.0,0.0,0.0,0.0,0.0,0.0,0.0,0.0,,0.0,0.0,0.0,0.0,0.0,0.0,0.0,0.0,0.0,0.0,0.0,0.0,,0.0,0.0,0.0,0.0,0.0
2024-12-16_LosAngelesLakers_MemphisGrizzlies,2024-12-16,Los Angeles Lakers,Memphis Grizzlies,50.0,50.0,0.0,0.0,0.0,0.0,AWAY,N/A,116,110,HOME,0.0,2025-11-25 12:38:59,0.0,0.0,0.0,0.0,0.0,0.0,0.0,0.0,0.0,0.0,0.0,,0.0,0.0,0.0,0.0,0.0,0.0,0.0,0.0,0.0,0.0,0.0,0.0,,0.0,0.0,0.0,0.0,0.0
2024-12-17_CharlotteHornets_Philadelphia76ers,2024-12-17,Charlotte Hornets,Philadelphia 76ers,50.0,50.0,0.0,0.0,0.0,0.0,AWAY,N/A,108,121,AWAY,1.0,2025-11-25 12:38:59,0.0,0.0,0.0,0.0,0.0,0.0,0.0,0.0,0.0,0.0,0.0,,0.0,0.0,0.0,0.0,0.0,0.0,0.0,0.0,0.0,0.0,0.0,0.0,,0.0,0.0,0.0,0.0,0.0
2024-12-17_DetroitPistons_MiamiHeat,2024-12-17,Detroit Pistons,Miami Heat,50.0,50.0,0.0,0.0,0.0,0.0,AWAY,N/A,125,124,HOME,0.0,2025-11-25 12:38:59,0.0,0.0,0.0,0.0,0.0,0.0,0.0,0.0,0.0,0.0,0.0,,0.0,0.0,0.0,0.0,0.0,0.0,0.0,0.0,0.0,0.0,0.0,0.0,,0.0,0.0,0.0,0.0,0.0
2024-12-17_TorontoRaptors_ChicagoBulls,2024-12-17,Toronto Raptors,Chicago Bulls,50.0,50.0,0.0,0.0,0.0,0.0,AWAY,N/A,121,122,AWAY,1.0,2025-11-25 12:38:59,0.0,0.0,0.0,0.0,0.0,0.0,0.0,0.0,0.0,0.0,0.0,,0.0,0.0,0.0,0.0,0.0,0.0,0.0,0.0,0.0,0.0,0.0,0.0,,0.0,0.0,0.0,0.0,0.0
2024-12-17_BrooklynNets_ClevelandCavaliers,2024-12-17,Brooklyn Nets,Cleveland Cavaliers,50.0,50.0,0.0,0.0,0.0,0.0,AWAY,N/A,101,130,AWAY,1.0,2025-11-25 12:38:59,0.0,0.0,0.0,0.0,0.0,0.0,0.0,0.0,0.0,0.0,0.0,,0.0,0.0,0.0,0.0,0.0,0.0,0.0,0.0,0.0,0.0,0.0,0.0,,0.0,0.0,0.0,0.0,0.0
2024-12-17_SacramentoKings_DenverNuggets,2024-12-17,Sacramento Kings,Denver Nuggets,50.0,50.0,0.0,0.0,0.0,0.0,AWAY,N/A,129,130,AWAY,1.0,2025-11-25 12:38:59,0.0,0.0,0.0,0.0,0.0,0.0,0.0,0.0,0.0,0.0,0.0,,0.0,0.0,0.0,0.0,0.0,0.0,0.0,0.0,0.0,0.0,0.0,0.0,,0.0,0.0,0.0,0.0,0.0
2024-12-17_LAClippers_UtahJazz,2024-12-17,LA Clippers,Utah Jazz,50.0,50.0,0.0,0.0,0.0,0.0,AWAY,N/A,144,107,HOME,0.0,2025-11-25 12:38:59,0.0,0.0,0.0,0.0,0.0,0.0,0.0,0.0,0.0,0.0,0.0,,0.0,0.0,0.0,0.0,0.0,0.0,0.0,0.0,0.0,0.0,0.0,0.0,,0.0,0.0,0.0,0.0,0.0
2024-12-18_OklahomaCityThunder_MilwaukeeBucks,2024-12-18,Oklahoma City Thunder,Milwaukee Bucks,50.0,50.0,0.0,0.0,0.0,0.0,AWAY,N/A,81,97,AWAY,1.0,2025-11-25 12:38:59,0.0,0.0,0.0,0.0,0.0,0.0,0.0,0.0,0.0,0.0,0.0,,0.0,0.0,0.0,0.0,0.0,0.0,0.0,0.0,0.0,0.0,0.0,0.0,,0.0,0.0,0.0,0.0,0.0
2024-12-20_DetroitPistons_UtahJazz,2024-12-20,Detroit Pistons,Utah Jazz,50.0,50.0,0.0,0.0,0.0,0.0,AWAY,N/A,119,126,AWAY,1.0,2025-11-25 12:38:59,0.0,0.0,0.0,0.0,0.0,0.0,0.0,0.0,0.0,0.0,0.0,,0.0,0.0,0.0,0.0,0.0,0.0,0.0,0.0,0.0,0.0,0.0,0.0,,0.0,0.0,0.0,0.0,0.0
2024-12-20_OrlandoMagic_OklahomaCityThunder,2024-12-20,Orlando Magic,Oklahoma City Thunder,50.0,50.0,0.0,0.0,0.0,0.0,AWAY,N/A,99,105,AWAY,1.0,2025-11-25 12:38:59,0.0,0.0,0.0,0.0,0.0,0.0,0.0,0.0,0.0,0.0,0.0,,0.0,0.0,0.0,0.0,0.0,0.0,0.0,0.0,0.0,0.0,0.0,0.0,,0.0,0.0,0.0,0.0,0.0
2024-12-20_WashingtonWizards_CharlotteHornets,2024-12-20,Washington Wizards,Charlotte Hornets,50.0,50.0,0.0,0.0,0.0,0.0,AWAY,N/A,123,114,HOME,0.0,2025-11-25 12:38:59,0.0,0.0,0.0,0.0,0.0,0.0,0.0,0.0,0.0,0.0,0.0,,0.0,0.0,0.0,0.0,0.0,0.0,0.0,0.0,0.0,0.0,0.0,0.0,,0.0,0.0,0.0,0.0,0.0
2024-12-20_BostonCeltics_ChicagoBulls,2024-12-20,Boston Celtics,Chicago Bulls,50.0,50.0,0.0,0.0,0.0,0.0,AWAY,N/A,108,117,AWAY,1.0,2025-11-25 12:38:59,0.0,0.0,0.0,0.0,0.0,0.0,0.0,0.0,0.0,0.0,0.0,,0.0,0.0,0.0,0.0,0.0,0.0,0.0,0.0,0.0,0.0,0.0,0.0,,0.0,0.0,0.0,0.0,0.0
2024-12-20_TorontoRaptors_BrooklynNets,2024-12-20,Toronto Raptors,Brooklyn Nets,50.0,50.0,0.0,0.0,0.0,0.0,AWAY,N/A,94,101,AWAY,1.0,2025-11-25 12:38:59,0.0,0.0,0.0,0.0,0.0,0.0,0.0,0.0,0.0,0.0,0.0,,0.0,0.0,0.0,0.0,0.0,0.0,0.0,0.0,0.0,0.0,0.0,0.0,,0.0,0.0,0.0,0.0,0.0
2024-12-20_HoustonRockets_NewOrleansPelicans,2024-12-20,Houston Rockets,New Orleans Pelicans,50.0,50.0,0.0,0.0,0.0,0.0,AWAY,N/A,133,113,HOME,0.0,2025-11-25 12:38:59,0.0,0.0,0.0,0.0,0.0,0.0,0.0,0.0,0.0,0.0,0.0,,0.0,0.0,0.0,0.0,0.0,0.0,0.0,0.0,0.0,0.0,0.0,0.0,,0.0,0.0,0.0,0.0,0.0
2024-12-20_MemphisGrizzlies_GoldenStateWarriors,2024-12-20,Memphis Grizzlies,Golden State Warriors,50.0,50.0,0.0,0.0,0.0,0.0,AWAY,N/A,144,93,HOME,0.0,2025-11-25 12:38:59,0.0,0.0,0.0,0.0,0.0,0.0,0.0,0.0,0.0,0.0,0.0,,0.0,0.0,0.0,0.0,0.0,0.0,0.0,0.0,0.0,0.0,0.0,0.0,,0.0,0.0,0.0,0.0,0.0
2024-12-20_SanAntonioSpurs_AtlantaHawks,2024-12-20,San Antonio Spurs,Atlanta Hawks,50.0,50.0,0.0,0.0,0.0,0.0,AWAY,N/A,133,126,HOME,0.0,2025-11-25 12:38:59,0.0,0.0,0.0,0.0,0.0,0.0,0.0,0.0,0.0,0.0,0.0,,0.0,0.0,0.0,0.0,0.0,0.0,0.0,0.0,0.0,0.0,0.0,0.0,,0.0,0.0,0.0,0.0,0.0
2024-12-20_DallasMavericks_LAClippers,2024-12-20,Dallas Mavericks,LA Clippers,50.0,50.0,0.0,0.0,0.0,0.0,AWAY,N/A,95,118,AWAY,1.0,2025-11-25 12:38:59,0.0,0.0,0.0,0.0,0.0,0.0,0.0,0.0,0.0,0.0,0.0,,0.0,0.0,0.0,0.0,0.0,0.0,0.0,0.0,0.0,0.0,0.0,0.0,,0.0,0.0,0.0,0.0,0.0
2024-12-20_PhoenixSuns_IndianaPacers,2024-12-20,Phoenix Suns,Indiana Pacers,50.0,50.0,0.0,0.0,0.0,0.0,AWAY,N/A,111,120,AWAY,1.0,2025-11-25 12:38:59,0.0,0.0,0.0,0.0,0.0,0.0,0.0,0.0,0.0,0.0,0.0,,0.0,0.0,0.0,0.0,0.0,0.0,0.0,0.0,0.0,0.0,0.0,0.0,,0.0,0.0,0.0,0.0,0.0
2024-12-20_MinnesotaTimberwolves_NewYorkKnicks,2024-12-20,Minnesota Timberwolves,New York Knicks,50.0,50.0,0.0,0.0,0.0,0.0,AWAY,N/A,107,133,AWAY,1.0,2025-11-25 12:38:59,0.0,0.0,0.0,0.0,0.0,0.0,0.0,0.0,0.0,0.0,0.0,,0.0,0.0,0.0,0.0,0.0,0.0,0.0,0.0,0.0,0.0,0.0,0.0,,0.0,0.0,0.0,0.0,0.0
2024-12-20_PortlandTrailBlazers_DenverNuggets,2024-12-20,Portland Trail Blazers,Denver Nuggets,50.0,50.0,0.0,0.0,0.0,0.0,AWAY,N/A,126,124,HOME,0.0,2025-11-25 12:38:59,0.0,0.0,0.0,0.0,0.0,0.0,0.0,0.0,0.0,0.0,0.0,,0.0,0.0,0.0,0.0,0.0,0.0,0.0,0.0,0.0,0.0,0.0,0.0,,0.0,0.0,0.0,0.0,0.0
2024-12-20_SacramentoKings_LosAngelesLakers,2024-12-20,Sacramento Kings,Los Angeles Lakers,50.0,50.0,0.0,0.0,0.0,0.0,AWAY,N/A,100,113,AWAY,1.0,2025-11-25 12:38:59,0.0,0.0,0.0,0.0,0.0,0.0,0.0,0.0,0.0,0.0,0.0,,0.0,0.0,0.0,0.0,0.0,0.0,0.0,0.0,0.0,0.0,0.0,0.0,,0.0,0.0,0.0,0.0,0.0
2024-12-21_Philadelphia76ers_CharlotteHornets,2024-12-21,Philadelphia 76ers,Charlotte Hornets,50.0,50.0,0.0,0.0,0.0,0.0,AWAY,N/A,108,98,HOME,0.0,2025-11-25 12:38:59,0.0,0.0,0.0,0.0,0.0,0.0,0.0,0.0,0.0,0.0,0.0,,0.0,0.0,0.0,0.0,0.0,0.0,0.0,0.0,0.0,0.0,0.0,0.0,,0.0,0.0,0.0,0.0,0.0
2024-12-21_ClevelandCavaliers_MilwaukeeBucks,2024-12-21,Cleveland Cavaliers,Milwaukee Bucks,50.0,50.0,0.0,0.0,0.0,0.0,AWAY,N/A,124,101,HOME,0.0,2025-11-25 12:38:59,0.0,0.0,0.0,0.0,0.0,0.0,0.0,0.0,0.0,0.0,0.0,,0.0,0.0,0.0,0.0,0.0,0.0,0.0,0.0,0.0,0.0,0.0,0.0,,0.0,0.0,0.0,0.0,0.0
2024-12-21_MiamiHeat_OklahomaCityThunder,2024-12-21,Miami Heat,Oklahoma City Thunder,50.0,50.0,0.0,0.0,0.0,0.0,AWAY,N/A,97,104,AWAY,1.0,2025-11-25 12:38:59,0.0,0.0,0.0,0.0,0.0,0.0,0.0,0.0,0.0,0.0,0.0,,0.0,0.0,0.0,0.0,0.0,0.0,0.0,0.0,0.0,0.0,0.0,0.0,,0.0,0.0,0.0,0.0,0.0
2024-12-21_SacramentoKings_LosAngelesLakers,2024-12-21,Sacramento Kings,Los Angeles Lakers,50.0,50.0,0.0,0.0,0.0,0.0,AWAY,N/A,99,103,AWAY,1.0,2025-11-25 12:38:59,0.0,0.0,0.0,0.0,0.0,0.0,0.0,0.0,0.0,0.0,0.0,,0.0,0.0,0.0,0.0,0.0,0.0,0.0,0.0,0.0,0.0,0.0,0.0,,0.0,0.0,0.0,0.0,0.0
2024-12-22_OrlandoMagic_MiamiHeat,2024-12-22,Orlando Magic,Miami Heat,50.0,50.0,0.0,0.0,0.0,0.0,AWAY,N/A,121,114,HOME,0.0,2025-11-25 12:38:59,0.0,0.0,0.0,0.0,0.0,0.0,0.0,0.0,0.0,0.0,0.0,,0.0,0.0,0.0,0.0,0.0,0.0,0.0,0.0,0.0,0.0,0.0,0.0,,0.0,0.0,0.0,0.0,0.0
2024-12-22_AtlantaHawks_MemphisGrizzlies,2024-12-22,Atlanta Hawks,Memphis Grizzlies,50.0,50.0,0.0,0.0,0.0,0.0,AWAY,N/A,112,128,AWAY,1.0,2025-11-25 12:38:59,0.0,0.0,0.0,0.0,0.0,0.0,0.0,0.0,0.0,0.0,0.0,,0.0,0.0,0.0,0.0,0.0,0.0,0.0,0.0,0.0,0.0,0.0,0.0,,0.0,0.0,0.0,0.0,0.0
2024-12-22_BrooklynNets_UtahJazz,2024-12-22,Brooklyn Nets,Utah Jazz,50.0,50.0,0.0,0.0,0.0,0.0,AWAY,N/A,94,105,AWAY,1.0,2025-11-25 12:38:59,0.0,0.0,0.0,0.0,0.0,0.0,0.0,0.0,0.0,0.0,0.0,,0.0,0.0,0.0,0.0,0.0,0.0,0.0,0.0,0.0,0.0,0.0,0.0,,0.0,0.0,0.0,0.0,0.0
2024-12-22_ClevelandCavaliers_Philadelphia76ers,2024-12-22,Cleveland Cavaliers,Philadelphia 76ers,50.0,50.0,0.0,0.0,0.0,0.0,AWAY,N/A,126,99,HOME,0.0,2025-11-25 12:38:59,0.0,0.0,0.0,0.0,0.0,0.0,0.0,0.0,0.0,0.0,0.0,,0.0,0.0,0.0,0.0,0.0,0.0,0.0,0.0,0.0,0.0,0.0,0.0,,0.0,0.0,0.0,0.0,0.0
2024-12-22_ChicagoBulls_BostonCeltics,2024-12-22,Chicago Bulls,Boston Celtics,50.0,50.0,0.0,0.0,0.0,0.0,AWAY,N/A,98,123,AWAY,1.0,2025-11-25 12:38:59,0.0,0.0,0.0,0.0,0.0,0.0,0.0,0.0,0.0,0.0,0.0,,0.0,0.0,0.0,0.0,0.0,0.0,0.0,0.0,0.0,0.0,0.0,0.0,,0.0,0.0,0.0,0.0,0.0
2024-12-22_MilwaukeeBucks_WashingtonWizards,2024-12-22,Milwaukee Bucks,Washington Wizards,50.0,50.0,0.0,0.0,0.0,0.0,AWAY,N/A,112,101,HOME,0.0,2025-11-25 12:38:59,0.0,0.0,0.0,0.0,0.0,0.0,0.0,0.0,0.0,0.0,0.0,,0.0,0.0,0.0,0.0,0.0,0.0,0.0,0.0,0.0,0.0,0.0,0.0,,0.0,0.0,0.0,0.0,0.0
2024-12-22_MinnesotaTimberwolves_GoldenStateWarriors,2024-12-22,Minnesota Timberwolves,Golden State Warriors,50.0,50.0,0.0,0.0,0.0,0.0,AWAY,N/A,103,113,AWAY,1.0,2025-11-25 12:38:59,0.0,0.0,0.0,0.0,0.0,0.0,0.0,0.0,0.0,0.0,0.0,,0.0,0.0,0.0,0.0,0.0,0.0,0.0,0.0,0.0,0.0,0.0,0.0,,0.0,0.0,0.0,0.0,0.0
2024-12-22_NewOrleansPelicans_NewYorkKnicks,2024-12-22,New Orleans Pelicans,New York Knicks,50.0,50.0,0.0,0.0,0.0,0.0,AWAY,N/A,93,104,AWAY,1.0,2025-11-25 12:38:59,0.0,0.0,0.0,0.0,0.0,0.0,0.0,0.0,0.0,0.0,0.0,,0.0,0.0,0.0,0.0,0.0,0.0,0.0,0.0,0.0,0.0,0.0,0.0,,0.0,0.0,0.0,0.0,0.0
2024-12-22_DallasMavericks_LAClippers,2024-12-22,Dallas Mavericks,LA Clippers,50.0,50.0,0.0,0.0,0.0,0.0,AWAY,N/A,113,97,HOME,0.0,2025-11-25 12:38:59,0.0,0.0,0.0,0.0,0.0,0.0,0.0,0.0,0.0,0.0,0.0,,0.0,0.0,0.0,0.0,0.0,0.0,0.0,0.0,0.0,0.0,0.0,0.0,,0.0,0.0,0.0,0.0,0.0
2024-12-22_SanAntonioSpurs_PortlandTrailBlazers,2024-12-22,San Antonio Spurs,Portland Trail Blazers,50.0,50.0,0.0,0.0,0.0,0.0,AWAY,N/A,114,94,HOME,0.0,2025-11-25 12:38:59,0.0,0.0,0.0,0.0,0.0,0.0,0.0,0.0,0.0,0.0,0.0,,0.0,0.0,0.0,0.0,0.0,0.0,0.0,0.0,0.0,0.0,0.0,0.0,,0.0,0.0,0.0,0.0,0.0
2024-12-22_PhoenixSuns_DetroitPistons,2024-12-22,Phoenix Suns,Detroit Pistons,50.0,50.0,0.0,0.0,0.0,0.0,AWAY,N/A,125,133,AWAY,1.0,2025-11-25 12:38:59,0.0,0.0,0.0,0.0,0.0,0.0,0.0,0.0,0.0,0.0,0.0,,0.0,0.0,0.0,0.0,0.0,0.0,0.0,0.0,0.0,0.0,0.0,0.0,,0.0,0.0,0.0,0.0,0.0
2024-12-22_TorontoRaptors_HoustonRockets,2024-12-22,Toronto Raptors,Houston Rockets,50.0,50.0,0.0,0.0,0.0,0.0,AWAY,N/A,110,114,AWAY,1.0,2025-11-25 12:38:59,0.0,0.0,0.0,0.0,0.0,0.0,0.0,0.0,0.0,0.0,0.0,,0.0,0.0,0.0,0.0,0.0,0.0,0.0,0.0,0.0,0.0,0.0,0.0,,0.0,0.0,0.0,0.0,0.0
2024-12-22_SacramentoKings_IndianaPacers,2024-12-22,Sacramento Kings,Indiana Pacers,50.0,50.0,0.0,0.0,0.0,0.0,AWAY,N/A,95,122,AWAY,1.0,2025-11-25 12:38:59,0.0,0.0,0.0,0.0,0.0,0.0,0.0,0.0,0.0,0.0,0.0,,0.0,0.0,0.0,0.0,0.0,0.0,0.0,0.0,0.0,0.0,0.0,0.0,,0.0,0.0,0.0,0.0,0.0
2024-12-23_NewOrleansPelicans_DenverNuggets,2024-12-23,New Orleans Pelicans,Denver Nuggets,50.0,50.0,0.0,0.0,0.0,0.0,AWAY,N/A,129,132,AWAY,1.0,2025-11-25 12:38:59,0.0,0.0,0.0,0.0,0.0,0.0,0.0,0.0,0.0,0.0,0.0,,0.0,0.0,0.0,0.0,0.0,0.0,0.0,0.0,0.0,0.0,0.0,0.0,,0.0,0.0,0.0,0.0,0.0
2024-12-24_CharlotteHornets_HoustonRockets,2024-12-24,Charlotte Hornets,Houston Rockets,50.0,50.0,0.0,0.0,0.0,0.0,AWAY,N/A,101,114,AWAY,1.0,2025-11-25 12:38:59,0.0,0.0,0.0,0.0,0.0,0.0,0.0,0.0,0.0,0.0,0.0,,0.0,0.0,0.0,0.0,0.0,0.0,0.0,0.0,0.0,0.0,0.0,0.0,,0.0,0.0,0.0,0.0,0.0
2024-12-24_ClevelandCavaliers_UtahJazz,2024-12-24,Cleveland Cavaliers,Utah Jazz,50.0,50.0,0.0,0.0,0.0,0.0,AWAY,N/A,124,113,HOME,0.0,2025-11-25 12:38:59,0.0,0.0,0.0,0.0,0.0,0.0,0.0,0.0,0.0,0.0,0.0,,0.0,0.0,0.0,0.0,0.0,0.0,0.0,0.0,0.0,0.0,0.0,0.0,,0.0,0.0,0.0,0.0,0.0
2024-12-24_OrlandoMagic_BostonCeltics,2024-12-24,Orlando Magic,Boston Celtics,50.0,50.0,0.0,0.0,0.0,0.0,AWAY,N/A,108,104,HOME,0.0,2025-11-25 12:38:59,0.0,0.0,0.0,0.0,0.0,0.0,0.0,0.0,0.0,0.0,0.0,,0.0,0.0,0.0,0.0,0.0,0.0,0.0,0.0,0.0,0.0,0.0,0.0,,0.0,0.0,0.0,0.0,0.0
2024-12-24_Philadelphia76ers_SanAntonioSpurs,2024-12-24,Philadelphia 76ers,San Antonio Spurs,50.0,50.0,0.0,0.0,0.0,0.0,AWAY,N/A,111,106,HOME,0.0,2025-11-25 12:38:59,0.0,0.0,0.0,0.0,0.0,0.0,0.0,0.0,0.0,0.0,0.0,,0.0,0.0,0.0,0.0,0.0,0.0,0.0,0.0,0.0,0.0,0.0,0.0,,0.0,0.0,0.0,0.0,0.0
2024-12-24_AtlantaHawks_MinnesotaTimberwolves,2024-12-24,Atlanta Hawks,Minnesota Timberwolves,50.0,50.0,0.0,0.0,0.0,0.0,AWAY,N/A,117,104,HOME,0.0,2025-11-25 12:38:59,0.0,0.0,0.0,0.0,0.0,0.0,0.0,0.0,0.0,0.0,0.0,,0.0,0.0,0.0,0.0,0.0,0.0,0.0,0.0,0.0,0.0,0.0,0.0,,0.0,0.0,0.0,0.0,0.0
2024-12-24_MiamiHeat_BrooklynNets,2024-12-24,Miami Heat,Brooklyn Nets,50.0,50.0,0.0,0.0,0.0,0.0,AWAY,N/A,110,95,HOME,0.0,2025-11-25 12:38:59,0.0,0.0,0.0,0.0,0.0,0.0,0.0,0.0,0.0,0.0,0.0,,0.0,0.0,0.0,0.0,0.0,0.0,0.0,0.0,0.0,0.0,0.0,0.0,,0.0,0.0,0.0,0.0,0.0
2024-12-24_NewYorkKnicks_TorontoRaptors,2024-12-24,New York Knicks,Toronto Raptors,50.0,50.0,0.0,0.0,0.0,0.0,AWAY,N/A,139,125,HOME,0.0,2025-11-25 12:38:59,0.0,0.0,0.0,0.0,0.0,0.0,0.0,0.0,0.0,0.0,0.0,,0.0,0.0,0.0,0.0,0.0,0.0,0.0,0.0,0.0,0.0,0.0,0.0,,0.0,0.0,0.0,0.0,0.0
2024-12-24_ChicagoBulls_MilwaukeeBucks,2024-12-24,Chicago Bulls,Milwaukee Bucks,50.0,50.0,0.0,0.0,0.0,0.0,AWAY,N/A,91,112,AWAY,1.0,2025-11-25 12:38:59,0.0,0.0,0.0,0.0,0.0,0.0,0.0,0.0,0.0,0.0,0.0,,0.0,0.0,0.0,0.0,0.0,0.0,0.0,0.0,0.0,0.0,0.0,0.0,,0.0,0.0,0.0,0.0,0.0
2024-12-24_MemphisGrizzlies_LAClippers,2024-12-24,Memphis Grizzlies,LA Clippers,50.0,50.0,0.0,0.0,0.0,0.0,AWAY,N/A,110,114,AWAY,1.0,2025-11-25 12:38:59,0.0,0.0,0.0,0.0,0.0,0.0,0.0,0.0,0.0,0.0,0.0,,0.0,0.0,0.0,0.0,0.0,0.0,0.0,0.0,0.0,0.0,0.0,0.0,,0.0,0.0,0.0,0.0,0.0
2024-12-24_OklahomaCityThunder_WashingtonWizards,2024-12-24,Oklahoma City Thunder,Washington Wizards,50.0,50.0,0.0,0.0,0.0,0.0,AWAY,N/A,123,105,HOME,0.0,2025-11-25 12:38:59,0.0,0.0,0.0,0.0,0.0,0.0,0.0,0.0,0.0,0.0,0.0,,0.0,0.0,0.0,0.0,0.0,0.0,0.0,0.0,0.0,0.0,0.0,0.0,,0.0,0.0,0.0,0.0,0.0
2024-12-24_DallasMavericks_PortlandTrailBlazers,2024-12-24,Dallas Mavericks,Portland Trail Blazers,50.0,50.0,0.0,0.0,0.0,0.0,AWAY,N/A,132,108,HOME,0.0,2025-11-25 12:38:59,0.0,0.0,0.0,0.0,0.0,0.0,0.0,0.0,0.0,0.0,0.0,,0.0,0.0,0.0,0.0,0.0,0.0,0.0,0.0,0.0,0.0,0.0,0.0,,0.0,0.0,0.0,0.0,0.0
2024-12-24_DenverNuggets_PhoenixSuns,2024-12-24,Denver Nuggets,Phoenix Suns,50.0,50.0,0.0,0.0,0.0,0.0,AWAY,N/A,117,90,HOME,0.0,2025-11-25 12:38:59,0.0,0.0,0.0,0.0,0.0,0.0,0.0,0.0,0.0,0.0,0.0,,0.0,0.0,0.0,0.0,0.0,0.0,0.0,0.0,0.0,0.0,0.0,0.0,,0.0,0.0,0.0,0.0,0.0
2024-12-24_GoldenStateWarriors_IndianaPacers,2024-12-24,Golden State Warriors,Indiana Pacers,50.0,50.0,0.0,0.0,0.0,0.0,AWAY,N/A,105,111,AWAY,1.0,2025-11-25 12:38:59,0.0,0.0,0.0,0.0,0.0,0.0,0.0,0.0,0.0,0.0,0.0,,0.0,0.0,0.0,0.0,0.0,0.0,0.0,0.0,0.0,0.0,0.0,0.0,,0.0,0.0,0.0,0.0,0.0
2024-12-24_LosAngelesLakers_DetroitPistons,2024-12-24,Los Angeles Lakers,Detroit Pistons,50.0,50.0,0.0,0.0,0.0,0.0,AWAY,N/A,114,117,AWAY,1.0,2025-11-25 12:38:59,0.0,0.0,0.0,0.0,0.0,0.0,0.0,0.0,0.0,0.0,0.0,,0.0,0.0,0.0,0.0,0.0,0.0,0.0,0.0,0.0,0.0,0.0,0.0,,0.0,0.0,0.0,0.0,0.0
2024-12-25_NewYorkKnicks_SanAntonioSpurs,2024-12-25,New York Knicks,San Antonio Spurs,50.0,50.0,0.0,0.0,0.0,0.0,AWAY,N/A,117,114,HOME,0.0,2025-11-25 12:38:59,0.0,0.0,0.0,0.0,0.0,0.0,0.0,0.0,0.0,0.0,0.0,,0.0,0.0,0.0,0.0,0.0,0.0,0.0,0.0,0.0,0.0,0.0,0.0,,0.0,0.0,0.0,0.0,0.0
2024-12-25_DallasMavericks_MinnesotaTimberwolves,2024-12-25,Dallas Mavericks,Minnesota Timberwolves,50.0,50.0,0.0,0.0,0.0,0.0,AWAY,N/A,99,105,AWAY,1.0,2025-11-25 12:38:59,0.0,0.0,0.0,0.0,0.0,0.0,0.0,0.0,0.0,0.0,0.0,,0.0,0.0,0.0,0.0,0.0,0.0,0.0,0.0,0.0,0.0,0.0,0.0,,0.0,0.0,0.0,0.0,0.0
2024-12-25_BostonCeltics_Philadelphia76ers,2024-12-25,Boston Celtics,Philadelphia 76ers,50.0,50.0,0.0,0.0,0.0,0.0,AWAY,N/A,114,118,AWAY,1.0,2025-11-25 12:38:59,0.0,0.0,0.0,0.0,0.0,0.0,0.0,0.0,0.0,0.0,0.0,,0.0,0.0,0.0,0.0,0.0,0.0,0.0,0.0,0.0,0.0,0.0,0.0,,0.0,0.0,0.0,0.0,0.0
2024-12-26_GoldenStateWarriors_LosAngelesLakers,2024-12-26,Golden State Warriors,Los Angeles Lakers,50.0,50.0,0.0,0.0,0.0,0.0,AWAY,N/A,113,115,AWAY,1.0,2025-11-25 12:38:59,0.0,0.0,0.0,0.0,0.0,0.0,0.0,0.0,0.0,0.0,0.0,,0.0,0.0,0.0,0.0,0.0,0.0,0.0,0.0,0.0,0.0,0.0,0.0,,0.0,0.0,0.0,0.0,0.0
2024-12-26_PhoenixSuns_DenverNuggets,2024-12-26,Phoenix Suns,Denver Nuggets,50.0,50.0,0.0,0.0,0.0,0.0,AWAY,N/A,110,100,HOME,0.0,2025-11-25 12:38:59,0.0,0.0,0.0,0.0,0.0,0.0,0.0,0.0,0.0,0.0,0.0,,0.0,0.0,0.0,0.0,0.0,0.0,0.0,0.0,0.0,0.0,0.0,0.0,,0.0,0.0,0.0,0.0,0.0
2024-12-27_IndianaPacers_OklahomaCityThunder,2024-12-27,Indiana Pacers,Oklahoma City Thunder,50.0,50.0,0.0,0.0,0.0,0.0,AWAY,N/A,114,120,AWAY,1.0,2025-11-25 12:38:59,0.0,0.0,0.0,0.0,0.0,0.0,0.0,0.0,0.0,0.0,0.0,,0.0,0.0,0.0,0.0,0.0,0.0,0.0,0.0,0.0,0.0,0.0,0.0,,0.0,0.0,0.0,0.0,0.0
2024-12-27_OrlandoMagic_MiamiHeat,2024-12-27,Orlando Magic,Miami Heat,50.0,50.0,0.0,0.0,0.0,0.0,AWAY,N/A,88,89,AWAY,1.0,2025-11-25 12:38:59,0.0,0.0,0.0,0.0,0.0,0.0,0.0,0.0,0.0,0.0,0.0,,0.0,0.0,0.0,0.0,0.0,0.0,0.0,0.0,0.0,0.0,0.0,0.0,,0.0,0.0,0.0,0.0,0.0
2024-12-27_WashingtonWizards_CharlotteHornets,2024-12-27,Washington Wizards,Charlotte Hornets,50.0,50.0,0.0,0.0,0.0,0.0,AWAY,N/A,113,110,HOME,0.0,2025-11-25 12:38:59,0.0,0.0,0.0,0.0,0.0,0.0,0.0,0.0,0.0,0.0,0.0,,0.0,0.0,0.0,0.0,0.0,0.0,0.0,0.0,0.0,0.0,0.0,0.0,,0.0,0.0,0.0,0.0,0.0
2024-12-27_AtlantaHawks_ChicagoBulls,2024-12-27,Atlanta Hawks,Chicago Bulls,50.0,50.0,0.0,0.0,0.0,0.0,AWAY,N/A,141,133,HOME,0.0,2025-11-25 12:38:59,0.0,0.0,0.0,0.0,0.0,0.0,0.0,0.0,0.0,0.0,0.0,,0.0,0.0,0.0,0.0,0.0,0.0,0.0,0.0,0.0,0.0,0.0,0.0,,0.0,0.0,0.0,0.0,0.0
2024-12-27_MemphisGrizzlies_TorontoRaptors,2024-12-27,Memphis Grizzlies,Toronto Raptors,50.0,50.0,0.0,0.0,0.0,0.0,AWAY,N/A,155,126,HOME,0.0,2025-11-25 12:38:59,0.0,0.0,0.0,0.0,0.0,0.0,0.0,0.0,0.0,0.0,0.0,,0.0,0.0,0.0,0.0,0.0,0.0,0.0,0.0,0.0,0.0,0.0,0.0,,0.0,0.0,0.0,0.0,0.0
2024-12-27_MilwaukeeBucks_BrooklynNets,2024-12-27,Milwaukee Bucks,Brooklyn Nets,50.0,50.0,0.0,0.0,0.0,0.0,AWAY,N/A,105,111,AWAY,1.0,2025-11-25 12:38:59,0.0,0.0,0.0,0.0,0.0,0.0,0.0,0.0,0.0,0.0,0.0,,0.0,0.0,0.0,0.0,0.0,0.0,0.0,0.0,0.0,0.0,0.0,0.0,,0.0,0.0,0.0,0.0,0.0
2024-12-27_NewOrleansPelicans_HoustonRockets,2024-12-27,New Orleans Pelicans,Houston Rockets,50.0,50.0,0.0,0.0,0.0,0.0,AWAY,N/A,111,128,AWAY,1.0,2025-11-25 12:38:59,0.0,0.0,0.0,0.0,0.0,0.0,0.0,0.0,0.0,0.0,0.0,,0.0,0.0,0.0,0.0,0.0,0.0,0.0,0.0,0.0,0.0,0.0,0.0,,0.0,0.0,0.0,0.0,0.0
2024-12-27_PortlandTrailBlazers_UtahJazz,2024-12-27,Portland Trail Blazers,Utah Jazz,50.0,50.0,0.0,0.0,0.0,0.0,AWAY,N/A,122,120,HOME,0.0,2025-11-25 12:38:59,0.0,0.0,0.0,0.0,0.0,0.0,0.0,0.0,0.0,0.0,0.0,,0.0,0.0,0.0,0.0,0.0,0.0,0.0,0.0,0.0,0.0,0.0,0.0,,0.0,0.0,0.0,0.0,0.0
2024-12-27_SacramentoKings_DetroitPistons,2024-12-27,Sacramento Kings,Detroit Pistons,50.0,50.0,0.0,0.0,0.0,0.0,AWAY,N/A,113,114,AWAY,1.0,2025-11-25 12:38:59,0.0,0.0,0.0,0.0,0.0,0.0,0.0,0.0,0.0,0.0,0.0,,0.0,0.0,0.0,0.0,0.0,0.0,0.0,0.0,0.0,0.0,0.0,0.0,,0.0,0.0,0.0,0.0,0.0
2024-12-28_OrlandoMagic_NewYorkKnicks,2024-12-28,Orlando Magic,New York Knicks,50.0,50.0,0.0,0.0,0.0,0.0,AWAY,N/A,85,108,AWAY,1.0,2025-11-25 12:38:59,0.0,0.0,0.0,0.0,0.0,0.0,0.0,0.0,0.0,0.0,0.0,,0.0,0.0,0.0,0.0,0.0,0.0,0.0,0.0,0.0,0.0,0.0,0.0,,0.0,0.0,0.0,0.0,0.0
2024-12-28_BostonCeltics_IndianaPacers,2024-12-28,Boston Celtics,Indiana Pacers,50.0,50.0,0.0,0.0,0.0,0.0,AWAY,N/A,142,105,HOME,0.0,2025-11-25 12:38:59,0.0,0.0,0.0,0.0,0.0,0.0,0.0,0.0,0.0,0.0,0.0,,0.0,0.0,0.0,0.0,0.0,0.0,0.0,0.0,0.0,0.0,0.0,0.0,,0.0,0.0,0.0,0.0,0.0
2024-12-28_BrooklynNets_SanAntonioSpurs,2024-12-28,Brooklyn Nets,San Antonio Spurs,50.0,50.0,0.0,0.0,0.0,0.0,AWAY,N/A,87,96,AWAY,1.0,2025-11-25 12:38:59,0.0,0.0,0.0,0.0,0.0,0.0,0.0,0.0,0.0,0.0,0.0,,0.0,0.0,0.0,0.0,0.0,0.0,0.0,0.0,0.0,0.0,0.0,0.0,,0.0,0.0,0.0,0.0,0.0
2024-12-28_HoustonRockets_MinnesotaTimberwolves,2024-12-28,Houston Rockets,Minnesota Timberwolves,50.0,50.0,0.0,0.0,0.0,0.0,AWAY,N/A,112,113,AWAY,1.0,2025-11-25 12:38:59,0.0,0.0,0.0,0.0,0.0,0.0,0.0,0.0,0.0,0.0,0.0,,0.0,0.0,0.0,0.0,0.0,0.0,0.0,0.0,0.0,0.0,0.0,0.0,,0.0,0.0,0.0,0.0,0.0
2024-12-28_NewOrleansPelicans_MemphisGrizzlies,2024-12-28,New Orleans Pelicans,Memphis Grizzlies,50.0,50.0,0.0,0.0,0.0,0.0,AWAY,N/A,124,132,AWAY,1.0,2025-11-25 12:38:59,0.0,0.0,0.0,0.0,0.0,0.0,0.0,0.0,0.0,0.0,0.0,,0.0,0.0,0.0,0.0,0.0,0.0,0.0,0.0,0.0,0.0,0.0,0.0,,0.0,0.0,0.0,0.0,0.0
2024-12-28_DenverNuggets_ClevelandCavaliers,2024-12-28,Denver Nuggets,Cleveland Cavaliers,50.0,50.0,0.0,0.0,0.0,0.0,AWAY,N/A,135,149,AWAY,1.0,2025-11-25 12:38:59,0.0,0.0,0.0,0.0,0.0,0.0,0.0,0.0,0.0,0.0,0.0,,0.0,0.0,0.0,0.0,0.0,0.0,0.0,0.0,0.0,0.0,0.0,0.0,,0.0,0.0,0.0,0.0,0.0
2024-12-28_PhoenixSuns_DallasMavericks,2024-12-28,Phoenix Suns,Dallas Mavericks,50.0,50.0,0.0,0.0,0.0,0.0,AWAY,N/A,89,98,AWAY,1.0,2025-11-25 12:38:59,0.0,0.0,0.0,0.0,0.0,0.0,0.0,0.0,0.0,0.0,0.0,,0.0,0.0,0.0,0.0,0.0,0.0,0.0,0.0,0.0,0.0,0.0,0.0,,0.0,0.0,0.0,0.0,0.0
2024-12-28_LAClippers_GoldenStateWarriors,2024-12-28,LA Clippers,Golden State Warriors,50.0,50.0,0.0,0.0,0.0,0.0,AWAY,N/A,102,92,HOME,0.0,2025-11-25 12:38:59,0.0,0.0,0.0,0.0,0.0,0.0,0.0,0.0,0.0,0.0,0.0,,0.0,0.0,0.0,0.0,0.0,0.0,0.0,0.0,0.0,0.0,0.0,0.0,,0.0,0.0,0.0,0.0,0.0
2024-12-28_AtlantaHawks_MiamiHeat,2024-12-28,Atlanta Hawks,Miami Heat,50.0,50.0,0.0,0.0,0.0,0.0,AWAY,N/A,120,110,HOME,0.0,2025-11-25 12:38:59,0.0,0.0,0.0,0.0,0.0,0.0,0.0,0.0,0.0,0.0,0.0,,0.0,0.0,0.0,0.0,0.0,0.0,0.0,0.0,0.0,0.0,0.0,0.0,,0.0,0.0,0.0,0.0,0.0
2024-12-28_CharlotteHornets_OklahomaCityThunder,2024-12-28,Charlotte Hornets,Oklahoma City Thunder,50.0,50.0,0.0,0.0,0.0,0.0,AWAY,N/A,94,106,AWAY,1.0,2025-11-25 12:38:59,0.0,0.0,0.0,0.0,0.0,0.0,0.0,0.0,0.0,0.0,0.0,,0.0,0.0,0.0,0.0,0.0,0.0,0.0,0.0,0.0,0.0,0.0,0.0,,0.0,0.0,0.0,0.0,0.0
2024-12-29_WashingtonWizards_NewYorkKnicks,2024-12-29,Washington Wizards,New York Knicks,50.0,50.0,0.0,0.0,0.0,0.0,AWAY,N/A,132,136,AWAY,1.0,2025-11-25 12:38:59,0.0,0.0,0.0,0.0,0.0,0.0,0.0,0.0,0.0,0.0,0.0,,0.0,0.0,0.0,0.0,0.0,0.0,0.0,0.0,0.0,0.0,0.0,0.0,,0.0,0.0,0.0,0.0,0.0
2024-12-29_ChicagoBulls_MilwaukeeBucks,2024-12-29,Chicago Bulls,Milwaukee Bucks,50.0,50.0,0.0,0.0,0.0,0.0,AWAY,N/A,116,111,HOME,0.0,2025-11-25 12:38:59,0.0,0.0,0.0,0.0,0.0,0.0,0.0,0.0,0.0,0.0,0.0,,0.0,0.0,0.0,0.0,0.0,0.0,0.0,0.0,0.0,0.0,0.0,0.0,,0.0,0.0,0.0,0.0,0.0
2024-12-29_GoldenStateWarriors_PhoenixSuns,2024-12-29,Golden State Warriors,Phoenix Suns,50.0,50.0,0.0,0.0,0.0,0.0,AWAY,N/A,109,105,HOME,0.0,2025-11-25 12:38:59,0.0,0.0,0.0,0.0,0.0,0.0,0.0,0.0,0.0,0.0,0.0,,0.0,0.0,0.0,0.0,0.0,0.0,0.0,0.0,0.0,0.0,0.0,0.0,,0.0,0.0,0.0,0.0,0.0
2024-12-29_DenverNuggets_DetroitPistons,2024-12-29,Denver Nuggets,Detroit Pistons,50.0,50.0,0.0,0.0,0.0,0.0,AWAY,N/A,134,121,HOME,0.0,2025-11-25 12:38:59,0.0,0.0,0.0,0.0,0.0,0.0,0.0,0.0,0.0,0.0,0.0,,0.0,0.0,0.0,0.0,0.0,0.0,0.0,0.0,0.0,0.0,0.0,0.0,,0.0,0.0,0.0,0.0,0.0
2024-12-29_UtahJazz_Philadelphia76ers,2024-12-29,Utah Jazz,Philadelphia 76ers,50.0,50.0,0.0,0.0,0.0,0.0,AWAY,N/A,111,114,AWAY,1.0,2025-11-25 12:38:59,0.0,0.0,0.0,0.0,0.0,0.0,0.0,0.0,0.0,0.0,0.0,,0.0,0.0,0.0,0.0,0.0,0.0,0.0,0.0,0.0,0.0,0.0,0.0,,0.0,0.0,0.0,0.0,0.0
2024-12-29_PortlandTrailBlazers_DallasMavericks,2024-12-29,Portland Trail Blazers,Dallas Mavericks,50.0,50.0,0.0,0.0,0.0,0.0,AWAY,N/A,126,122,HOME,0.0,2025-11-25 12:38:59,0.0,0.0,0.0,0.0,0.0,0.0,0.0,0.0,0.0,0.0,0.0,,0.0,0.0,0.0,0.0,0.0,0.0,0.0,0.0,0.0,0.0,0.0,0.0,,0.0,0.0,0.0,0.0,0.0
2024-12-29_LosAngelesLakers_SacramentoKings,2024-12-29,Los Angeles Lakers,Sacramento Kings,50.0,50.0,0.0,0.0,0.0,0.0,AWAY,N/A,132,122,HOME,0.0,2025-11-25 12:38:59,0.0,0.0,0.0,0.0,0.0,0.0,0.0,0.0,0.0,0.0,0.0,,0.0,0.0,0.0,0.0,0.0,0.0,0.0,0.0,0.0,0.0,0.0,0.0,,0.0,0.0,0.0,0.0,0.0
2024-12-29_OrlandoMagic_BrooklynNets,2024-12-29,Orlando Magic,Brooklyn Nets,50.0,50.0,0.0,0.0,0.0,0.0,AWAY,N/A,102,101,HOME,0.0,2025-11-25 12:38:59,0.0,0.0,0.0,0.0,0.0,0.0,0.0,0.0,0.0,0.0,0.0,,0.0,0.0,0.0,0.0,0.0,0.0,0.0,0.0,0.0,0.0,0.0,0.0,,0.0,0.0,0.0,0.0,0.0
2024-12-29_BostonCeltics_IndianaPacers,2024-12-29,Boston Celtics,Indiana Pacers,50.0,50.0,0.0,0.0,0.0,0.0,AWAY,N/A,114,123,AWAY,1.0,2025-11-25 12:38:59,0.0,0.0,0.0,0.0,0.0,0.0,0.0,0.0,0.0,0.0,0.0,,0.0,0.0,0.0,0.0,0.0,0.0,0.0,0.0,0.0,0.0,0.0,0.0,,0.0,0.0,0.0,0.0,0.0
2024-12-29_TorontoRaptors_AtlantaHawks,2024-12-29,Toronto Raptors,Atlanta Hawks,50.0,50.0,0.0,0.0,0.0,0.0,AWAY,N/A,107,136,AWAY,1.0,2025-11-25 12:38:59,0.0,0.0,0.0,0.0,0.0,0.0,0.0,0.0,0.0,0.0,0.0,,0.0,0.0,0.0,0.0,0.0,0.0,0.0,0.0,0.0,0.0,0.0,0.0,,0.0,0.0,0.0,0.0,0.0
2024-12-30_HoustonRockets_MiamiHeat,2024-12-30,Houston Rockets,Miami Heat,50.0,50.0,0.0,0.0,0.0,0.0,AWAY,N/A,100,104,AWAY,1.0,2025-11-25 12:38:59,0.0,0.0,0.0,0.0,0.0,0.0,0.0,0.0,0.0,0.0,0.0,,0.0,0.0,0.0,0.0,0.0,0.0,0.0,0.0,0.0,0.0,0.0,0.0,,0.0,0.0,0.0,0.0,0.0
2024-12-30_OklahomaCityThunder_MemphisGrizzlies,2024-12-30,Oklahoma City Thunder,Memphis Grizzlies,50.0,50.0,0.0,0.0,0.0,0.0,AWAY,N/A,130,106,HOME,0.0,2025-11-25 12:38:59,0.0,0.0,0.0,0.0,0.0,0.0,0.0,0.0,0.0,0.0,0.0,,0.0,0.0,0.0,0.0,0.0,0.0,0.0,0.0,0.0,0.0,0.0,0.0,,0.0,0.0,0.0,0.0,0.0
2024-12-30_MinnesotaTimberwolves_SanAntonioSpurs,2024-12-30,Minnesota Timberwolves,San Antonio Spurs,50.0,50.0,0.0,0.0,0.0,0.0,AWAY,N/A,112,110,HOME,0.0,2025-11-25 12:38:59,0.0,0.0,0.0,0.0,0.0,0.0,0.0,0.0,0.0,0.0,0.0,,0.0,0.0,0.0,0.0,0.0,0.0,0.0,0.0,0.0,0.0,0.0,0.0,,0.0,0.0,0.0,0.0,0.0
2024-12-31_CharlotteHornets_ChicagoBulls,2024-12-31,Charlotte Hornets,Chicago Bulls,50.0,50.0,0.0,0.0,0.0,0.0,AWAY,N/A,108,115,AWAY,1.0,2025-11-25 12:38:59,0.0,0.0,0.0,0.0,0.0,0.0,0.0,0.0,0.0,0.0,0.0,,0.0,0.0,0.0,0.0,0.0,0.0,0.0,0.0,0.0,0.0,0.0,0.0,,0.0,0.0,0.0,0.0,0.0
2024-12-31_WashingtonWizards_NewYorkKnicks,2024-12-31,Washington Wizards,New York Knicks,50.0,50.0,0.0,0.0,0.0,0.0,AWAY,N/A,106,126,AWAY,1.0,2025-11-25 12:38:59,0.0,0.0,0.0,0.0,0.0,0.0,0.0,0.0,0.0,0.0,0.0,,0.0,0.0,0.0,0.0,0.0,0.0,0.0,0.0,0.0,0.0,0.0,0.0,,0.0,0.0,0.0,0.0,0.0
2024-12-31_NewOrleansPelicans_LAClippers,2024-12-31,New Orleans Pelicans,LA Clippers,50.0,50.0,0.0,0.0,0.0,0.0,AWAY,N/A,113,116,AWAY,1.0,2025-11-25 12:38:59,0.0,0.0,0.0,0.0,0.0,0.0,0.0,0.0,0.0,0.0,0.0,,0.0,0.0,0.0,0.0,0.0,0.0,0.0,0.0,0.0,0.0,0.0,0.0,,0.0,0.0,0.0,0.0,0.0
2024-12-31_UtahJazz_DenverNuggets,2024-12-31,Utah Jazz,Denver Nuggets,50.0,50.0,0.0,0.0,0.0,0.0,AWAY,N/A,121,132,AWAY,1.0,2025-11-25 12:38:59,0.0,0.0,0.0,0.0,0.0,0.0,0.0,0.0,0.0,0.0,0.0,,0.0,0.0,0.0,0.0,0.0,0.0,0.0,0.0,0.0,0.0,0.0,0.0,,0.0,0.0,0.0,0.0,0.0
2024-12-31_GoldenStateWarriors_ClevelandCavaliers,2024-12-31,Golden State Warriors,Cleveland Cavaliers,50.0,50.0,0.0,0.0,0.0,0.0,AWAY,N/A,95,113,AWAY,1.0,2025-11-25 12:38:59,0.0,0.0,0.0,0.0,0.0,0.0,0.0,0.0,0.0,0.0,0.0,,0.0,0.0,0.0,0.0,0.0,0.0,0.0,0.0,0.0,0.0,0.0,0.0,,0.0,0.0,0.0,0.0,0.0
2024-12-31_PortlandTrailBlazers_Philadelphia76ers,2024-12-31,Portland Trail Blazers,Philadelphia 76ers,50.0,50.0,0.0,0.0,0.0,0.0,AWAY,N/A,103,125,AWAY,1.0,2025-11-25 12:38:59,0.0,0.0,0.0,0.0,0.0,0.0,0.0,0.0,0.0,0.0,0.0,,0.0,0.0,0.0,0.0,0.0,0.0,0.0,0.0,0.0,0.0,0.0,0.0,,0.0,0.0,0.0,0.0,0.0
2024-12-31_SacramentoKings_DallasMavericks,2024-12-31,Sacramento Kings,Dallas Mavericks,50.0,50.0,0.0,0.0,0.0,0.0,AWAY,N/A,110,100,HOME,0.0,2025-11-25 12:38:59,0.0,0.0,0.0,0.0,0.0,0.0,0.0,0.0,0.0,0.0,0.0,,0.0,0.0,0.0,0.0,0.0,0.0,0.0,0.0,0.0,0.0,0.0,0.0,,0.0,0.0,0.0,0.0,0.0
2024-12-31_BostonCeltics_TorontoRaptors,2024-12-31,Boston Celtics,Toronto Raptors,50.0,50.0,0.0,0.0,0.0,0.0,AWAY,N/A,125,71,HOME,0.0,2025-11-25 12:38:59,0.0,0.0,0.0,0.0,0.0,0.0,0.0,0.0,0.0,0.0,0.0,,0.0,0.0,0.0,0.0,0.0,0.0,0.0,0.0,0.0,0.0,0.0,0.0,,0.0,0.0,0.0,0.0,0.0
2024-12-31_IndianaPacers_MilwaukeeBucks,2024-12-31,Indiana Pacers,Milwaukee Bucks,50.0,50.0,0.0,0.0,0.0,0.0,AWAY,N/A,112,120,AWAY,1.0,2025-11-25 12:38:59,0.0,0.0,0.0,0.0,0.0,0.0,0.0,0.0,0.0,0.0,0.0,,0.0,0.0,0.0,0.0,0.0,0.0,0.0,0.0,0.0,0.0,0.0,0.0,,0.0,0.0,0.0,0.0,0.0
2025-01-01_SanAntonioSpurs_LAClippers,2025-01-01,San Antonio Spurs,LA Clippers,50.0,50.0,0.0,0.0,0.0,0.0,AWAY,N/A,122,86,HOME,0.0,2025-11-25 12:38:59,0.0,0.0,0.0,0.0,0.0,0.0,0.0,0.0,0.0,0.0,0.0,,0.0,0.0,0.0,0.0,0.0,0.0,0.0,0.0,0.0,0.0,0.0,0.0,,0.0,0.0,0.0,0.0,0.0
2025-01-01_OklahomaCityThunder_MinnesotaTimberwolves,2025-01-01,Oklahoma City Thunder,Minnesota Timberwolves,50.0,50.0,0.0,0.0,0.0,0.0,AWAY,N/A,113,105,HOME,0.0,2025-11-25 12:38:59,0.0,0.0,0.0,0.0,0.0,0.0,0.0,0.0,0.0,0.0,0.0,,0.0,0.0,0.0,0.0,0.0,0.0,0.0,0.0,0.0,0.0,0.0,0.0,,0.0,0.0,0.0,0.0,0.0
2025-01-01_PhoenixSuns_MemphisGrizzlies,2025-01-01,Phoenix Suns,Memphis Grizzlies,50.0,50.0,0.0,0.0,0.0,0.0,AWAY,N/A,112,117,AWAY,1.0,2025-11-25 12:38:59,0.0,0.0,0.0,0.0,0.0,0.0,0.0,0.0,0.0,0.0,0.0,,0.0,0.0,0.0,0.0,0.0,0.0,0.0,0.0,0.0,0.0,0.0,0.0,,0.0,0.0,0.0,0.0,0.0
2025-01-01_LosAngelesLakers_ClevelandCavaliers,2025-01-01,Los Angeles Lakers,Cleveland Cavaliers,50.0,50.0,0.0,0.0,0.0,0.0,AWAY,N/A,110,122,AWAY,1.0,2025-11-25 12:38:59,0.0,0.0,0.0,0.0,0.0,0.0,0.0,0.0,0.0,0.0,0.0,,0.0,0.0,0.0,0.0,0.0,0.0,0.0,0.0,0.0,0.0,0.0,0.0,,0.0,0.0,0.0,0.0,0.0
2025-01-02_DetroitPistons_OrlandoMagic,2025-01-02,Detroit Pistons,Orlando Magic,50.0,50.0,0.0,0.0,0.0,0.0,AWAY,N/A,105,96,HOME,0.0,2025-11-25 12:38:59,0.0,0.0,0.0,0.0,0.0,0.0,0.0,0.0,0.0,0.0,0.0,,0.0,0.0,0.0,0.0,0.0,0.0,0.0,0.0,0.0,0.0,0.0,0.0,,0.0,0.0,0.0,0.0,0.0
2025-01-02_WashingtonWizards_ChicagoBulls,2025-01-02,Washington Wizards,Chicago Bulls,50.0,50.0,0.0,0.0,0.0,0.0,AWAY,N/A,125,107,HOME,0.0,2025-11-25 12:38:59,0.0,0.0,0.0,0.0,0.0,0.0,0.0,0.0,0.0,0.0,0.0,,0.0,0.0,0.0,0.0,0.0,0.0,0.0,0.0,0.0,0.0,0.0,0.0,,0.0,0.0,0.0,0.0,0.0
2025-01-02_MiamiHeat_NewOrleansPelicans,2025-01-02,Miami Heat,New Orleans Pelicans,50.0,50.0,0.0,0.0,0.0,0.0,AWAY,N/A,119,108,HOME,0.0,2025-11-25 12:38:59,0.0,0.0,0.0,0.0,0.0,0.0,0.0,0.0,0.0,0.0,0.0,,0.0,0.0,0.0,0.0,0.0,0.0,0.0,0.0,0.0,0.0,0.0,0.0,,0.0,0.0,0.0,0.0,0.0
2025-01-02_NewYorkKnicks_UtahJazz,2025-01-02,New York Knicks,Utah Jazz,50.0,50.0,0.0,0.0,0.0,0.0,AWAY,N/A,119,103,HOME,0.0,2025-11-25 12:38:59,0.0,0.0,0.0,0.0,0.0,0.0,0.0,0.0,0.0,0.0,0.0,,0.0,0.0,0.0,0.0,0.0,0.0,0.0,0.0,0.0,0.0,0.0,0.0,,0.0,0.0,0.0,0.0,0.0
2025-01-02_TorontoRaptors_BrooklynNets,2025-01-02,Toronto Raptors,Brooklyn Nets,50.0,50.0,0.0,0.0,0.0,0.0,AWAY,N/A,130,113,HOME,0.0,2025-11-25 12:38:59,0.0,0.0,0.0,0.0,0.0,0.0,0.0,0.0,0.0,0.0,0.0,,0.0,0.0,0.0,0.0,0.0,0.0,0.0,0.0,0.0,0.0,0.0,0.0,,0.0,0.0,0.0,0.0,0.0
2025-01-02_HoustonRockets_DallasMavericks,2025-01-02,Houston Rockets,Dallas Mavericks,50.0,50.0,0.0,0.0,0.0,0.0,AWAY,N/A,110,99,HOME,0.0,2025-11-25 12:38:59,0.0,0.0,0.0,0.0,0.0,0.0,0.0,0.0,0.0,0.0,0.0,,0.0,0.0,0.0,0.0,0.0,0.0,0.0,0.0,0.0,0.0,0.0,0.0,,0.0,0.0,0.0,0.0,0.0
2025-01-02_DenverNuggets_AtlantaHawks,2025-01-02,Denver Nuggets,Atlanta Hawks,50.0,50.0,0.0,0.0,0.0,0.0,AWAY,N/A,139,120,HOME,0.0,2025-11-25 12:38:59,0.0,0.0,0.0,0.0,0.0,0.0,0.0,0.0,0.0,0.0,0.0,,0.0,0.0,0.0,0.0,0.0,0.0,0.0,0.0,0.0,0.0,0.0,0.0,,0.0,0.0,0.0,0.0,0.0
2025-01-02_SacramentoKings_Philadelphia76ers,2025-01-02,Sacramento Kings,Philadelphia 76ers,50.0,50.0,0.0,0.0,0.0,0.0,AWAY,N/A,113,107,HOME,0.0,2025-11-25 12:38:59,0.0,0.0,0.0,0.0,0.0,0.0,0.0,0.0,0.0,0.0,0.0,,0.0,0.0,0.0,0.0,0.0,0.0,0.0,0.0,0.0,0.0,0.0,0.0,,0.0,0.0,0.0,0.0,0.0
2025-01-03_MiamiHeat_IndianaPacers,2025-01-03,Miami Heat,Indiana Pacers,50.0,50.0,0.0,0.0,0.0,0.0,AWAY,N/A,115,128,AWAY,1.0,2025-11-25 12:38:59,0.0,0.0,0.0,0.0,0.0,0.0,0.0,0.0,0.0,0.0,0.0,,0.0,0.0,0.0,0.0,0.0,0.0,0.0,0.0,0.0,0.0,0.0,0.0,,0.0,0.0,0.0,0.0,0.0
2025-01-03_MinnesotaTimberwolves_BostonCeltics,2025-01-03,Minnesota Timberwolves,Boston Celtics,50.0,50.0,0.0,0.0,0.0,0.0,AWAY,N/A,115,118,AWAY,1.0,2025-11-25 12:38:59,0.0,0.0,0.0,0.0,0.0,0.0,0.0,0.0,0.0,0.0,0.0,,0.0,0.0,0.0,0.0,0.0,0.0,0.0,0.0,0.0,0.0,0.0,0.0,,0.0,0.0,0.0,0.0,0.0
2025-01-03_MilwaukeeBucks_BrooklynNets,2025-01-03,Milwaukee Bucks,Brooklyn Nets,50.0,50.0,0.0,0.0,0.0,0.0,AWAY,N/A,110,113,AWAY,1.0,2025-11-25 12:38:59,0.0,0.0,0.0,0.0,0.0,0.0,0.0,0.0,0.0,0.0,0.0,,0.0,0.0,0.0,0.0,0.0,0.0,0.0,0.0,0.0,0.0,0.0,0.0,,0.0,0.0,0.0,0.0,0.0
2025-01-03_OklahomaCityThunder_LAClippers,2025-01-03,Oklahoma City Thunder,LA Clippers,50.0,50.0,0.0,0.0,0.0,0.0,AWAY,N/A,116,98,HOME,0.0,2025-11-25 12:38:59,0.0,0.0,0.0,0.0,0.0,0.0,0.0,0.0,0.0,0.0,0.0,,0.0,0.0,0.0,0.0,0.0,0.0,0.0,0.0,0.0,0.0,0.0,0.0,,0.0,0.0,0.0,0.0,0.0
2025-01-03_GoldenStateWarriors_Philadelphia76ers,2025-01-03,Golden State Warriors,Philadelphia 76ers,50.0,50.0,0.0,0.0,0.0,0.0,AWAY,N/A,139,105,HOME,0.0,2025-11-25 12:38:59,0.0,0.0,0.0,0.0,0.0,0.0,0.0,0.0,0.0,0.0,0.0,,0.0,0.0,0.0,0.0,0.0,0.0,0.0,0.0,0.0,0.0,0.0,0.0,,0.0,0.0,0.0,0.0,0.0
2025-01-03_LosAngelesLakers_PortlandTrailBlazers,2025-01-03,Los Angeles Lakers,Portland Trail Blazers,50.0,50.0,0.0,0.0,0.0,0.0,AWAY,N/A,114,106,HOME,0.0,2025-11-25 12:38:59,0.0,0.0,0.0,0.0,0.0,0.0,0.0,0.0,0.0,0.0,0.0,,0.0,0.0,0.0,0.0,0.0,0.0,0.0,0.0,0.0,0.0,0.0,0.0,,0.0,0.0,0.0,0.0,0.0
2025-01-04_DetroitPistons_CharlotteHornets,2025-01-04,Detroit Pistons,Charlotte Hornets,50.0,50.0,0.0,0.0,0.0,0.0,AWAY,N/A,98,94,HOME,0.0,2025-11-25 12:38:59,0.0,0.0,0.0,0.0,0.0,0.0,0.0,0.0,0.0,0.0,0.0,,0.0,0.0,0.0,0.0,0.0,0.0,0.0,0.0,0.0,0.0,0.0,0.0,,0.0,0.0,0.0,0.0,0.0
2025-01-04_TorontoRaptors_OrlandoMagic,2025-01-04,Toronto Raptors,Orlando Magic,50.0,50.0,0.0,0.0,0.0,0.0,AWAY,N/A,97,106,AWAY,1.0,2025-11-25 12:38:59,0.0,0.0,0.0,0.0,0.0,0.0,0.0,0.0,0.0,0.0,0.0,,0.0,0.0,0.0,0.0,0.0,0.0,0.0,0.0,0.0,0.0,0.0,0.0,,0.0,0.0,0.0,0.0,0.0
2025-01-04_HoustonRockets_BostonCeltics,2025-01-04,Houston Rockets,Boston Celtics,50.0,50.0,0.0,0.0,0.0,0.0,AWAY,N/A,86,109,AWAY,1.0,2025-11-25 12:38:59,0.0,0.0,0.0,0.0,0.0,0.0,0.0,0.0,0.0,0.0,0.0,,0.0,0.0,0.0,0.0,0.0,0.0,0.0,0.0,0.0,0.0,0.0,0.0,,0.0,0.0,0.0,0.0,0.0
2025-01-04_NewOrleansPelicans_WashingtonWizards,2025-01-04,New Orleans Pelicans,Washington Wizards,50.0,50.0,0.0,0.0,0.0,0.0,AWAY,N/A,132,120,HOME,0.0,2025-11-25 12:38:59,0.0,0.0,0.0,0.0,0.0,0.0,0.0,0.0,0.0,0.0,0.0,,0.0,0.0,0.0,0.0,0.0,0.0,0.0,0.0,0.0,0.0,0.0,0.0,,0.0,0.0,0.0,0.0,0.0
2025-01-04_OklahomaCityThunder_NewYorkKnicks,2025-01-04,Oklahoma City Thunder,New York Knicks,50.0,50.0,0.0,0.0,0.0,0.0,AWAY,N/A,117,107,HOME,0.0,2025-11-25 12:38:59,0.0,0.0,0.0,0.0,0.0,0.0,0.0,0.0,0.0,0.0,0.0,,0.0,0.0,0.0,0.0,0.0,0.0,0.0,0.0,0.0,0.0,0.0,0.0,,0.0,0.0,0.0,0.0,0.0
2025-01-04_DallasMavericks_ClevelandCavaliers,2025-01-04,Dallas Mavericks,Cleveland Cavaliers,50.0,50.0,0.0,0.0,0.0,0.0,AWAY,N/A,122,134,AWAY,1.0,2025-11-25 12:38:59,0.0,0.0,0.0,0.0,0.0,0.0,0.0,0.0,0.0,0.0,0.0,,0.0,0.0,0.0,0.0,0.0,0.0,0.0,0.0,0.0,0.0,0.0,0.0,,0.0,0.0,0.0,0.0,0.0
2025-01-04_DenverNuggets_SanAntonioSpurs,2025-01-04,Denver Nuggets,San Antonio Spurs,50.0,50.0,0.0,0.0,0.0,0.0,AWAY,N/A,110,113,AWAY,1.0,2025-11-25 12:38:59,0.0,0.0,0.0,0.0,0.0,0.0,0.0,0.0,0.0,0.0,0.0,,0.0,0.0,0.0,0.0,0.0,0.0,0.0,0.0,0.0,0.0,0.0,0.0,,0.0,0.0,0.0,0.0,0.0
2025-01-04_SacramentoKings_MemphisGrizzlies,2025-01-04,Sacramento Kings,Memphis Grizzlies,50.0,50.0,0.0,0.0,0.0,0.0,AWAY,N/A,138,133,HOME,0.0,2025-11-25 12:38:59,0.0,0.0,0.0,0.0,0.0,0.0,0.0,0.0,0.0,0.0,0.0,,0.0,0.0,0.0,0.0,0.0,0.0,0.0,0.0,0.0,0.0,0.0,0.0,,0.0,0.0,0.0,0.0,0.0
2025-01-04_LosAngelesLakers_AtlantaHawks,2025-01-04,Los Angeles Lakers,Atlanta Hawks,50.0,50.0,0.0,0.0,0.0,0.0,AWAY,N/A,119,102,HOME,0.0,2025-11-25 12:38:59,0.0,0.0,0.0,0.0,0.0,0.0,0.0,0.0,0.0,0.0,0.0,,0.0,0.0,0.0,0.0,0.0,0.0,0.0,0.0,0.0,0.0,0.0,0.0,,0.0,0.0,0.0,0.0,0.0
2025-01-04_BrooklynNets_Philadelphia76ers,2025-01-04,Brooklyn Nets,Philadelphia 76ers,50.0,50.0,0.0,0.0,0.0,0.0,AWAY,N/A,94,123,AWAY,1.0,2025-11-25 12:38:59,0.0,0.0,0.0,0.0,0.0,0.0,0.0,0.0,0.0,0.0,0.0,,0.0,0.0,0.0,0.0,0.0,0.0,0.0,0.0,0.0,0.0,0.0,0.0,,0.0,0.0,0.0,0.0,0.0
2025-01-05_DetroitPistons_MinnesotaTimberwolves,2025-01-05,Detroit Pistons,Minnesota Timberwolves,50.0,50.0,0.0,0.0,0.0,0.0,AWAY,N/A,119,105,HOME,0.0,2025-11-25 12:38:59,0.0,0.0,0.0,0.0,0.0,0.0,0.0,0.0,0.0,0.0,0.0,,0.0,0.0,0.0,0.0,0.0,0.0,0.0,0.0,0.0,0.0,0.0,0.0,,0.0,0.0,0.0,0.0,0.0
2025-01-05_IndianaPacers_PhoenixSuns,2025-01-05,Indiana Pacers,Phoenix Suns,50.0,50.0,0.0,0.0,0.0,0.0,AWAY,N/A,126,108,HOME,0.0,2025-11-25 12:38:59,0.0,0.0,0.0,0.0,0.0,0.0,0.0,0.0,0.0,0.0,0.0,,0.0,0.0,0.0,0.0,0.0,0.0,0.0,0.0,0.0,0.0,0.0,0.0,,0.0,0.0,0.0,0.0,0.0
2025-01-05_MiamiHeat_UtahJazz,2025-01-05,Miami Heat,Utah Jazz,50.0,50.0,0.0,0.0,0.0,0.0,AWAY,N/A,100,136,AWAY,1.0,2025-11-25 12:38:59,0.0,0.0,0.0,0.0,0.0,0.0,0.0,0.0,0.0,0.0,0.0,,0.0,0.0,0.0,0.0,0.0,0.0,0.0,0.0,0.0,0.0,0.0,0.0,,0.0,0.0,0.0,0.0,0.0
2025-01-05_ChicagoBulls_NewYorkKnicks,2025-01-05,Chicago Bulls,New York Knicks,50.0,50.0,0.0,0.0,0.0,0.0,AWAY,N/A,139,126,HOME,0.0,2025-11-25 12:38:59,0.0,0.0,0.0,0.0,0.0,0.0,0.0,0.0,0.0,0.0,0.0,,0.0,0.0,0.0,0.0,0.0,0.0,0.0,0.0,0.0,0.0,0.0,0.0,,0.0,0.0,0.0,0.0,0.0
2025-01-05_MilwaukeeBucks_PortlandTrailBlazers,2025-01-05,Milwaukee Bucks,Portland Trail Blazers,50.0,50.0,0.0,0.0,0.0,0.0,AWAY,N/A,102,105,AWAY,1.0,2025-11-25 12:38:59,0.0,0.0,0.0,0.0,0.0,0.0,0.0,0.0,0.0,0.0,0.0,,0.0,0.0,0.0,0.0,0.0,0.0,0.0,0.0,0.0,0.0,0.0,0.0,,0.0,0.0,0.0,0.0,0.0
2025-01-05_SanAntonioSpurs_DenverNuggets,2025-01-05,San Antonio Spurs,Denver Nuggets,50.0,50.0,0.0,0.0,0.0,0.0,AWAY,N/A,111,122,AWAY,1.0,2025-11-25 12:38:59,0.0,0.0,0.0,0.0,0.0,0.0,0.0,0.0,0.0,0.0,0.0,,0.0,0.0,0.0,0.0,0.0,0.0,0.0,0.0,0.0,0.0,0.0,0.0,,0.0,0.0,0.0,0.0,0.0
2025-01-05_GoldenStateWarriors_MemphisGrizzlies,2025-01-05,Golden State Warriors,Memphis Grizzlies,50.0,50.0,0.0,0.0,0.0,0.0,AWAY,N/A,121,113,HOME,0.0,2025-11-25 12:38:59,0.0,0.0,0.0,0.0,0.0,0.0,0.0,0.0,0.0,0.0,0.0,,0.0,0.0,0.0,0.0,0.0,0.0,0.0,0.0,0.0,0.0,0.0,0.0,,0.0,0.0,0.0,0.0,0.0
2025-01-05_LAClippers_AtlantaHawks,2025-01-05,LA Clippers,Atlanta Hawks,50.0,50.0,0.0,0.0,0.0,0.0,AWAY,N/A,131,105,HOME,0.0,2025-11-25 12:38:59,0.0,0.0,0.0,0.0,0.0,0.0,0.0,0.0,0.0,0.0,0.0,,0.0,0.0,0.0,0.0,0.0,0.0,0.0,0.0,0.0,0.0,0.0,0.0,,0.0,0.0,0.0,0.0,0.0
2025-01-05_OklahomaCityThunder_BostonCeltics,2025-01-05,Oklahoma City Thunder,Boston Celtics,50.0,50.0,0.0,0.0,0.0,0.0,AWAY,N/A,105,92,HOME,0.0,2025-11-25 12:38:59,0.0,0.0,0.0,0.0,0.0,0.0,0.0,0.0,0.0,0.0,0.0,,0.0,0.0,0.0,0.0,0.0,0.0,0.0,0.0,0.0,0.0,0.0,0.0,,0.0,0.0,0.0,0.0,0.0
2025-01-05_ClevelandCavaliers_CharlotteHornets,2025-01-05,Cleveland Cavaliers,Charlotte Hornets,50.0,50.0,0.0,0.0,0.0,0.0,AWAY,N/A,115,105,HOME,0.0,2025-11-25 12:38:59,0.0,0.0,0.0,0.0,0.0,0.0,0.0,0.0,0.0,0.0,0.0,,0.0,0.0,0.0,0.0,0.0,0.0,0.0,0.0,0.0,0.0,0.0,0.0,,0.0,0.0,0.0,0.0,0.0
2025-01-05_WashingtonWizards_NewOrleansPelicans,2025-01-05,Washington Wizards,New Orleans Pelicans,50.0,50.0,0.0,0.0,0.0,0.0,AWAY,N/A,98,110,AWAY,1.0,2025-11-25 12:38:59,0.0,0.0,0.0,0.0,0.0,0.0,0.0,0.0,0.0,0.0,0.0,,0.0,0.0,0.0,0.0,0.0,0.0,0.0,0.0,0.0,0.0,0.0,0.0,,0.0,0.0,0.0,0.0,0.0
2025-01-05_OrlandoMagic_UtahJazz,2025-01-05,Orlando Magic,Utah Jazz,50.0,50.0,0.0,0.0,0.0,0.0,AWAY,N/A,92,105,AWAY,1.0,2025-11-25 12:38:59,0.0,0.0,0.0,0.0,0.0,0.0,0.0,0.0,0.0,0.0,0.0,,0.0,0.0,0.0,0.0,0.0,0.0,0.0,0.0,0.0,0.0,0.0,0.0,,0.0,0.0,0.0,0.0,0.0
2025-01-06_HoustonRockets_LosAngelesLakers,2025-01-06,Houston Rockets,Los Angeles Lakers,50.0,50.0,0.0,0.0,0.0,0.0,AWAY,N/A,119,115,HOME,0.0,2025-11-25 12:38:59,0.0,0.0,0.0,0.0,0.0,0.0,0.0,0.0,0.0,0.0,0.0,,0.0,0.0,0.0,0.0,0.0,0.0,0.0,0.0,0.0,0.0,0.0,0.0,,0.0,0.0,0.0,0.0,0.0
2025-01-06_GoldenStateWarriors_SacramentoKings,2025-01-06,Golden State Warriors,Sacramento Kings,50.0,50.0,0.0,0.0,0.0,0.0,AWAY,N/A,99,129,AWAY,1.0,2025-11-25 12:38:59,0.0,0.0,0.0,0.0,0.0,0.0,0.0,0.0,0.0,0.0,0.0,,0.0,0.0,0.0,0.0,0.0,0.0,0.0,0.0,0.0,0.0,0.0,0.0,,0.0,0.0,0.0,0.0,0.0
2025-01-07_DetroitPistons_PortlandTrailBlazers,2025-01-07,Detroit Pistons,Portland Trail Blazers,50.0,50.0,0.0,0.0,0.0,0.0,AWAY,N/A,118,115,HOME,0.0,2025-11-25 12:38:59,0.0,0.0,0.0,0.0,0.0,0.0,0.0,0.0,0.0,0.0,0.0,,0.0,0.0,0.0,0.0,0.0,0.0,0.0,0.0,0.0,0.0,0.0,0.0,,0.0,0.0,0.0,0.0,0.0
2025-01-07_Philadelphia76ers_PhoenixSuns,2025-01-07,Philadelphia 76ers,Phoenix Suns,50.0,50.0,0.0,0.0,0.0,0.0,AWAY,N/A,99,109,AWAY,1.0,2025-11-25 12:38:59,0.0,0.0,0.0,0.0,0.0,0.0,0.0,0.0,0.0,0.0,0.0,,0.0,0.0,0.0,0.0,0.0,0.0,0.0,0.0,0.0,0.0,0.0,0.0,,0.0,0.0,0.0,0.0,0.0
2025-01-07_BrooklynNets_IndianaPacers,2025-01-07,Brooklyn Nets,Indiana Pacers,50.0,50.0,0.0,0.0,0.0,0.0,AWAY,N/A,99,113,AWAY,1.0,2025-11-25 12:38:59,0.0,0.0,0.0,0.0,0.0,0.0,0.0,0.0,0.0,0.0,0.0,,0.0,0.0,0.0,0.0,0.0,0.0,0.0,0.0,0.0,0.0,0.0,0.0,,0.0,0.0,0.0,0.0,0.0
2025-01-07_NewYorkKnicks_OrlandoMagic,2025-01-07,New York Knicks,Orlando Magic,50.0,50.0,0.0,0.0,0.0,0.0,AWAY,N/A,94,103,AWAY,1.0,2025-11-25 12:38:59,0.0,0.0,0.0,0.0,0.0,0.0,0.0,0.0,0.0,0.0,0.0,,0.0,0.0,0.0,0.0,0.0,0.0,0.0,0.0,0.0,0.0,0.0,0.0,,0.0,0.0,0.0,0.0,0.0
2025-01-07_TorontoRaptors_MilwaukeeBucks,2025-01-07,Toronto Raptors,Milwaukee Bucks,50.0,50.0,0.0,0.0,0.0,0.0,AWAY,N/A,104,128,AWAY,1.0,2025-11-25 12:38:59,0.0,0.0,0.0,0.0,0.0,0.0,0.0,0.0,0.0,0.0,0.0,,0.0,0.0,0.0,0.0,0.0,0.0,0.0,0.0,0.0,0.0,0.0,0.0,,0.0,0.0,0.0,0.0,0.0
2025-01-07_ChicagoBulls_SanAntonioSpurs,2025-01-07,Chicago Bulls,San Antonio Spurs,50.0,50.0,0.0,0.0,0.0,0.0,AWAY,N/A,114,110,HOME,0.0,2025-11-25 12:38:59,0.0,0.0,0.0,0.0,0.0,0.0,0.0,0.0,0.0,0.0,0.0,,0.0,0.0,0.0,0.0,0.0,0.0,0.0,0.0,0.0,0.0,0.0,0.0,,0.0,0.0,0.0,0.0,0.0
2025-01-07_MemphisGrizzlies_DallasMavericks,2025-01-07,Memphis Grizzlies,Dallas Mavericks,50.0,50.0,0.0,0.0,0.0,0.0,AWAY,N/A,119,104,HOME,0.0,2025-11-25 12:38:59,0.0,0.0,0.0,0.0,0.0,0.0,0.0,0.0,0.0,0.0,0.0,,0.0,0.0,0.0,0.0,0.0,0.0,0.0,0.0,0.0,0.0,0.0,0.0,,0.0,0.0,0.0,0.0,0.0
2025-01-07_MinnesotaTimberwolves_LAClippers,2025-01-07,Minnesota Timberwolves,LA Clippers,50.0,50.0,0.0,0.0,0.0,0.0,AWAY,N/A,108,106,HOME,0.0,2025-11-25 12:38:59,0.0,0.0,0.0,0.0,0.0,0.0,0.0,0.0,0.0,0.0,0.0,,0.0,0.0,0.0,0.0,0.0,0.0,0.0,0.0,0.0,0.0,0.0,0.0,,0.0,0.0,0.0,0.0,0.0
2025-01-07_SacramentoKings_MiamiHeat,2025-01-07,Sacramento Kings,Miami Heat,50.0,50.0,0.0,0.0,0.0,0.0,AWAY,N/A,123,118,HOME,0.0,2025-11-25 12:38:59,0.0,0.0,0.0,0.0,0.0,0.0,0.0,0.0,0.0,0.0,0.0,,0.0,0.0,0.0,0.0,0.0,0.0,0.0,0.0,0.0,0.0,0.0,0.0,,0.0,0.0,0.0,0.0,0.0
2025-01-08_CharlotteHornets_PhoenixSuns,2025-01-08,Charlotte Hornets,Phoenix Suns,50.0,50.0,0.0,0.0,0.0,0.0,AWAY,N/A,115,104,HOME,0.0,2025-11-25 12:38:59,0.0,0.0,0.0,0.0,0.0,0.0,0.0,0.0,0.0,0.0,0.0,,0.0,0.0,0.0,0.0,0.0,0.0,0.0,0.0,0.0,0.0,0.0,0.0,,0.0,0.0,0.0,0.0,0.0
2025-01-08_WashingtonWizards_HoustonRockets,2025-01-08,Washington Wizards,Houston Rockets,50.0,50.0,0.0,0.0,0.0,0.0,AWAY,N/A,112,135,AWAY,1.0,2025-11-25 12:38:59,0.0,0.0,0.0,0.0,0.0,0.0,0.0,0.0,0.0,0.0,0.0,,0.0,0.0,0.0,0.0,0.0,0.0,0.0,0.0,0.0,0.0,0.0,0.0,,0.0,0.0,0.0,0.0,0.0
2025-01-08_DallasMavericks_LosAngelesLakers,2025-01-08,Dallas Mavericks,Los Angeles Lakers,50.0,50.0,0.0,0.0,0.0,0.0,AWAY,N/A,118,97,HOME,0.0,2025-11-25 12:38:59,0.0,0.0,0.0,0.0,0.0,0.0,0.0,0.0,0.0,0.0,0.0,,0.0,0.0,0.0,0.0,0.0,0.0,0.0,0.0,0.0,0.0,0.0,0.0,,0.0,0.0,0.0,0.0,0.0
2025-01-08_NewOrleansPelicans_MinnesotaTimberwolves,2025-01-08,New Orleans Pelicans,Minnesota Timberwolves,50.0,50.0,0.0,0.0,0.0,0.0,AWAY,N/A,97,104,AWAY,1.0,2025-11-25 12:38:59,0.0,0.0,0.0,0.0,0.0,0.0,0.0,0.0,0.0,0.0,0.0,,0.0,0.0,0.0,0.0,0.0,0.0,0.0,0.0,0.0,0.0,0.0,0.0,,0.0,0.0,0.0,0.0,0.0
2025-01-08_UtahJazz_AtlantaHawks,2025-01-08,Utah Jazz,Atlanta Hawks,50.0,50.0,0.0,0.0,0.0,0.0,AWAY,N/A,121,124,AWAY,1.0,2025-11-25 12:38:59,0.0,0.0,0.0,0.0,0.0,0.0,0.0,0.0,0.0,0.0,0.0,,0.0,0.0,0.0,0.0,0.0,0.0,0.0,0.0,0.0,0.0,0.0,0.0,,0.0,0.0,0.0,0.0,0.0
2025-01-08_DenverNuggets_BostonCeltics,2025-01-08,Denver Nuggets,Boston Celtics,50.0,50.0,0.0,0.0,0.0,0.0,AWAY,N/A,106,118,AWAY,1.0,2025-11-25 12:38:59,0.0,0.0,0.0,0.0,0.0,0.0,0.0,0.0,0.0,0.0,0.0,,0.0,0.0,0.0,0.0,0.0,0.0,0.0,0.0,0.0,0.0,0.0,0.0,,0.0,0.0,0.0,0.0,0.0
2025-01-08_GoldenStateWarriors_MiamiHeat,2025-01-08,Golden State Warriors,Miami Heat,50.0,50.0,0.0,0.0,0.0,0.0,AWAY,N/A,98,114,AWAY,1.0,2025-11-25 12:38:59,0.0,0.0,0.0,0.0,0.0,0.0,0.0,0.0,0.0,0.0,0.0,,0.0,0.0,0.0,0.0,0.0,0.0,0.0,0.0,0.0,0.0,0.0,0.0,,0.0,0.0,0.0,0.0,0.0
2025-01-09_ClevelandCavaliers_OklahomaCityThunder,2025-01-09,Cleveland Cavaliers,Oklahoma City Thunder,50.0,50.0,0.0,0.0,0.0,0.0,AWAY,N/A,129,122,HOME,0.0,2025-11-25 12:38:59,0.0,0.0,0.0,0.0,0.0,0.0,0.0,0.0,0.0,0.0,0.0,,0.0,0.0,0.0,0.0,0.0,0.0,0.0,0.0,0.0,0.0,0.0,0.0,,0.0,0.0,0.0,0.0,0.0
2025-01-09_IndianaPacers_ChicagoBulls,2025-01-09,Indiana Pacers,Chicago Bulls,50.0,50.0,0.0,0.0,0.0,0.0,AWAY,N/A,129,113,HOME,0.0,2025-11-25 12:38:59,0.0,0.0,0.0,0.0,0.0,0.0,0.0,0.0,0.0,0.0,0.0,,0.0,0.0,0.0,0.0,0.0,0.0,0.0,0.0,0.0,0.0,0.0,0.0,,0.0,0.0,0.0,0.0,0.0
2025-01-09_Philadelphia76ers_WashingtonWizards,2025-01-09,Philadelphia 76ers,Washington Wizards,50.0,50.0,0.0,0.0,0.0,0.0,AWAY,N/A,109,103,HOME,0.0,2025-11-25 12:38:59,0.0,0.0,0.0,0.0,0.0,0.0,0.0,0.0,0.0,0.0,0.0,,0.0,0.0,0.0,0.0,0.0,0.0,0.0,0.0,0.0,0.0,0.0,0.0,,0.0,0.0,0.0,0.0,0.0
2025-01-09_NewYorkKnicks_TorontoRaptors,2025-01-09,New York Knicks,Toronto Raptors,50.0,50.0,0.0,0.0,0.0,0.0,AWAY,N/A,112,98,HOME,0.0,2025-11-25 12:38:59,0.0,0.0,0.0,0.0,0.0,0.0,0.0,0.0,0.0,0.0,0.0,,0.0,0.0,0.0,0.0,0.0,0.0,0.0,0.0,0.0,0.0,0.0,0.0,,0.0,0.0,0.0,0.0,0.0
2025-01-09_BrooklynNets_DetroitPistons,2025-01-09,Brooklyn Nets,Detroit Pistons,50.0,50.0,0.0,0.0,0.0,0.0,AWAY,N/A,98,113,AWAY,1.0,2025-11-25 12:38:59,0.0,0.0,0.0,0.0,0.0,0.0,0.0,0.0,0.0,0.0,0.0,,0.0,0.0,0.0,0.0,0.0,0.0,0.0,0.0,0.0,0.0,0.0,0.0,,0.0,0.0,0.0,0.0,0.0
2025-01-09_NewOrleansPelicans_PortlandTrailBlazers,2025-01-09,New Orleans Pelicans,Portland Trail Blazers,50.0,50.0,0.0,0.0,0.0,0.0,AWAY,N/A,100,119,AWAY,1.0,2025-11-25 12:38:59,0.0,0.0,0.0,0.0,0.0,0.0,0.0,0.0,0.0,0.0,0.0,,0.0,0.0,0.0,0.0,0.0,0.0,0.0,0.0,0.0,0.0,0.0,0.0,,0.0,0.0,0.0,0.0,0.0
2025-01-09_DenverNuggets_LAClippers,2025-01-09,Denver Nuggets,LA Clippers,50.0,50.0,0.0,0.0,0.0,0.0,AWAY,N/A,126,103,HOME,0.0,2025-11-25 12:38:59,0.0,0.0,0.0,0.0,0.0,0.0,0.0,0.0,0.0,0.0,0.0,,0.0,0.0,0.0,0.0,0.0,0.0,0.0,0.0,0.0,0.0,0.0,0.0,,0.0,0.0,0.0,0.0,0.0
2025-01-09_MilwaukeeBucks_SanAntonioSpurs,2025-01-09,Milwaukee Bucks,San Antonio Spurs,50.0,50.0,0.0,0.0,0.0,0.0,AWAY,N/A,121,105,HOME,0.0,2025-11-25 12:38:59,0.0,0.0,0.0,0.0,0.0,0.0,0.0,0.0,0.0,0.0,0.0,,0.0,0.0,0.0,0.0,0.0,0.0,0.0,0.0,0.0,0.0,0.0,0.0,,0.0,0.0,0.0,0.0,0.0
2025-01-10_ClevelandCavaliers_TorontoRaptors,2025-01-10,Cleveland Cavaliers,Toronto Raptors,50.0,50.0,0.0,0.0,0.0,0.0,AWAY,N/A,132,126,HOME,0.0,2025-11-25 12:38:59,0.0,0.0,0.0,0.0,0.0,0.0,0.0,0.0,0.0,0.0,0.0,,0.0,0.0,0.0,0.0,0.0,0.0,0.0,0.0,0.0,0.0,0.0,0.0,,0.0,0.0,0.0,0.0,0.0
2025-01-10_DetroitPistons_GoldenStateWarriors,2025-01-10,Detroit Pistons,Golden State Warriors,50.0,50.0,0.0,0.0,0.0,0.0,AWAY,N/A,104,107,AWAY,1.0,2025-11-25 12:38:59,0.0,0.0,0.0,0.0,0.0,0.0,0.0,0.0,0.0,0.0,0.0,,0.0,0.0,0.0,0.0,0.0,0.0,0.0,0.0,0.0,0.0,0.0,0.0,,0.0,0.0,0.0,0.0,0.0
2025-01-10_OrlandoMagic_MinnesotaTimberwolves,2025-01-10,Orlando Magic,Minnesota Timberwolves,50.0,50.0,0.0,0.0,0.0,0.0,AWAY,N/A,89,104,AWAY,1.0,2025-11-25 12:38:59,0.0,0.0,0.0,0.0,0.0,0.0,0.0,0.0,0.0,0.0,0.0,,0.0,0.0,0.0,0.0,0.0,0.0,0.0,0.0,0.0,0.0,0.0,0.0,,0.0,0.0,0.0,0.0,0.0
2025-01-10_DallasMavericks_PortlandTrailBlazers,2025-01-10,Dallas Mavericks,Portland Trail Blazers,50.0,50.0,0.0,0.0,0.0,0.0,AWAY,N/A,117,111,HOME,0.0,2025-11-25 12:38:59,0.0,0.0,0.0,0.0,0.0,0.0,0.0,0.0,0.0,0.0,0.0,,0.0,0.0,0.0,0.0,0.0,0.0,0.0,0.0,0.0,0.0,0.0,0.0,,0.0,0.0,0.0,0.0,0.0
2025-01-10_MemphisGrizzlies_HoustonRockets,2025-01-10,Memphis Grizzlies,Houston Rockets,50.0,50.0,0.0,0.0,0.0,0.0,AWAY,N/A,115,119,AWAY,1.0,2025-11-25 12:38:59,0.0,0.0,0.0,0.0,0.0,0.0,0.0,0.0,0.0,0.0,0.0,,0.0,0.0,0.0,0.0,0.0,0.0,0.0,0.0,0.0,0.0,0.0,0.0,,0.0,0.0,0.0,0.0,0.0
2025-01-10_PhoenixSuns_AtlantaHawks,2025-01-10,Phoenix Suns,Atlanta Hawks,50.0,50.0,0.0,0.0,0.0,0.0,AWAY,N/A,123,115,HOME,0.0,2025-11-25 12:38:59,0.0,0.0,0.0,0.0,0.0,0.0,0.0,0.0,0.0,0.0,0.0,,0.0,0.0,0.0,0.0,0.0,0.0,0.0,0.0,0.0,0.0,0.0,0.0,,0.0,0.0,0.0,0.0,0.0
2025-01-10_UtahJazz_MiamiHeat,2025-01-10,Utah Jazz,Miami Heat,50.0,50.0,0.0,0.0,0.0,0.0,AWAY,N/A,92,97,AWAY,1.0,2025-11-25 12:38:59,0.0,0.0,0.0,0.0,0.0,0.0,0.0,0.0,0.0,0.0,0.0,,0.0,0.0,0.0,0.0,0.0,0.0,0.0,0.0,0.0,0.0,0.0,0.0,,0.0,0.0,0.0,0.0,0.0
2025-01-11_IndianaPacers_GoldenStateWarriors,2025-01-11,Indiana Pacers,Golden State Warriors,50.0,50.0,0.0,0.0,0.0,0.0,AWAY,N/A,108,96,HOME,0.0,2025-11-25 12:38:59,0.0,0.0,0.0,0.0,0.0,0.0,0.0,0.0,0.0,0.0,0.0,,0.0,0.0,0.0,0.0,0.0,0.0,0.0,0.0,0.0,0.0,0.0,0.0,,0.0,0.0,0.0,0.0,0.0
2025-01-11_OrlandoMagic_MilwaukeeBucks,2025-01-11,Orlando Magic,Milwaukee Bucks,50.0,50.0,0.0,0.0,0.0,0.0,AWAY,N/A,106,109,AWAY,1.0,2025-11-25 12:38:59,0.0,0.0,0.0,0.0,0.0,0.0,0.0,0.0,0.0,0.0,0.0,,0.0,0.0,0.0,0.0,0.0,0.0,0.0,0.0,0.0,0.0,0.0,0.0,,0.0,0.0,0.0,0.0,0.0
2025-01-11_Philadelphia76ers_NewOrleansPelicans,2025-01-11,Philadelphia 76ers,New Orleans Pelicans,50.0,50.0,0.0,0.0,0.0,0.0,AWAY,N/A,115,123,AWAY,1.0,2025-11-25 12:38:59,0.0,0.0,0.0,0.0,0.0,0.0,0.0,0.0,0.0,0.0,0.0,,0.0,0.0,0.0,0.0,0.0,0.0,0.0,0.0,0.0,0.0,0.0,0.0,,0.0,0.0,0.0,0.0,0.0
2025-01-11_BostonCeltics_SacramentoKings,2025-01-11,Boston Celtics,Sacramento Kings,50.0,50.0,0.0,0.0,0.0,0.0,AWAY,N/A,97,114,AWAY,1.0,2025-11-25 12:38:59,0.0,0.0,0.0,0.0,0.0,0.0,0.0,0.0,0.0,0.0,0.0,,0.0,0.0,0.0,0.0,0.0,0.0,0.0,0.0,0.0,0.0,0.0,0.0,,0.0,0.0,0.0,0.0,0.0
2025-01-11_NewYorkKnicks_OklahomaCityThunder,2025-01-11,New York Knicks,Oklahoma City Thunder,50.0,50.0,0.0,0.0,0.0,0.0,AWAY,N/A,101,126,AWAY,1.0,2025-11-25 12:38:59,0.0,0.0,0.0,0.0,0.0,0.0,0.0,0.0,0.0,0.0,0.0,,0.0,0.0,0.0,0.0,0.0,0.0,0.0,0.0,0.0,0.0,0.0,0.0,,0.0,0.0,0.0,0.0,0.0
2025-01-11_ChicagoBulls_WashingtonWizards,2025-01-11,Chicago Bulls,Washington Wizards,50.0,50.0,0.0,0.0,0.0,0.0,AWAY,N/A,138,105,HOME,0.0,2025-11-25 12:38:59,0.0,0.0,0.0,0.0,0.0,0.0,0.0,0.0,0.0,0.0,0.0,,0.0,0.0,0.0,0.0,0.0,0.0,0.0,0.0,0.0,0.0,0.0,0.0,,0.0,0.0,0.0,0.0,0.0
2025-01-11_DenverNuggets_BrooklynNets,2025-01-11,Denver Nuggets,Brooklyn Nets,50.0,50.0,0.0,0.0,0.0,0.0,AWAY,N/A,124,105,HOME,0.0,2025-11-25 12:38:59,0.0,0.0,0.0,0.0,0.0,0.0,0.0,0.0,0.0,0.0,0.0,,0.0,0.0,0.0,0.0,0.0,0.0,0.0,0.0,0.0,0.0,0.0,0.0,,0.0,0.0,0.0,0.0,0.0
2025-01-11_PhoenixSuns_UtahJazz,2025-01-11,Phoenix Suns,Utah Jazz,50.0,50.0,0.0,0.0,0.0,0.0,AWAY,N/A,114,106,HOME,0.0,2025-11-25 12:38:59,0.0,0.0,0.0,0.0,0.0,0.0,0.0,0.0,0.0,0.0,0.0,,0.0,0.0,0.0,0.0,0.0,0.0,0.0,0.0,0.0,0.0,0.0,0.0,,0.0,0.0,0.0,0.0,0.0
2025-01-12_DetroitPistons_TorontoRaptors,2025-01-12,Detroit Pistons,Toronto Raptors,50.0,50.0,0.0,0.0,0.0,0.0,AWAY,N/A,123,114,HOME,0.0,2025-11-25 12:38:59,0.0,0.0,0.0,0.0,0.0,0.0,0.0,0.0,0.0,0.0,0.0,,0.0,0.0,0.0,0.0,0.0,0.0,0.0,0.0,0.0,0.0,0.0,0.0,,0.0,0.0,0.0,0.0,0.0
2025-01-12_MinnesotaTimberwolves_MemphisGrizzlies,2025-01-12,Minnesota Timberwolves,Memphis Grizzlies,50.0,50.0,0.0,0.0,0.0,0.0,AWAY,N/A,125,127,AWAY,1.0,2025-11-25 12:38:59,0.0,0.0,0.0,0.0,0.0,0.0,0.0,0.0,0.0,0.0,0.0,,0.0,0.0,0.0,0.0,0.0,0.0,0.0,0.0,0.0,0.0,0.0,0.0,,0.0,0.0,0.0,0.0,0.0
2025-01-12_PortlandTrailBlazers_MiamiHeat,2025-01-12,Portland Trail Blazers,Miami Heat,50.0,50.0,0.0,0.0,0.0,0.0,AWAY,N/A,98,119,AWAY,1.0,2025-11-25 12:38:59,0.0,0.0,0.0,0.0,0.0,0.0,0.0,0.0,0.0,0.0,0.0,,0.0,0.0,0.0,0.0,0.0,0.0,0.0,0.0,0.0,0.0,0.0,0.0,,0.0,0.0,0.0,0.0,0.0
2025-01-12_NewYorkKnicks_MilwaukeeBucks,2025-01-12,New York Knicks,Milwaukee Bucks,50.0,50.0,0.0,0.0,0.0,0.0,AWAY,N/A,140,106,HOME,0.0,2025-11-25 12:38:59,0.0,0.0,0.0,0.0,0.0,0.0,0.0,0.0,0.0,0.0,0.0,,0.0,0.0,0.0,0.0,0.0,0.0,0.0,0.0,0.0,0.0,0.0,0.0,,0.0,0.0,0.0,0.0,0.0
2025-01-12_DallasMavericks_DenverNuggets,2025-01-12,Dallas Mavericks,Denver Nuggets,50.0,50.0,0.0,0.0,0.0,0.0,AWAY,N/A,101,112,AWAY,1.0,2025-11-25 12:38:59,0.0,0.0,0.0,0.0,0.0,0.0,0.0,0.0,0.0,0.0,0.0,,0.0,0.0,0.0,0.0,0.0,0.0,0.0,0.0,0.0,0.0,0.0,0.0,,0.0,0.0,0.0,0.0,0.0
2025-01-12_ChicagoBulls_SacramentoKings,2025-01-12,Chicago Bulls,Sacramento Kings,50.0,50.0,0.0,0.0,0.0,0.0,AWAY,N/A,119,124,AWAY,1.0,2025-11-25 12:38:59,0.0,0.0,0.0,0.0,0.0,0.0,0.0,0.0,0.0,0.0,0.0,,0.0,0.0,0.0,0.0,0.0,0.0,0.0,0.0,0.0,0.0,0.0,0.0,,0.0,0.0,0.0,0.0,0.0
2025-01-12_BostonCeltics_NewOrleansPelicans,2025-01-12,Boston Celtics,New Orleans Pelicans,50.0,50.0,0.0,0.0,0.0,0.0,AWAY,N/A,120,119,HOME,0.0,2025-11-25 12:38:59,0.0,0.0,0.0,0.0,0.0,0.0,0.0,0.0,0.0,0.0,0.0,,0.0,0.0,0.0,0.0,0.0,0.0,0.0,0.0,0.0,0.0,0.0,0.0,,0.0,0.0,0.0,0.0,0.0
2025-01-12_ClevelandCavaliers_IndianaPacers,2025-01-12,Cleveland Cavaliers,Indiana Pacers,50.0,50.0,0.0,0.0,0.0,0.0,AWAY,N/A,93,108,AWAY,1.0,2025-11-25 12:38:59,0.0,0.0,0.0,0.0,0.0,0.0,0.0,0.0,0.0,0.0,0.0,,0.0,0.0,0.0,0.0,0.0,0.0,0.0,0.0,0.0,0.0,0.0,0.0,,0.0,0.0,0.0,0.0,0.0
2025-01-12_OrlandoMagic_Philadelphia76ers,2025-01-12,Orlando Magic,Philadelphia 76ers,50.0,50.0,0.0,0.0,0.0,0.0,AWAY,N/A,104,99,HOME,0.0,2025-11-25 12:38:59,0.0,0.0,0.0,0.0,0.0,0.0,0.0,0.0,0.0,0.0,0.0,,0.0,0.0,0.0,0.0,0.0,0.0,0.0,0.0,0.0,0.0,0.0,0.0,,0.0,0.0,0.0,0.0,0.0
2025-01-12_WashingtonWizards_OklahomaCityThunder,2025-01-12,Washington Wizards,Oklahoma City Thunder,50.0,50.0,0.0,0.0,0.0,0.0,AWAY,N/A,95,136,AWAY,1.0,2025-11-25 12:38:59,0.0,0.0,0.0,0.0,0.0,0.0,0.0,0.0,0.0,0.0,0.0,,0.0,0.0,0.0,0.0,0.0,0.0,0.0,0.0,0.0,0.0,0.0,0.0,,0.0,0.0,0.0,0.0,0.0
2025-01-13_UtahJazz_BrooklynNets,2025-01-13,Utah Jazz,Brooklyn Nets,50.0,50.0,0.0,0.0,0.0,0.0,AWAY,N/A,112,111,HOME,0.0,2025-11-25 12:38:59,0.0,0.0,0.0,0.0,0.0,0.0,0.0,0.0,0.0,0.0,0.0,,0.0,0.0,0.0,0.0,0.0,0.0,0.0,0.0,0.0,0.0,0.0,0.0,,0.0,0.0,0.0,0.0,0.0
2025-01-13_PhoenixSuns_CharlotteHornets,2025-01-13,Phoenix Suns,Charlotte Hornets,50.0,50.0,0.0,0.0,0.0,0.0,AWAY,N/A,120,113,HOME,0.0,2025-11-25 12:38:59,0.0,0.0,0.0,0.0,0.0,0.0,0.0,0.0,0.0,0.0,0.0,,0.0,0.0,0.0,0.0,0.0,0.0,0.0,0.0,0.0,0.0,0.0,0.0,,0.0,0.0,0.0,0.0,0.0
2025-01-14_WashingtonWizards_MinnesotaTimberwolves,2025-01-14,Washington Wizards,Minnesota Timberwolves,50.0,50.0,0.0,0.0,0.0,0.0,AWAY,N/A,106,120,AWAY,1.0,2025-11-25 12:38:59,0.0,0.0,0.0,0.0,0.0,0.0,0.0,0.0,0.0,0.0,0.0,,0.0,0.0,0.0,0.0,0.0,0.0,0.0,0.0,0.0,0.0,0.0,0.0,,0.0,0.0,0.0,0.0,0.0
2025-01-14_NewYorkKnicks_DetroitPistons,2025-01-14,New York Knicks,Detroit Pistons,50.0,50.0,0.0,0.0,0.0,0.0,AWAY,N/A,119,124,AWAY,1.0,2025-11-25 12:38:59,0.0,0.0,0.0,0.0,0.0,0.0,0.0,0.0,0.0,0.0,0.0,,0.0,0.0,0.0,0.0,0.0,0.0,0.0,0.0,0.0,0.0,0.0,0.0,,0.0,0.0,0.0,0.0,0.0
2025-01-14_TorontoRaptors_GoldenStateWarriors,2025-01-14,Toronto Raptors,Golden State Warriors,50.0,50.0,0.0,0.0,0.0,0.0,AWAY,N/A,104,101,HOME,0.0,2025-11-25 12:38:59,0.0,0.0,0.0,0.0,0.0,0.0,0.0,0.0,0.0,0.0,0.0,,0.0,0.0,0.0,0.0,0.0,0.0,0.0,0.0,0.0,0.0,0.0,0.0,,0.0,0.0,0.0,0.0,0.0
2025-01-14_HoustonRockets_MemphisGrizzlies,2025-01-14,Houston Rockets,Memphis Grizzlies,50.0,50.0,0.0,0.0,0.0,0.0,AWAY,N/A,120,118,HOME,0.0,2025-11-25 12:38:59,0.0,0.0,0.0,0.0,0.0,0.0,0.0,0.0,0.0,0.0,0.0,,0.0,0.0,0.0,0.0,0.0,0.0,0.0,0.0,0.0,0.0,0.0,0.0,,0.0,0.0,0.0,0.0,0.0
2025-01-14_LosAngelesLakers_SanAntonioSpurs,2025-01-14,Los Angeles Lakers,San Antonio Spurs,50.0,50.0,0.0,0.0,0.0,0.0,AWAY,N/A,102,126,AWAY,1.0,2025-11-25 12:38:59,0.0,0.0,0.0,0.0,0.0,0.0,0.0,0.0,0.0,0.0,0.0,,0.0,0.0,0.0,0.0,0.0,0.0,0.0,0.0,0.0,0.0,0.0,0.0,,0.0,0.0,0.0,0.0,0.0
2025-01-14_LAClippers_MiamiHeat,2025-01-14,LA Clippers,Miami Heat,50.0,50.0,0.0,0.0,0.0,0.0,AWAY,N/A,109,98,HOME,0.0,2025-11-25 12:38:59,0.0,0.0,0.0,0.0,0.0,0.0,0.0,0.0,0.0,0.0,0.0,,0.0,0.0,0.0,0.0,0.0,0.0,0.0,0.0,0.0,0.0,0.0,0.0,,0.0,0.0,0.0,0.0,0.0
2025-01-15_IndianaPacers_ClevelandCavaliers,2025-01-15,Indiana Pacers,Cleveland Cavaliers,50.0,50.0,0.0,0.0,0.0,0.0,AWAY,N/A,117,127,AWAY,1.0,2025-11-25 12:38:59,0.0,0.0,0.0,0.0,0.0,0.0,0.0,0.0,0.0,0.0,0.0,,0.0,0.0,0.0,0.0,0.0,0.0,0.0,0.0,0.0,0.0,0.0,0.0,,0.0,0.0,0.0,0.0,0.0
2025-01-15_Philadelphia76ers_OklahomaCityThunder,2025-01-15,Philadelphia 76ers,Oklahoma City Thunder,50.0,50.0,0.0,0.0,0.0,0.0,AWAY,N/A,102,118,AWAY,1.0,2025-11-25 12:38:59,0.0,0.0,0.0,0.0,0.0,0.0,0.0,0.0,0.0,0.0,0.0,,0.0,0.0,0.0,0.0,0.0,0.0,0.0,0.0,0.0,0.0,0.0,0.0,,0.0,0.0,0.0,0.0,0.0
2025-01-15_AtlantaHawks_PhoenixSuns,2025-01-15,Atlanta Hawks,Phoenix Suns,50.0,50.0,0.0,0.0,0.0,0.0,AWAY,N/A,122,117,HOME,0.0,2025-11-25 12:38:59,0.0,0.0,0.0,0.0,0.0,0.0,0.0,0.0,0.0,0.0,0.0,,0.0,0.0,0.0,0.0,0.0,0.0,0.0,0.0,0.0,0.0,0.0,0.0,,0.0,0.0,0.0,0.0,0.0
2025-01-15_ChicagoBulls_NewOrleansPelicans,2025-01-15,Chicago Bulls,New Orleans Pelicans,50.0,50.0,0.0,0.0,0.0,0.0,AWAY,N/A,113,119,AWAY,1.0,2025-11-25 12:38:59,0.0,0.0,0.0,0.0,0.0,0.0,0.0,0.0,0.0,0.0,0.0,,0.0,0.0,0.0,0.0,0.0,0.0,0.0,0.0,0.0,0.0,0.0,0.0,,0.0,0.0,0.0,0.0,0.0
2025-01-15_MilwaukeeBucks_SacramentoKings,2025-01-15,Milwaukee Bucks,Sacramento Kings,50.0,50.0,0.0,0.0,0.0,0.0,AWAY,N/A,130,115,HOME,0.0,2025-11-25 12:38:59,0.0,0.0,0.0,0.0,0.0,0.0,0.0,0.0,0.0,0.0,0.0,,0.0,0.0,0.0,0.0,0.0,0.0,0.0,0.0,0.0,0.0,0.0,0.0,,0.0,0.0,0.0,0.0,0.0
2025-01-15_DallasMavericks_DenverNuggets,2025-01-15,Dallas Mavericks,Denver Nuggets,50.0,50.0,0.0,0.0,0.0,0.0,AWAY,N/A,99,118,AWAY,1.0,2025-11-25 12:38:59,0.0,0.0,0.0,0.0,0.0,0.0,0.0,0.0,0.0,0.0,0.0,,0.0,0.0,0.0,0.0,0.0,0.0,0.0,0.0,0.0,0.0,0.0,0.0,,0.0,0.0,0.0,0.0,0.0
2025-01-15_PortlandTrailBlazers_BrooklynNets,2025-01-15,Portland Trail Blazers,Brooklyn Nets,50.0,50.0,0.0,0.0,0.0,0.0,AWAY,N/A,114,132,AWAY,1.0,2025-11-25 12:38:59,0.0,0.0,0.0,0.0,0.0,0.0,0.0,0.0,0.0,0.0,0.0,,0.0,0.0,0.0,0.0,0.0,0.0,0.0,0.0,0.0,0.0,0.0,0.0,,0.0,0.0,0.0,0.0,0.0
2025-01-16_Philadelphia76ers_NewYorkKnicks,2025-01-16,Philadelphia 76ers,New York Knicks,50.0,50.0,0.0,0.0,0.0,0.0,AWAY,N/A,119,125,AWAY,1.0,2025-11-25 12:38:59,0.0,0.0,0.0,0.0,0.0,0.0,0.0,0.0,0.0,0.0,0.0,,0.0,0.0,0.0,0.0,0.0,0.0,0.0,0.0,0.0,0.0,0.0,0.0,,0.0,0.0,0.0,0.0,0.0
2025-01-16_TorontoRaptors_BostonCeltics,2025-01-16,Toronto Raptors,Boston Celtics,50.0,50.0,0.0,0.0,0.0,0.0,AWAY,N/A,110,97,HOME,0.0,2025-11-25 12:38:59,0.0,0.0,0.0,0.0,0.0,0.0,0.0,0.0,0.0,0.0,0.0,,0.0,0.0,0.0,0.0,0.0,0.0,0.0,0.0,0.0,0.0,0.0,0.0,,0.0,0.0,0.0,0.0,0.0
2025-01-16_ChicagoBulls_AtlantaHawks,2025-01-16,Chicago Bulls,Atlanta Hawks,50.0,50.0,0.0,0.0,0.0,0.0,AWAY,N/A,94,110,AWAY,1.0,2025-11-25 12:38:59,0.0,0.0,0.0,0.0,0.0,0.0,0.0,0.0,0.0,0.0,0.0,,0.0,0.0,0.0,0.0,0.0,0.0,0.0,0.0,0.0,0.0,0.0,0.0,,0.0,0.0,0.0,0.0,0.0
2025-01-16_MilwaukeeBucks_OrlandoMagic,2025-01-16,Milwaukee Bucks,Orlando Magic,50.0,50.0,0.0,0.0,0.0,0.0,AWAY,N/A,122,93,HOME,0.0,2025-11-25 12:38:59,0.0,0.0,0.0,0.0,0.0,0.0,0.0,0.0,0.0,0.0,0.0,,0.0,0.0,0.0,0.0,0.0,0.0,0.0,0.0,0.0,0.0,0.0,0.0,,0.0,0.0,0.0,0.0,0.0
2025-01-16_NewOrleansPelicans_DallasMavericks,2025-01-16,New Orleans Pelicans,Dallas Mavericks,50.0,50.0,0.0,0.0,0.0,0.0,AWAY,N/A,119,116,HOME,0.0,2025-11-25 12:38:59,0.0,0.0,0.0,0.0,0.0,0.0,0.0,0.0,0.0,0.0,0.0,,0.0,0.0,0.0,0.0,0.0,0.0,0.0,0.0,0.0,0.0,0.0,0.0,,0.0,0.0,0.0,0.0,0.0
2025-01-16_SanAntonioSpurs_MemphisGrizzlies,2025-01-16,San Antonio Spurs,Memphis Grizzlies,50.0,50.0,0.0,0.0,0.0,0.0,AWAY,N/A,115,129,AWAY,1.0,2025-11-25 12:38:59,0.0,0.0,0.0,0.0,0.0,0.0,0.0,0.0,0.0,0.0,0.0,,0.0,0.0,0.0,0.0,0.0,0.0,0.0,0.0,0.0,0.0,0.0,0.0,,0.0,0.0,0.0,0.0,0.0
2025-01-16_DenverNuggets_HoustonRockets,2025-01-16,Denver Nuggets,Houston Rockets,50.0,50.0,0.0,0.0,0.0,0.0,AWAY,N/A,108,128,AWAY,1.0,2025-11-25 12:38:59,0.0,0.0,0.0,0.0,0.0,0.0,0.0,0.0,0.0,0.0,0.0,,0.0,0.0,0.0,0.0,0.0,0.0,0.0,0.0,0.0,0.0,0.0,0.0,,0.0,0.0,0.0,0.0,0.0
2025-01-16_UtahJazz_CharlotteHornets,2025-01-16,Utah Jazz,Charlotte Hornets,50.0,50.0,0.0,0.0,0.0,0.0,AWAY,N/A,112,117,AWAY,1.0,2025-11-25 12:38:59,0.0,0.0,0.0,0.0,0.0,0.0,0.0,0.0,0.0,0.0,0.0,,0.0,0.0,0.0,0.0,0.0,0.0,0.0,0.0,0.0,0.0,0.0,0.0,,0.0,0.0,0.0,0.0,0.0
2025-01-16_MinnesotaTimberwolves_GoldenStateWarriors,2025-01-16,Minnesota Timberwolves,Golden State Warriors,50.0,50.0,0.0,0.0,0.0,0.0,AWAY,N/A,115,116,AWAY,1.0,2025-11-25 12:38:59,0.0,0.0,0.0,0.0,0.0,0.0,0.0,0.0,0.0,0.0,0.0,,0.0,0.0,0.0,0.0,0.0,0.0,0.0,0.0,0.0,0.0,0.0,0.0,,0.0,0.0,0.0,0.0,0.0
2025-01-16_LosAngelesLakers_MiamiHeat,2025-01-16,Los Angeles Lakers,Miami Heat,50.0,50.0,0.0,0.0,0.0,0.0,AWAY,N/A,117,108,HOME,0.0,2025-11-25 12:38:59,0.0,0.0,0.0,0.0,0.0,0.0,0.0,0.0,0.0,0.0,0.0,,0.0,0.0,0.0,0.0,0.0,0.0,0.0,0.0,0.0,0.0,0.0,0.0,,0.0,0.0,0.0,0.0,0.0
2025-01-16_LAClippers_BrooklynNets,2025-01-16,LA Clippers,Brooklyn Nets,50.0,50.0,0.0,0.0,0.0,0.0,AWAY,N/A,126,67,HOME,0.0,2025-11-25 12:38:59,0.0,0.0,0.0,0.0,0.0,0.0,0.0,0.0,0.0,0.0,0.0,,0.0,0.0,0.0,0.0,0.0,0.0,0.0,0.0,0.0,0.0,0.0,0.0,,0.0,0.0,0.0,0.0,0.0
2025-01-17_DetroitPistons_IndianaPacers,2025-01-17,Detroit Pistons,Indiana Pacers,50.0,50.0,0.0,0.0,0.0,0.0,AWAY,N/A,100,111,AWAY,1.0,2025-11-25 12:38:59,0.0,0.0,0.0,0.0,0.0,0.0,0.0,0.0,0.0,0.0,0.0,,0.0,0.0,0.0,0.0,0.0,0.0,0.0,0.0,0.0,0.0,0.0,0.0,,0.0,0.0,0.0,0.0,0.0
2025-01-17_WashingtonWizards_PhoenixSuns,2025-01-17,Washington Wizards,Phoenix Suns,50.0,50.0,0.0,0.0,0.0,0.0,AWAY,N/A,123,130,AWAY,1.0,2025-11-25 12:38:59,0.0,0.0,0.0,0.0,0.0,0.0,0.0,0.0,0.0,0.0,0.0,,0.0,0.0,0.0,0.0,0.0,0.0,0.0,0.0,0.0,0.0,0.0,0.0,,0.0,0.0,0.0,0.0,0.0
2025-01-17_OklahomaCityThunder_ClevelandCavaliers,2025-01-17,Oklahoma City Thunder,Cleveland Cavaliers,50.0,50.0,0.0,0.0,0.0,0.0,AWAY,N/A,134,114,HOME,0.0,2025-11-25 12:38:59,0.0,0.0,0.0,0.0,0.0,0.0,0.0,0.0,0.0,0.0,0.0,,0.0,0.0,0.0,0.0,0.0,0.0,0.0,0.0,0.0,0.0,0.0,0.0,,0.0,0.0,0.0,0.0,0.0
2025-01-17_PortlandTrailBlazers_LAClippers,2025-01-17,Portland Trail Blazers,LA Clippers,50.0,50.0,0.0,0.0,0.0,0.0,AWAY,N/A,89,118,AWAY,1.0,2025-11-25 12:38:59,0.0,0.0,0.0,0.0,0.0,0.0,0.0,0.0,0.0,0.0,0.0,,0.0,0.0,0.0,0.0,0.0,0.0,0.0,0.0,0.0,0.0,0.0,0.0,,0.0,0.0,0.0,0.0,0.0
2025-01-17_SacramentoKings_HoustonRockets,2025-01-17,Sacramento Kings,Houston Rockets,50.0,50.0,0.0,0.0,0.0,0.0,AWAY,N/A,132,127,HOME,0.0,2025-11-25 12:38:59,0.0,0.0,0.0,0.0,0.0,0.0,0.0,0.0,0.0,0.0,0.0,,0.0,0.0,0.0,0.0,0.0,0.0,0.0,0.0,0.0,0.0,0.0,0.0,,0.0,0.0,0.0,0.0,0.0
2025-01-18_BostonCeltics_OrlandoMagic,2025-01-18,Boston Celtics,Orlando Magic,50.0,50.0,0.0,0.0,0.0,0.0,AWAY,N/A,121,94,HOME,0.0,2025-11-25 12:38:59,0.0,0.0,0.0,0.0,0.0,0.0,0.0,0.0,0.0,0.0,0.0,,0.0,0.0,0.0,0.0,0.0,0.0,0.0,0.0,0.0,0.0,0.0,0.0,,0.0,0.0,0.0,0.0,0.0
2025-01-18_NewYorkKnicks_MinnesotaTimberwolves,2025-01-18,New York Knicks,Minnesota Timberwolves,50.0,50.0,0.0,0.0,0.0,0.0,AWAY,N/A,99,116,AWAY,1.0,2025-11-25 12:38:59,0.0,0.0,0.0,0.0,0.0,0.0,0.0,0.0,0.0,0.0,0.0,,0.0,0.0,0.0,0.0,0.0,0.0,0.0,0.0,0.0,0.0,0.0,0.0,,0.0,0.0,0.0,0.0,0.0
2025-01-18_MiamiHeat_DenverNuggets,2025-01-18,Miami Heat,Denver Nuggets,50.0,50.0,0.0,0.0,0.0,0.0,AWAY,N/A,113,133,AWAY,1.0,2025-11-25 12:38:59,0.0,0.0,0.0,0.0,0.0,0.0,0.0,0.0,0.0,0.0,0.0,,0.0,0.0,0.0,0.0,0.0,0.0,0.0,0.0,0.0,0.0,0.0,0.0,,0.0,0.0,0.0,0.0,0.0
2025-01-18_MilwaukeeBucks_TorontoRaptors,2025-01-18,Milwaukee Bucks,Toronto Raptors,50.0,50.0,0.0,0.0,0.0,0.0,AWAY,N/A,130,112,HOME,0.0,2025-11-25 12:39:00,0.0,0.0,0.0,0.0,0.0,0.0,0.0,0.0,0.0,0.0,0.0,,0.0,0.0,0.0,0.0,0.0,0.0,0.0,0.0,0.0,0.0,0.0,0.0,,0.0,0.0,0.0,0.0,0.0
2025-01-18_NewOrleansPelicans_UtahJazz,2025-01-18,New Orleans Pelicans,Utah Jazz,50.0,50.0,0.0,0.0,0.0,0.0,AWAY,N/A,136,123,HOME,0.0,2025-11-25 12:39:00,0.0,0.0,0.0,0.0,0.0,0.0,0.0,0.0,0.0,0.0,0.0,,0.0,0.0,0.0,0.0,0.0,0.0,0.0,0.0,0.0,0.0,0.0,0.0,,0.0,0.0,0.0,0.0,0.0
2025-01-18_ChicagoBulls_CharlotteHornets,2025-01-18,Chicago Bulls,Charlotte Hornets,50.0,50.0,0.0,0.0,0.0,0.0,AWAY,N/A,123,125,AWAY,1.0,2025-11-25 12:39:00,0.0,0.0,0.0,0.0,0.0,0.0,0.0,0.0,0.0,0.0,0.0,,0.0,0.0,0.0,0.0,0.0,0.0,0.0,0.0,0.0,0.0,0.0,0.0,,0.0,0.0,0.0,0.0,0.0
2025-01-18_DallasMavericks_OklahomaCityThunder,2025-01-18,Dallas Mavericks,Oklahoma City Thunder,50.0,50.0,0.0,0.0,0.0,0.0,AWAY,N/A,106,98,HOME,0.0,2025-11-25 12:39:00,0.0,0.0,0.0,0.0,0.0,0.0,0.0,0.0,0.0,0.0,0.0,,0.0,0.0,0.0,0.0,0.0,0.0,0.0,0.0,0.0,0.0,0.0,0.0,,0.0,0.0,0.0,0.0,0.0
2025-01-18_SanAntonioSpurs_MemphisGrizzlies,2025-01-18,San Antonio Spurs,Memphis Grizzlies,50.0,50.0,0.0,0.0,0.0,0.0,AWAY,N/A,112,140,AWAY,1.0,2025-11-25 12:39:00,0.0,0.0,0.0,0.0,0.0,0.0,0.0,0.0,0.0,0.0,0.0,,0.0,0.0,0.0,0.0,0.0,0.0,0.0,0.0,0.0,0.0,0.0,0.0,,0.0,0.0,0.0,0.0,0.0
2025-01-18_LosAngelesLakers_BrooklynNets,2025-01-18,Los Angeles Lakers,Brooklyn Nets,50.0,50.0,0.0,0.0,0.0,0.0,AWAY,N/A,102,101,HOME,0.0,2025-11-25 12:39:00,0.0,0.0,0.0,0.0,0.0,0.0,0.0,0.0,0.0,0.0,0.0,,0.0,0.0,0.0,0.0,0.0,0.0,0.0,0.0,0.0,0.0,0.0,0.0,,0.0,0.0,0.0,0.0,0.0
2025-01-18_DetroitPistons_PhoenixSuns,2025-01-18,Detroit Pistons,Phoenix Suns,50.0,50.0,0.0,0.0,0.0,0.0,AWAY,N/A,121,125,AWAY,1.0,2025-11-25 12:39:00,0.0,0.0,0.0,0.0,0.0,0.0,0.0,0.0,0.0,0.0,0.0,,0.0,0.0,0.0,0.0,0.0,0.0,0.0,0.0,0.0,0.0,0.0,0.0,,0.0,0.0,0.0,0.0,0.0
2025-01-19_BostonCeltics_AtlantaHawks,2025-01-19,Boston Celtics,Atlanta Hawks,50.0,50.0,0.0,0.0,0.0,0.0,AWAY,N/A,115,119,AWAY,1.0,2025-11-25 12:39:00,0.0,0.0,0.0,0.0,0.0,0.0,0.0,0.0,0.0,0.0,0.0,,0.0,0.0,0.0,0.0,0.0,0.0,0.0,0.0,0.0,0.0,0.0,0.0,,0.0,0.0,0.0,0.0,0.0
2025-01-19_IndianaPacers_Philadelphia76ers,2025-01-19,Indiana Pacers,Philadelphia 76ers,50.0,50.0,0.0,0.0,0.0,0.0,AWAY,N/A,115,102,HOME,0.0,2025-11-25 12:39:00,0.0,0.0,0.0,0.0,0.0,0.0,0.0,0.0,0.0,0.0,0.0,,0.0,0.0,0.0,0.0,0.0,0.0,0.0,0.0,0.0,0.0,0.0,0.0,,0.0,0.0,0.0,0.0,0.0
2025-01-19_GoldenStateWarriors_WashingtonWizards,2025-01-19,Golden State Warriors,Washington Wizards,50.0,50.0,0.0,0.0,0.0,0.0,AWAY,N/A,122,114,HOME,0.0,2025-11-25 12:39:00,0.0,0.0,0.0,0.0,0.0,0.0,0.0,0.0,0.0,0.0,0.0,,0.0,0.0,0.0,0.0,0.0,0.0,0.0,0.0,0.0,0.0,0.0,0.0,,0.0,0.0,0.0,0.0,0.0
2025-01-19_MinnesotaTimberwolves_ClevelandCavaliers,2025-01-19,Minnesota Timberwolves,Cleveland Cavaliers,50.0,50.0,0.0,0.0,0.0,0.0,AWAY,N/A,117,124,AWAY,1.0,2025-11-25 12:39:00,0.0,0.0,0.0,0.0,0.0,0.0,0.0,0.0,0.0,0.0,0.0,,0.0,0.0,0.0,0.0,0.0,0.0,0.0,0.0,0.0,0.0,0.0,0.0,,0.0,0.0,0.0,0.0,0.0
2025-01-19_PortlandTrailBlazers_HoustonRockets,2025-01-19,Portland Trail Blazers,Houston Rockets,50.0,50.0,0.0,0.0,0.0,0.0,AWAY,N/A,103,125,AWAY,1.0,2025-11-25 12:39:00,0.0,0.0,0.0,0.0,0.0,0.0,0.0,0.0,0.0,0.0,0.0,,0.0,0.0,0.0,0.0,0.0,0.0,0.0,0.0,0.0,0.0,0.0,0.0,,0.0,0.0,0.0,0.0,0.0
2025-01-19_MiamiHeat_SanAntonioSpurs,2025-01-19,Miami Heat,San Antonio Spurs,50.0,50.0,0.0,0.0,0.0,0.0,AWAY,N/A,128,107,HOME,0.0,2025-11-25 12:39:00,0.0,0.0,0.0,0.0,0.0,0.0,0.0,0.0,0.0,0.0,0.0,,0.0,0.0,0.0,0.0,0.0,0.0,0.0,0.0,0.0,0.0,0.0,0.0,,0.0,0.0,0.0,0.0,0.0
2025-01-19_OrlandoMagic_DenverNuggets,2025-01-19,Orlando Magic,Denver Nuggets,50.0,50.0,0.0,0.0,0.0,0.0,AWAY,N/A,100,113,AWAY,1.0,2025-11-25 12:39:00,0.0,0.0,0.0,0.0,0.0,0.0,0.0,0.0,0.0,0.0,0.0,,0.0,0.0,0.0,0.0,0.0,0.0,0.0,0.0,0.0,0.0,0.0,0.0,,0.0,0.0,0.0,0.0,0.0
2025-01-20_MilwaukeeBucks_Philadelphia76ers,2025-01-20,Milwaukee Bucks,Philadelphia 76ers,50.0,50.0,0.0,0.0,0.0,0.0,AWAY,N/A,123,109,HOME,0.0,2025-11-25 12:39:00,0.0,0.0,0.0,0.0,0.0,0.0,0.0,0.0,0.0,0.0,0.0,,0.0,0.0,0.0,0.0,0.0,0.0,0.0,0.0,0.0,0.0,0.0,0.0,,0.0,0.0,0.0,0.0,0.0
2025-01-20_OklahomaCityThunder_BrooklynNets,2025-01-20,Oklahoma City Thunder,Brooklyn Nets,50.0,50.0,0.0,0.0,0.0,0.0,AWAY,N/A,127,101,HOME,0.0,2025-11-25 12:39:00,0.0,0.0,0.0,0.0,0.0,0.0,0.0,0.0,0.0,0.0,0.0,,0.0,0.0,0.0,0.0,0.0,0.0,0.0,0.0,0.0,0.0,0.0,0.0,,0.0,0.0,0.0,0.0,0.0
2025-01-20_LAClippers_LosAngelesLakers,2025-01-20,LA Clippers,Los Angeles Lakers,50.0,50.0,0.0,0.0,0.0,0.0,AWAY,N/A,116,102,HOME,0.0,2025-11-25 12:39:00,0.0,0.0,0.0,0.0,0.0,0.0,0.0,0.0,0.0,0.0,0.0,,0.0,0.0,0.0,0.0,0.0,0.0,0.0,0.0,0.0,0.0,0.0,0.0,,0.0,0.0,0.0,0.0,0.0
2025-01-20_PortlandTrailBlazers_ChicagoBulls,2025-01-20,Portland Trail Blazers,Chicago Bulls,50.0,50.0,0.0,0.0,0.0,0.0,AWAY,N/A,113,102,HOME,0.0,2025-11-25 12:39:00,0.0,0.0,0.0,0.0,0.0,0.0,0.0,0.0,0.0,0.0,0.0,,0.0,0.0,0.0,0.0,0.0,0.0,0.0,0.0,0.0,0.0,0.0,0.0,,0.0,0.0,0.0,0.0,0.0
2025-01-20_SacramentoKings_WashingtonWizards,2025-01-20,Sacramento Kings,Washington Wizards,50.0,50.0,0.0,0.0,0.0,0.0,AWAY,N/A,123,100,HOME,0.0,2025-11-25 12:39:00,0.0,0.0,0.0,0.0,0.0,0.0,0.0,0.0,0.0,0.0,0.0,,0.0,0.0,0.0,0.0,0.0,0.0,0.0,0.0,0.0,0.0,0.0,0.0,,0.0,0.0,0.0,0.0,0.0
2025-01-20_CharlotteHornets_DallasMavericks,2025-01-20,Charlotte Hornets,Dallas Mavericks,50.0,50.0,0.0,0.0,0.0,0.0,AWAY,N/A,110,105,HOME,0.0,2025-11-25 12:39:00,0.0,0.0,0.0,0.0,0.0,0.0,0.0,0.0,0.0,0.0,0.0,,0.0,0.0,0.0,0.0,0.0,0.0,0.0,0.0,0.0,0.0,0.0,0.0,,0.0,0.0,0.0,0.0,0.0
2025-01-20_HoustonRockets_DetroitPistons,2025-01-20,Houston Rockets,Detroit Pistons,50.0,50.0,0.0,0.0,0.0,0.0,AWAY,N/A,96,107,AWAY,1.0,2025-11-25 12:39:00,0.0,0.0,0.0,0.0,0.0,0.0,0.0,0.0,0.0,0.0,0.0,,0.0,0.0,0.0,0.0,0.0,0.0,0.0,0.0,0.0,0.0,0.0,0.0,,0.0,0.0,0.0,0.0,0.0
2025-01-20_MemphisGrizzlies_MinnesotaTimberwolves,2025-01-20,Memphis Grizzlies,Minnesota Timberwolves,50.0,50.0,0.0,0.0,0.0,0.0,AWAY,N/A,108,106,HOME,0.0,2025-11-25 12:39:00,0.0,0.0,0.0,0.0,0.0,0.0,0.0,0.0,0.0,0.0,0.0,,0.0,0.0,0.0,0.0,0.0,0.0,0.0,0.0,0.0,0.0,0.0,0.0,,0.0,0.0,0.0,0.0,0.0
2025-01-20_NewYorkKnicks_AtlantaHawks,2025-01-20,New York Knicks,Atlanta Hawks,50.0,50.0,0.0,0.0,0.0,0.0,AWAY,N/A,119,110,HOME,0.0,2025-11-25 12:39:00,0.0,0.0,0.0,0.0,0.0,0.0,0.0,0.0,0.0,0.0,0.0,,0.0,0.0,0.0,0.0,0.0,0.0,0.0,0.0,0.0,0.0,0.0,0.0,,0.0,0.0,0.0,0.0,0.0
2025-01-20_ClevelandCavaliers_PhoenixSuns,2025-01-20,Cleveland Cavaliers,Phoenix Suns,50.0,50.0,0.0,0.0,0.0,0.0,AWAY,N/A,118,92,HOME,0.0,2025-11-25 12:39:00,0.0,0.0,0.0,0.0,0.0,0.0,0.0,0.0,0.0,0.0,0.0,,0.0,0.0,0.0,0.0,0.0,0.0,0.0,0.0,0.0,0.0,0.0,0.0,,0.0,0.0,0.0,0.0,0.0
2025-01-20_GoldenStateWarriors_BostonCeltics,2025-01-20,Golden State Warriors,Boston Celtics,50.0,50.0,0.0,0.0,0.0,0.0,AWAY,N/A,85,125,AWAY,1.0,2025-11-25 12:39:00,0.0,0.0,0.0,0.0,0.0,0.0,0.0,0.0,0.0,0.0,0.0,,0.0,0.0,0.0,0.0,0.0,0.0,0.0,0.0,0.0,0.0,0.0,0.0,,0.0,0.0,0.0,0.0,0.0
2025-01-21_NewOrleansPelicans_UtahJazz,2025-01-21,New Orleans Pelicans,Utah Jazz,50.0,50.0,0.0,0.0,0.0,0.0,AWAY,N/A,123,119,HOME,0.0,2025-11-25 12:39:00,0.0,0.0,0.0,0.0,0.0,0.0,0.0,0.0,0.0,0.0,0.0,,0.0,0.0,0.0,0.0,0.0,0.0,0.0,0.0,0.0,0.0,0.0,0.0,,0.0,0.0,0.0,0.0,0.0
2025-01-21_LAClippers_ChicagoBulls,2025-01-21,LA Clippers,Chicago Bulls,50.0,50.0,0.0,0.0,0.0,0.0,AWAY,N/A,99,112,AWAY,1.0,2025-11-25 12:39:00,0.0,0.0,0.0,0.0,0.0,0.0,0.0,0.0,0.0,0.0,0.0,,0.0,0.0,0.0,0.0,0.0,0.0,0.0,0.0,0.0,0.0,0.0,0.0,,0.0,0.0,0.0,0.0,0.0
2025-01-22_BrooklynNets_NewYorkKnicks,2025-01-22,Brooklyn Nets,New York Knicks,50.0,50.0,0.0,0.0,0.0,0.0,AWAY,N/A,95,99,AWAY,1.0,2025-11-25 12:39:00,0.0,0.0,0.0,0.0,0.0,0.0,0.0,0.0,0.0,0.0,0.0,,0.0,0.0,0.0,0.0,0.0,0.0,0.0,0.0,0.0,0.0,0.0,0.0,,0.0,0.0,0.0,0.0,0.0
2025-01-22_MiamiHeat_PortlandTrailBlazers,2025-01-22,Miami Heat,Portland Trail Blazers,50.0,50.0,0.0,0.0,0.0,0.0,AWAY,N/A,107,116,AWAY,1.0,2025-11-25 12:39:00,0.0,0.0,0.0,0.0,0.0,0.0,0.0,0.0,0.0,0.0,0.0,,0.0,0.0,0.0,0.0,0.0,0.0,0.0,0.0,0.0,0.0,0.0,0.0,,0.0,0.0,0.0,0.0,0.0
2025-01-22_TorontoRaptors_OrlandoMagic,2025-01-22,Toronto Raptors,Orlando Magic,50.0,50.0,0.0,0.0,0.0,0.0,AWAY,N/A,109,93,HOME,0.0,2025-11-25 12:39:00,0.0,0.0,0.0,0.0,0.0,0.0,0.0,0.0,0.0,0.0,0.0,,0.0,0.0,0.0,0.0,0.0,0.0,0.0,0.0,0.0,0.0,0.0,0.0,,0.0,0.0,0.0,0.0,0.0
2025-01-22_DenverNuggets_Philadelphia76ers,2025-01-22,Denver Nuggets,Philadelphia 76ers,50.0,50.0,0.0,0.0,0.0,0.0,AWAY,N/A,144,109,HOME,0.0,2025-11-25 12:39:00,0.0,0.0,0.0,0.0,0.0,0.0,0.0,0.0,0.0,0.0,0.0,,0.0,0.0,0.0,0.0,0.0,0.0,0.0,0.0,0.0,0.0,0.0,0.0,,0.0,0.0,0.0,0.0,0.0
2025-01-22_LosAngelesLakers_WashingtonWizards,2025-01-22,Los Angeles Lakers,Washington Wizards,50.0,50.0,0.0,0.0,0.0,0.0,AWAY,N/A,111,88,HOME,0.0,2025-11-25 12:39:00,0.0,0.0,0.0,0.0,0.0,0.0,0.0,0.0,0.0,0.0,0.0,,0.0,0.0,0.0,0.0,0.0,0.0,0.0,0.0,0.0,0.0,0.0,0.0,,0.0,0.0,0.0,0.0,0.0
2025-01-23_AtlantaHawks_DetroitPistons,2025-01-23,Atlanta Hawks,Detroit Pistons,50.0,50.0,0.0,0.0,0.0,0.0,AWAY,N/A,104,114,AWAY,1.0,2025-11-25 12:39:00,0.0,0.0,0.0,0.0,0.0,0.0,0.0,0.0,0.0,0.0,0.0,,0.0,0.0,0.0,0.0,0.0,0.0,0.0,0.0,0.0,0.0,0.0,0.0,,0.0,0.0,0.0,0.0,0.0
2025-01-23_BrooklynNets_PhoenixSuns,2025-01-23,Brooklyn Nets,Phoenix Suns,50.0,50.0,0.0,0.0,0.0,0.0,AWAY,N/A,84,108,AWAY,1.0,2025-11-25 12:39:00,0.0,0.0,0.0,0.0,0.0,0.0,0.0,0.0,0.0,0.0,0.0,,0.0,0.0,0.0,0.0,0.0,0.0,0.0,0.0,0.0,0.0,0.0,0.0,,0.0,0.0,0.0,0.0,0.0
2025-01-23_DallasMavericks_MinnesotaTimberwolves,2025-01-23,Dallas Mavericks,Minnesota Timberwolves,50.0,50.0,0.0,0.0,0.0,0.0,AWAY,N/A,114,115,AWAY,1.0,2025-11-25 12:39:00,0.0,0.0,0.0,0.0,0.0,0.0,0.0,0.0,0.0,0.0,0.0,,0.0,0.0,0.0,0.0,0.0,0.0,0.0,0.0,0.0,0.0,0.0,0.0,,0.0,0.0,0.0,0.0,0.0
2025-01-23_HoustonRockets_ClevelandCavaliers,2025-01-23,Houston Rockets,Cleveland Cavaliers,50.0,50.0,0.0,0.0,0.0,0.0,AWAY,N/A,109,108,HOME,0.0,2025-11-25 12:39:00,0.0,0.0,0.0,0.0,0.0,0.0,0.0,0.0,0.0,0.0,0.0,,0.0,0.0,0.0,0.0,0.0,0.0,0.0,0.0,0.0,0.0,0.0,0.0,,0.0,0.0,0.0,0.0,0.0
2025-01-23_MemphisGrizzlies_CharlotteHornets,2025-01-23,Memphis Grizzlies,Charlotte Hornets,50.0,50.0,0.0,0.0,0.0,0.0,AWAY,N/A,132,120,HOME,0.0,2025-11-25 12:39:00,0.0,0.0,0.0,0.0,0.0,0.0,0.0,0.0,0.0,0.0,0.0,,0.0,0.0,0.0,0.0,0.0,0.0,0.0,0.0,0.0,0.0,0.0,0.0,,0.0,0.0,0.0,0.0,0.0
2025-01-23_OklahomaCityThunder_UtahJazz,2025-01-23,Oklahoma City Thunder,Utah Jazz,50.0,50.0,0.0,0.0,0.0,0.0,AWAY,N/A,123,114,HOME,0.0,2025-11-25 12:39:00,0.0,0.0,0.0,0.0,0.0,0.0,0.0,0.0,0.0,0.0,0.0,,0.0,0.0,0.0,0.0,0.0,0.0,0.0,0.0,0.0,0.0,0.0,0.0,,0.0,0.0,0.0,0.0,0.0
2025-01-23_SacramentoKings_GoldenStateWarriors,2025-01-23,Sacramento Kings,Golden State Warriors,50.0,50.0,0.0,0.0,0.0,0.0,AWAY,N/A,123,117,HOME,0.0,2025-11-25 12:39:00,0.0,0.0,0.0,0.0,0.0,0.0,0.0,0.0,0.0,0.0,0.0,,0.0,0.0,0.0,0.0,0.0,0.0,0.0,0.0,0.0,0.0,0.0,0.0,,0.0,0.0,0.0,0.0,0.0
2025-01-23_LAClippers_BostonCeltics,2025-01-23,LA Clippers,Boston Celtics,50.0,50.0,0.0,0.0,0.0,0.0,AWAY,N/A,113,117,AWAY,1.0,2025-11-25 12:39:00,0.0,0.0,0.0,0.0,0.0,0.0,0.0,0.0,0.0,0.0,0.0,,0.0,0.0,0.0,0.0,0.0,0.0,0.0,0.0,0.0,0.0,0.0,0.0,,0.0,0.0,0.0,0.0,0.0
2025-01-23_IndianaPacers_SanAntonioSpurs,2025-01-23,Indiana Pacers,San Antonio Spurs,50.0,50.0,0.0,0.0,0.0,0.0,AWAY,N/A,110,140,AWAY,1.0,2025-11-25 12:39:00,0.0,0.0,0.0,0.0,0.0,0.0,0.0,0.0,0.0,0.0,0.0,,0.0,0.0,0.0,0.0,0.0,0.0,0.0,0.0,0.0,0.0,0.0,0.0,,0.0,0.0,0.0,0.0,0.0
2025-01-24_OrlandoMagic_PortlandTrailBlazers,2025-01-24,Orlando Magic,Portland Trail Blazers,50.0,50.0,0.0,0.0,0.0,0.0,AWAY,N/A,79,101,AWAY,1.0,2025-11-25 12:39:00,0.0,0.0,0.0,0.0,0.0,0.0,0.0,0.0,0.0,0.0,0.0,,0.0,0.0,0.0,0.0,0.0,0.0,0.0,0.0,0.0,0.0,0.0,0.0,,0.0,0.0,0.0,0.0,0.0
2025-01-24_AtlantaHawks_TorontoRaptors,2025-01-24,Atlanta Hawks,Toronto Raptors,50.0,50.0,0.0,0.0,0.0,0.0,AWAY,N/A,119,122,AWAY,1.0,2025-11-25 12:39:00,0.0,0.0,0.0,0.0,0.0,0.0,0.0,0.0,0.0,0.0,0.0,,0.0,0.0,0.0,0.0,0.0,0.0,0.0,0.0,0.0,0.0,0.0,0.0,,0.0,0.0,0.0,0.0,0.0
2025-01-24_OklahomaCityThunder_DallasMavericks,2025-01-24,Oklahoma City Thunder,Dallas Mavericks,50.0,50.0,0.0,0.0,0.0,0.0,AWAY,N/A,115,121,AWAY,1.0,2025-11-25 12:39:00,0.0,0.0,0.0,0.0,0.0,0.0,0.0,0.0,0.0,0.0,0.0,,0.0,0.0,0.0,0.0,0.0,0.0,0.0,0.0,0.0,0.0,0.0,0.0,,0.0,0.0,0.0,0.0,0.0
2025-01-24_MilwaukeeBucks_MiamiHeat,2025-01-24,Milwaukee Bucks,Miami Heat,50.0,50.0,0.0,0.0,0.0,0.0,AWAY,N/A,125,96,HOME,0.0,2025-11-25 12:39:00,0.0,0.0,0.0,0.0,0.0,0.0,0.0,0.0,0.0,0.0,0.0,,0.0,0.0,0.0,0.0,0.0,0.0,0.0,0.0,0.0,0.0,0.0,0.0,,0.0,0.0,0.0,0.0,0.0
2025-01-24_DenverNuggets_SacramentoKings,2025-01-24,Denver Nuggets,Sacramento Kings,50.0,50.0,0.0,0.0,0.0,0.0,AWAY,N/A,132,123,HOME,0.0,2025-11-25 12:39:00,0.0,0.0,0.0,0.0,0.0,0.0,0.0,0.0,0.0,0.0,0.0,,0.0,0.0,0.0,0.0,0.0,0.0,0.0,0.0,0.0,0.0,0.0,0.0,,0.0,0.0,0.0,0.0,0.0
2025-01-24_GoldenStateWarriors_ChicagoBulls,2025-01-24,Golden State Warriors,Chicago Bulls,50.0,50.0,0.0,0.0,0.0,0.0,AWAY,N/A,131,106,HOME,0.0,2025-11-25 12:39:00,0.0,0.0,0.0,0.0,0.0,0.0,0.0,0.0,0.0,0.0,0.0,,0.0,0.0,0.0,0.0,0.0,0.0,0.0,0.0,0.0,0.0,0.0,0.0,,0.0,0.0,0.0,0.0,0.0
2025-01-24_LosAngelesLakers_BostonCeltics,2025-01-24,Los Angeles Lakers,Boston Celtics,50.0,50.0,0.0,0.0,0.0,0.0,AWAY,N/A,117,96,HOME,0.0,2025-11-25 12:39:00,0.0,0.0,0.0,0.0,0.0,0.0,0.0,0.0,0.0,0.0,0.0,,0.0,0.0,0.0,0.0,0.0,0.0,0.0,0.0,0.0,0.0,0.0,0.0,,0.0,0.0,0.0,0.0,0.0
2025-01-24_LAClippers_WashingtonWizards,2025-01-24,LA Clippers,Washington Wizards,50.0,50.0,0.0,0.0,0.0,0.0,AWAY,N/A,110,93,HOME,0.0,2025-11-25 12:39:00,0.0,0.0,0.0,0.0,0.0,0.0,0.0,0.0,0.0,0.0,0.0,,0.0,0.0,0.0,0.0,0.0,0.0,0.0,0.0,0.0,0.0,0.0,0.0,,0.0,0.0,0.0,0.0,0.0
2025-01-25_CharlotteHornets_PortlandTrailBlazers,2025-01-25,Charlotte Hornets,Portland Trail Blazers,50.0,50.0,0.0,0.0,0.0,0.0,AWAY,N/A,97,102,AWAY,1.0,2025-11-25 12:39:00,0.0,0.0,0.0,0.0,0.0,0.0,0.0,0.0,0.0,0.0,0.0,,0.0,0.0,0.0,0.0,0.0,0.0,0.0,0.0,0.0,0.0,0.0,0.0,,0.0,0.0,0.0,0.0,0.0
2025-01-25_Philadelphia76ers_ClevelandCavaliers,2025-01-25,Philadelphia 76ers,Cleveland Cavaliers,50.0,50.0,0.0,0.0,0.0,0.0,AWAY,N/A,132,129,HOME,0.0,2025-11-25 12:39:00,0.0,0.0,0.0,0.0,0.0,0.0,0.0,0.0,0.0,0.0,0.0,,0.0,0.0,0.0,0.0,0.0,0.0,0.0,0.0,0.0,0.0,0.0,0.0,,0.0,0.0,0.0,0.0,0.0
2025-01-25_MemphisGrizzlies_NewOrleansPelicans,2025-01-25,Memphis Grizzlies,New Orleans Pelicans,50.0,50.0,0.0,0.0,0.0,0.0,AWAY,N/A,139,126,HOME,0.0,2025-11-25 12:39:00,0.0,0.0,0.0,0.0,0.0,0.0,0.0,0.0,0.0,0.0,0.0,,0.0,0.0,0.0,0.0,0.0,0.0,0.0,0.0,0.0,0.0,0.0,0.0,,0.0,0.0,0.0,0.0,0.0
2025-01-25_SanAntonioSpurs_IndianaPacers,2025-01-25,San Antonio Spurs,Indiana Pacers,50.0,50.0,0.0,0.0,0.0,0.0,AWAY,N/A,98,136,AWAY,1.0,2025-11-25 12:39:00,0.0,0.0,0.0,0.0,0.0,0.0,0.0,0.0,0.0,0.0,0.0,,0.0,0.0,0.0,0.0,0.0,0.0,0.0,0.0,0.0,0.0,0.0,0.0,,0.0,0.0,0.0,0.0,0.0
2025-01-25_MinnesotaTimberwolves_DenverNuggets,2025-01-25,Minnesota Timberwolves,Denver Nuggets,50.0,50.0,0.0,0.0,0.0,0.0,AWAY,N/A,133,104,HOME,0.0,2025-11-25 12:39:00,0.0,0.0,0.0,0.0,0.0,0.0,0.0,0.0,0.0,0.0,0.0,,0.0,0.0,0.0,0.0,0.0,0.0,0.0,0.0,0.0,0.0,0.0,0.0,,0.0,0.0,0.0,0.0,0.0
2025-01-25_DallasMavericks_BostonCeltics,2025-01-25,Dallas Mavericks,Boston Celtics,50.0,50.0,0.0,0.0,0.0,0.0,AWAY,N/A,107,122,AWAY,1.0,2025-11-25 12:39:00,0.0,0.0,0.0,0.0,0.0,0.0,0.0,0.0,0.0,0.0,0.0,,0.0,0.0,0.0,0.0,0.0,0.0,0.0,0.0,0.0,0.0,0.0,0.0,,0.0,0.0,0.0,0.0,0.0
2025-01-25_BrooklynNets_MiamiHeat,2025-01-25,Brooklyn Nets,Miami Heat,50.0,50.0,0.0,0.0,0.0,0.0,AWAY,N/A,97,106,AWAY,1.0,2025-11-25 12:39:00,0.0,0.0,0.0,0.0,0.0,0.0,0.0,0.0,0.0,0.0,0.0,,0.0,0.0,0.0,0.0,0.0,0.0,0.0,0.0,0.0,0.0,0.0,0.0,,0.0,0.0,0.0,0.0,0.0
2025-01-26_CharlotteHornets_NewOrleansPelicans,2025-01-26,Charlotte Hornets,New Orleans Pelicans,50.0,50.0,0.0,0.0,0.0,0.0,AWAY,N/A,123,92,HOME,0.0,2025-11-25 12:39:00,0.0,0.0,0.0,0.0,0.0,0.0,0.0,0.0,0.0,0.0,0.0,,0.0,0.0,0.0,0.0,0.0,0.0,0.0,0.0,0.0,0.0,0.0,0.0,,0.0,0.0,0.0,0.0,0.0
2025-01-26_OrlandoMagic_DetroitPistons,2025-01-26,Orlando Magic,Detroit Pistons,50.0,50.0,0.0,0.0,0.0,0.0,AWAY,N/A,121,113,HOME,0.0,2025-11-25 12:39:00,0.0,0.0,0.0,0.0,0.0,0.0,0.0,0.0,0.0,0.0,0.0,,0.0,0.0,0.0,0.0,0.0,0.0,0.0,0.0,0.0,0.0,0.0,0.0,,0.0,0.0,0.0,0.0,0.0
2025-01-26_AtlantaHawks_TorontoRaptors,2025-01-26,Atlanta Hawks,Toronto Raptors,50.0,50.0,0.0,0.0,0.0,0.0,AWAY,N/A,94,117,AWAY,1.0,2025-11-25 12:39:00,0.0,0.0,0.0,0.0,0.0,0.0,0.0,0.0,0.0,0.0,0.0,,0.0,0.0,0.0,0.0,0.0,0.0,0.0,0.0,0.0,0.0,0.0,0.0,,0.0,0.0,0.0,0.0,0.0
2025-01-26_ClevelandCavaliers_HoustonRockets,2025-01-26,Cleveland Cavaliers,Houston Rockets,50.0,50.0,0.0,0.0,0.0,0.0,AWAY,N/A,131,135,AWAY,1.0,2025-11-25 12:39:00,0.0,0.0,0.0,0.0,0.0,0.0,0.0,0.0,0.0,0.0,0.0,,0.0,0.0,0.0,0.0,0.0,0.0,0.0,0.0,0.0,0.0,0.0,0.0,,0.0,0.0,0.0,0.0,0.0
2025-01-26_NewYorkKnicks_SacramentoKings,2025-01-26,New York Knicks,Sacramento Kings,50.0,50.0,0.0,0.0,0.0,0.0,AWAY,N/A,143,120,HOME,0.0,2025-11-25 12:39:00,0.0,0.0,0.0,0.0,0.0,0.0,0.0,0.0,0.0,0.0,0.0,,0.0,0.0,0.0,0.0,0.0,0.0,0.0,0.0,0.0,0.0,0.0,0.0,,0.0,0.0,0.0,0.0,0.0
2025-01-26_ChicagoBulls_Philadelphia76ers,2025-01-26,Chicago Bulls,Philadelphia 76ers,50.0,50.0,0.0,0.0,0.0,0.0,AWAY,N/A,97,109,AWAY,1.0,2025-11-25 12:39:00,0.0,0.0,0.0,0.0,0.0,0.0,0.0,0.0,0.0,0.0,0.0,,0.0,0.0,0.0,0.0,0.0,0.0,0.0,0.0,0.0,0.0,0.0,0.0,,0.0,0.0,0.0,0.0,0.0
2025-01-26_MemphisGrizzlies_UtahJazz,2025-01-26,Memphis Grizzlies,Utah Jazz,50.0,50.0,0.0,0.0,0.0,0.0,AWAY,N/A,125,103,HOME,0.0,2025-11-25 12:39:00,0.0,0.0,0.0,0.0,0.0,0.0,0.0,0.0,0.0,0.0,0.0,,0.0,0.0,0.0,0.0,0.0,0.0,0.0,0.0,0.0,0.0,0.0,0.0,,0.0,0.0,0.0,0.0,0.0
2025-01-26_GoldenStateWarriors_LosAngelesLakers,2025-01-26,Golden State Warriors,Los Angeles Lakers,50.0,50.0,0.0,0.0,0.0,0.0,AWAY,N/A,108,118,AWAY,1.0,2025-11-25 12:39:00,0.0,0.0,0.0,0.0,0.0,0.0,0.0,0.0,0.0,0.0,0.0,,0.0,0.0,0.0,0.0,0.0,0.0,0.0,0.0,0.0,0.0,0.0,0.0,,0.0,0.0,0.0,0.0,0.0
2025-01-26_PhoenixSuns_WashingtonWizards,2025-01-26,Phoenix Suns,Washington Wizards,50.0,50.0,0.0,0.0,0.0,0.0,AWAY,N/A,119,109,HOME,0.0,2025-11-25 12:39:00,0.0,0.0,0.0,0.0,0.0,0.0,0.0,0.0,0.0,0.0,0.0,,0.0,0.0,0.0,0.0,0.0,0.0,0.0,0.0,0.0,0.0,0.0,0.0,,0.0,0.0,0.0,0.0,0.0
2025-01-26_LAClippers_MilwaukeeBucks,2025-01-26,LA Clippers,Milwaukee Bucks,50.0,50.0,0.0,0.0,0.0,0.0,AWAY,N/A,127,117,HOME,0.0,2025-11-25 12:39:00,0.0,0.0,0.0,0.0,0.0,0.0,0.0,0.0,0.0,0.0,0.0,,0.0,0.0,0.0,0.0,0.0,0.0,0.0,0.0,0.0,0.0,0.0,0.0,,0.0,0.0,0.0,0.0,0.0
2025-01-26_PortlandTrailBlazers_OklahomaCityThunder,2025-01-26,Portland Trail Blazers,Oklahoma City Thunder,50.0,50.0,0.0,0.0,0.0,0.0,AWAY,N/A,108,118,AWAY,1.0,2025-11-25 12:39:00,0.0,0.0,0.0,0.0,0.0,0.0,0.0,0.0,0.0,0.0,0.0,,0.0,0.0,0.0,0.0,0.0,0.0,0.0,0.0,0.0,0.0,0.0,0.0,,0.0,0.0,0.0,0.0,0.0
2025-01-28_CharlotteHornets_LosAngelesLakers,2025-01-28,Charlotte Hornets,Los Angeles Lakers,50.0,50.0,0.0,0.0,0.0,0.0,AWAY,N/A,107,112,AWAY,1.0,2025-11-25 12:39:00,0.0,0.0,0.0,0.0,0.0,0.0,0.0,0.0,0.0,0.0,0.0,,0.0,0.0,0.0,0.0,0.0,0.0,0.0,0.0,0.0,0.0,0.0,0.0,,0.0,0.0,0.0,0.0,0.0
2025-01-28_ClevelandCavaliers_DetroitPistons,2025-01-28,Cleveland Cavaliers,Detroit Pistons,50.0,50.0,0.0,0.0,0.0,0.0,AWAY,N/A,110,91,HOME,0.0,2025-11-25 12:39:00,0.0,0.0,0.0,0.0,0.0,0.0,0.0,0.0,0.0,0.0,0.0,,0.0,0.0,0.0,0.0,0.0,0.0,0.0,0.0,0.0,0.0,0.0,0.0,,0.0,0.0,0.0,0.0,0.0
2025-01-28_BostonCeltics_HoustonRockets,2025-01-28,Boston Celtics,Houston Rockets,50.0,50.0,0.0,0.0,0.0,0.0,AWAY,N/A,112,114,AWAY,1.0,2025-11-25 12:39:00,0.0,0.0,0.0,0.0,0.0,0.0,0.0,0.0,0.0,0.0,0.0,,0.0,0.0,0.0,0.0,0.0,0.0,0.0,0.0,0.0,0.0,0.0,0.0,,0.0,0.0,0.0,0.0,0.0
2025-01-28_BrooklynNets_SacramentoKings,2025-01-28,Brooklyn Nets,Sacramento Kings,50.0,50.0,0.0,0.0,0.0,0.0,AWAY,N/A,96,110,AWAY,1.0,2025-11-25 12:39:00,0.0,0.0,0.0,0.0,0.0,0.0,0.0,0.0,0.0,0.0,0.0,,0.0,0.0,0.0,0.0,0.0,0.0,0.0,0.0,0.0,0.0,0.0,0.0,,0.0,0.0,0.0,0.0,0.0
2025-01-28_MiamiHeat_OrlandoMagic,2025-01-28,Miami Heat,Orlando Magic,50.0,50.0,0.0,0.0,0.0,0.0,AWAY,N/A,125,119,HOME,0.0,2025-11-25 12:39:00,0.0,0.0,0.0,0.0,0.0,0.0,0.0,0.0,0.0,0.0,0.0,,0.0,0.0,0.0,0.0,0.0,0.0,0.0,0.0,0.0,0.0,0.0,0.0,,0.0,0.0,0.0,0.0,0.0
2025-01-28_NewYorkKnicks_MemphisGrizzlies,2025-01-28,New York Knicks,Memphis Grizzlies,50.0,50.0,0.0,0.0,0.0,0.0,AWAY,N/A,143,106,HOME,0.0,2025-11-25 12:39:00,0.0,0.0,0.0,0.0,0.0,0.0,0.0,0.0,0.0,0.0,0.0,,0.0,0.0,0.0,0.0,0.0,0.0,0.0,0.0,0.0,0.0,0.0,0.0,,0.0,0.0,0.0,0.0,0.0
2025-01-28_TorontoRaptors_NewOrleansPelicans,2025-01-28,Toronto Raptors,New Orleans Pelicans,50.0,50.0,0.0,0.0,0.0,0.0,AWAY,N/A,113,104,HOME,0.0,2025-11-25 12:39:00,0.0,0.0,0.0,0.0,0.0,0.0,0.0,0.0,0.0,0.0,0.0,,0.0,0.0,0.0,0.0,0.0,0.0,0.0,0.0,0.0,0.0,0.0,0.0,,0.0,0.0,0.0,0.0,0.0
2025-01-28_ChicagoBulls_DenverNuggets,2025-01-28,Chicago Bulls,Denver Nuggets,50.0,50.0,0.0,0.0,0.0,0.0,AWAY,N/A,129,121,HOME,0.0,2025-11-25 12:39:00,0.0,0.0,0.0,0.0,0.0,0.0,0.0,0.0,0.0,0.0,0.0,,0.0,0.0,0.0,0.0,0.0,0.0,0.0,0.0,0.0,0.0,0.0,0.0,,0.0,0.0,0.0,0.0,0.0
2025-01-28_MinnesotaTimberwolves_AtlantaHawks,2025-01-28,Minnesota Timberwolves,Atlanta Hawks,50.0,50.0,0.0,0.0,0.0,0.0,AWAY,N/A,100,92,HOME,0.0,2025-11-25 12:39:00,0.0,0.0,0.0,0.0,0.0,0.0,0.0,0.0,0.0,0.0,0.0,,0.0,0.0,0.0,0.0,0.0,0.0,0.0,0.0,0.0,0.0,0.0,0.0,,0.0,0.0,0.0,0.0,0.0
2025-01-28_DallasMavericks_WashingtonWizards,2025-01-28,Dallas Mavericks,Washington Wizards,50.0,50.0,0.0,0.0,0.0,0.0,AWAY,N/A,130,108,HOME,0.0,2025-11-25 12:39:00,0.0,0.0,0.0,0.0,0.0,0.0,0.0,0.0,0.0,0.0,0.0,,0.0,0.0,0.0,0.0,0.0,0.0,0.0,0.0,0.0,0.0,0.0,0.0,,0.0,0.0,0.0,0.0,0.0
2025-01-28_UtahJazz_MilwaukeeBucks,2025-01-28,Utah Jazz,Milwaukee Bucks,50.0,50.0,0.0,0.0,0.0,0.0,AWAY,N/A,110,125,AWAY,1.0,2025-11-25 12:39:00,0.0,0.0,0.0,0.0,0.0,0.0,0.0,0.0,0.0,0.0,0.0,,0.0,0.0,0.0,0.0,0.0,0.0,0.0,0.0,0.0,0.0,0.0,0.0,,0.0,0.0,0.0,0.0,0.0
2025-01-28_PhoenixSuns_LAClippers,2025-01-28,Phoenix Suns,LA Clippers,50.0,50.0,0.0,0.0,0.0,0.0,AWAY,N/A,111,109,HOME,0.0,2025-11-25 12:39:00,0.0,0.0,0.0,0.0,0.0,0.0,0.0,0.0,0.0,0.0,0.0,,0.0,0.0,0.0,0.0,0.0,0.0,0.0,0.0,0.0,0.0,0.0,0.0,,0.0,0.0,0.0,0.0,0.0
2025-01-29_Philadelphia76ers_LosAngelesLakers,2025-01-29,Philadelphia 76ers,Los Angeles Lakers,50.0,50.0,0.0,0.0,0.0,0.0,AWAY,N/A,118,104,HOME,0.0,2025-11-25 12:39:00,0.0,0.0,0.0,0.0,0.0,0.0,0.0,0.0,0.0,0.0,0.0,,0.0,0.0,0.0,0.0,0.0,0.0,0.0,0.0,0.0,0.0,0.0,0.0,,0.0,0.0,0.0,0.0,0.0
2025-01-29_AtlantaHawks_HoustonRockets,2025-01-29,Atlanta Hawks,Houston Rockets,50.0,50.0,0.0,0.0,0.0,0.0,AWAY,N/A,96,100,AWAY,1.0,2025-11-25 12:39:00,0.0,0.0,0.0,0.0,0.0,0.0,0.0,0.0,0.0,0.0,0.0,,0.0,0.0,0.0,0.0,0.0,0.0,0.0,0.0,0.0,0.0,0.0,0.0,,0.0,0.0,0.0,0.0,0.0
2025-01-29_GoldenStateWarriors_UtahJazz,2025-01-29,Golden State Warriors,Utah Jazz,50.0,50.0,0.0,0.0,0.0,0.0,AWAY,N/A,114,103,HOME,0.0,2025-11-25 12:39:00,0.0,0.0,0.0,0.0,0.0,0.0,0.0,0.0,0.0,0.0,0.0,,0.0,0.0,0.0,0.0,0.0,0.0,0.0,0.0,0.0,0.0,0.0,0.0,,0.0,0.0,0.0,0.0,0.0
2025-01-29_PortlandTrailBlazers_MilwaukeeBucks,2025-01-29,Portland Trail Blazers,Milwaukee Bucks,50.0,50.0,0.0,0.0,0.0,0.0,AWAY,N/A,125,112,HOME,0.0,2025-11-25 12:39:00,0.0,0.0,0.0,0.0,0.0,0.0,0.0,0.0,0.0,0.0,0.0,,0.0,0.0,0.0,0.0,0.0,0.0,0.0,0.0,0.0,0.0,0.0,0.0,,0.0,0.0,0.0,0.0,0.0
2025-01-30_CharlotteHornets_BrooklynNets,2025-01-30,Charlotte Hornets,Brooklyn Nets,50.0,50.0,0.0,0.0,0.0,0.0,AWAY,N/A,83,104,AWAY,1.0,2025-11-25 12:39:00,0.0,0.0,0.0,0.0,0.0,0.0,0.0,0.0,0.0,0.0,0.0,,0.0,0.0,0.0,0.0,0.0,0.0,0.0,0.0,0.0,0.0,0.0,0.0,,0.0,0.0,0.0,0.0,0.0
2025-01-30_IndianaPacers_DetroitPistons,2025-01-30,Indiana Pacers,Detroit Pistons,50.0,50.0,0.0,0.0,0.0,0.0,AWAY,N/A,133,119,HOME,0.0,2025-11-25 12:39:00,0.0,0.0,0.0,0.0,0.0,0.0,0.0,0.0,0.0,0.0,0.0,,0.0,0.0,0.0,0.0,0.0,0.0,0.0,0.0,0.0,0.0,0.0,0.0,,0.0,0.0,0.0,0.0,0.0
2025-01-30_WashingtonWizards_TorontoRaptors,2025-01-30,Washington Wizards,Toronto Raptors,50.0,50.0,0.0,0.0,0.0,0.0,AWAY,N/A,82,106,AWAY,1.0,2025-11-25 12:39:00,0.0,0.0,0.0,0.0,0.0,0.0,0.0,0.0,0.0,0.0,0.0,,0.0,0.0,0.0,0.0,0.0,0.0,0.0,0.0,0.0,0.0,0.0,0.0,,0.0,0.0,0.0,0.0,0.0
2025-01-30_BostonCeltics_ChicagoBulls,2025-01-30,Boston Celtics,Chicago Bulls,50.0,50.0,0.0,0.0,0.0,0.0,AWAY,N/A,122,100,HOME,0.0,2025-11-25 12:39:00,0.0,0.0,0.0,0.0,0.0,0.0,0.0,0.0,0.0,0.0,0.0,,0.0,0.0,0.0,0.0,0.0,0.0,0.0,0.0,0.0,0.0,0.0,0.0,,0.0,0.0,0.0,0.0,0.0
2025-01-30_MiamiHeat_ClevelandCavaliers,2025-01-30,Miami Heat,Cleveland Cavaliers,50.0,50.0,0.0,0.0,0.0,0.0,AWAY,N/A,106,126,AWAY,1.0,2025-11-25 12:39:00,0.0,0.0,0.0,0.0,0.0,0.0,0.0,0.0,0.0,0.0,0.0,,0.0,0.0,0.0,0.0,0.0,0.0,0.0,0.0,0.0,0.0,0.0,0.0,,0.0,0.0,0.0,0.0,0.0
2025-01-30_NewYorkKnicks_DenverNuggets,2025-01-30,New York Knicks,Denver Nuggets,50.0,50.0,0.0,0.0,0.0,0.0,AWAY,N/A,122,112,HOME,0.0,2025-11-25 12:39:00,0.0,0.0,0.0,0.0,0.0,0.0,0.0,0.0,0.0,0.0,0.0,,0.0,0.0,0.0,0.0,0.0,0.0,0.0,0.0,0.0,0.0,0.0,0.0,,0.0,0.0,0.0,0.0,0.0
2025-01-30_Philadelphia76ers_SacramentoKings,2025-01-30,Philadelphia 76ers,Sacramento Kings,50.0,50.0,0.0,0.0,0.0,0.0,AWAY,N/A,117,104,HOME,0.0,2025-11-25 12:39:00,0.0,0.0,0.0,0.0,0.0,0.0,0.0,0.0,0.0,0.0,0.0,,0.0,0.0,0.0,0.0,0.0,0.0,0.0,0.0,0.0,0.0,0.0,0.0,,0.0,0.0,0.0,0.0,0.0
2025-01-30_NewOrleansPelicans_DallasMavericks,2025-01-30,New Orleans Pelicans,Dallas Mavericks,50.0,50.0,0.0,0.0,0.0,0.0,AWAY,N/A,136,137,AWAY,1.0,2025-11-25 12:39:00,0.0,0.0,0.0,0.0,0.0,0.0,0.0,0.0,0.0,0.0,0.0,,0.0,0.0,0.0,0.0,0.0,0.0,0.0,0.0,0.0,0.0,0.0,0.0,,0.0,0.0,0.0,0.0,0.0
2025-01-30_SanAntonioSpurs_LAClippers,2025-01-30,San Antonio Spurs,LA Clippers,50.0,50.0,0.0,0.0,0.0,0.0,AWAY,N/A,116,128,AWAY,1.0,2025-11-25 12:39:00,0.0,0.0,0.0,0.0,0.0,0.0,0.0,0.0,0.0,0.0,0.0,,0.0,0.0,0.0,0.0,0.0,0.0,0.0,0.0,0.0,0.0,0.0,0.0,,0.0,0.0,0.0,0.0,0.0
2025-01-30_PhoenixSuns_MinnesotaTimberwolves,2025-01-30,Phoenix Suns,Minnesota Timberwolves,50.0,50.0,0.0,0.0,0.0,0.0,AWAY,N/A,113,121,AWAY,1.0,2025-11-25 12:39:00,0.0,0.0,0.0,0.0,0.0,0.0,0.0,0.0,0.0,0.0,0.0,,0.0,0.0,0.0,0.0,0.0,0.0,0.0,0.0,0.0,0.0,0.0,0.0,,0.0,0.0,0.0,0.0,0.0
2025-01-30_GoldenStateWarriors_OklahomaCityThunder,2025-01-30,Golden State Warriors,Oklahoma City Thunder,50.0,50.0,0.0,0.0,0.0,0.0,AWAY,N/A,116,109,HOME,0.0,2025-11-25 12:39:00,0.0,0.0,0.0,0.0,0.0,0.0,0.0,0.0,0.0,0.0,0.0,,0.0,0.0,0.0,0.0,0.0,0.0,0.0,0.0,0.0,0.0,0.0,0.0,,0.0,0.0,0.0,0.0,0.0
2025-01-31_WashingtonWizards_LosAngelesLakers,2025-01-31,Washington Wizards,Los Angeles Lakers,50.0,50.0,0.0,0.0,0.0,0.0,AWAY,N/A,96,134,AWAY,1.0,2025-11-25 12:39:00,0.0,0.0,0.0,0.0,0.0,0.0,0.0,0.0,0.0,0.0,0.0,,0.0,0.0,0.0,0.0,0.0,0.0,0.0,0.0,0.0,0.0,0.0,0.0,,0.0,0.0,0.0,0.0,0.0
2025-01-31_ClevelandCavaliers_AtlantaHawks,2025-01-31,Cleveland Cavaliers,Atlanta Hawks,50.0,50.0,0.0,0.0,0.0,0.0,AWAY,N/A,137,115,HOME,0.0,2025-11-25 12:39:00,0.0,0.0,0.0,0.0,0.0,0.0,0.0,0.0,0.0,0.0,0.0,,0.0,0.0,0.0,0.0,0.0,0.0,0.0,0.0,0.0,0.0,0.0,0.0,,0.0,0.0,0.0,0.0,0.0
2025-01-31_UtahJazz_MinnesotaTimberwolves,2025-01-31,Utah Jazz,Minnesota Timberwolves,50.0,50.0,0.0,0.0,0.0,0.0,AWAY,N/A,113,138,AWAY,1.0,2025-11-25 12:39:00,0.0,0.0,0.0,0.0,0.0,0.0,0.0,0.0,0.0,0.0,0.0,,0.0,0.0,0.0,0.0,0.0,0.0,0.0,0.0,0.0,0.0,0.0,0.0,,0.0,0.0,0.0,0.0,0.0
2025-01-31_MemphisGrizzlies_HoustonRockets,2025-01-31,Memphis Grizzlies,Houston Rockets,50.0,50.0,0.0,0.0,0.0,0.0,AWAY,N/A,120,119,HOME,0.0,2025-11-25 12:39:00,0.0,0.0,0.0,0.0,0.0,0.0,0.0,0.0,0.0,0.0,0.0,,0.0,0.0,0.0,0.0,0.0,0.0,0.0,0.0,0.0,0.0,0.0,0.0,,0.0,0.0,0.0,0.0,0.0
2025-01-31_PortlandTrailBlazers_OrlandoMagic,2025-01-31,Portland Trail Blazers,Orlando Magic,50.0,50.0,0.0,0.0,0.0,0.0,AWAY,N/A,119,90,HOME,0.0,2025-11-25 12:39:00,0.0,0.0,0.0,0.0,0.0,0.0,0.0,0.0,0.0,0.0,0.0,,0.0,0.0,0.0,0.0,0.0,0.0,0.0,0.0,0.0,0.0,0.0,0.0,,0.0,0.0,0.0,0.0,0.0
2025-02-01_CharlotteHornets_LAClippers,2025-02-01,Charlotte Hornets,LA Clippers,50.0,50.0,0.0,0.0,0.0,0.0,AWAY,N/A,104,112,AWAY,1.0,2025-11-25 12:39:00,0.0,0.0,0.0,0.0,0.0,0.0,0.0,0.0,0.0,0.0,0.0,,0.0,0.0,0.0,0.0,0.0,0.0,0.0,0.0,0.0,0.0,0.0,0.0,,0.0,0.0,0.0,0.0,0.0
2025-02-01_DetroitPistons_DallasMavericks,2025-02-01,Detroit Pistons,Dallas Mavericks,50.0,50.0,0.0,0.0,0.0,0.0,AWAY,N/A,117,102,HOME,0.0,2025-11-25 12:39:00,0.0,0.0,0.0,0.0,0.0,0.0,0.0,0.0,0.0,0.0,0.0,,0.0,0.0,0.0,0.0,0.0,0.0,0.0,0.0,0.0,0.0,0.0,0.0,,0.0,0.0,0.0,0.0,0.0
2025-02-01_Philadelphia76ers_DenverNuggets,2025-02-01,Philadelphia 76ers,Denver Nuggets,50.0,50.0,0.0,0.0,0.0,0.0,AWAY,N/A,134,137,AWAY,1.0,2025-11-25 12:39:00,0.0,0.0,0.0,0.0,0.0,0.0,0.0,0.0,0.0,0.0,0.0,,0.0,0.0,0.0,0.0,0.0,0.0,0.0,0.0,0.0,0.0,0.0,0.0,,0.0,0.0,0.0,0.0,0.0
2025-02-01_TorontoRaptors_ChicagoBulls,2025-02-01,Toronto Raptors,Chicago Bulls,50.0,50.0,0.0,0.0,0.0,0.0,AWAY,N/A,106,122,AWAY,1.0,2025-11-25 12:39:00,0.0,0.0,0.0,0.0,0.0,0.0,0.0,0.0,0.0,0.0,0.0,,0.0,0.0,0.0,0.0,0.0,0.0,0.0,0.0,0.0,0.0,0.0,0.0,,0.0,0.0,0.0,0.0,0.0
2025-02-01_NewOrleansPelicans_BostonCeltics,2025-02-01,New Orleans Pelicans,Boston Celtics,50.0,50.0,0.0,0.0,0.0,0.0,AWAY,N/A,116,118,AWAY,1.0,2025-11-25 12:39:00,0.0,0.0,0.0,0.0,0.0,0.0,0.0,0.0,0.0,0.0,0.0,,0.0,0.0,0.0,0.0,0.0,0.0,0.0,0.0,0.0,0.0,0.0,0.0,,0.0,0.0,0.0,0.0,0.0
2025-02-01_SanAntonioSpurs_MilwaukeeBucks,2025-02-01,San Antonio Spurs,Milwaukee Bucks,50.0,50.0,0.0,0.0,0.0,0.0,AWAY,N/A,144,118,HOME,0.0,2025-11-25 12:39:00,0.0,0.0,0.0,0.0,0.0,0.0,0.0,0.0,0.0,0.0,0.0,,0.0,0.0,0.0,0.0,0.0,0.0,0.0,0.0,0.0,0.0,0.0,0.0,,0.0,0.0,0.0,0.0,0.0
2025-02-01_GoldenStateWarriors_PhoenixSuns,2025-02-01,Golden State Warriors,Phoenix Suns,50.0,50.0,0.0,0.0,0.0,0.0,AWAY,N/A,105,130,AWAY,1.0,2025-11-25 12:39:00,0.0,0.0,0.0,0.0,0.0,0.0,0.0,0.0,0.0,0.0,0.0,,0.0,0.0,0.0,0.0,0.0,0.0,0.0,0.0,0.0,0.0,0.0,0.0,,0.0,0.0,0.0,0.0,0.0
2025-02-01_IndianaPacers_AtlantaHawks,2025-02-01,Indiana Pacers,Atlanta Hawks,50.0,50.0,0.0,0.0,0.0,0.0,AWAY,N/A,132,127,HOME,0.0,2025-11-25 12:39:00,0.0,0.0,0.0,0.0,0.0,0.0,0.0,0.0,0.0,0.0,0.0,,0.0,0.0,0.0,0.0,0.0,0.0,0.0,0.0,0.0,0.0,0.0,0.0,,0.0,0.0,0.0,0.0,0.0
2025-02-01_UtahJazz_OrlandoMagic,2025-02-01,Utah Jazz,Orlando Magic,50.0,50.0,0.0,0.0,0.0,0.0,AWAY,N/A,113,99,HOME,0.0,2025-11-25 12:39:00,0.0,0.0,0.0,0.0,0.0,0.0,0.0,0.0,0.0,0.0,0.0,,0.0,0.0,0.0,0.0,0.0,0.0,0.0,0.0,0.0,0.0,0.0,0.0,,0.0,0.0,0.0,0.0,0.0
2025-02-02_CharlotteHornets_DenverNuggets,2025-02-02,Charlotte Hornets,Denver Nuggets,50.0,50.0,0.0,0.0,0.0,0.0,AWAY,N/A,104,107,AWAY,1.0,2025-11-25 12:39:00,0.0,0.0,0.0,0.0,0.0,0.0,0.0,0.0,0.0,0.0,0.0,,0.0,0.0,0.0,0.0,0.0,0.0,0.0,0.0,0.0,0.0,0.0,0.0,,0.0,0.0,0.0,0.0,0.0
2025-02-02_HoustonRockets_BrooklynNets,2025-02-02,Houston Rockets,Brooklyn Nets,50.0,50.0,0.0,0.0,0.0,0.0,AWAY,N/A,98,110,AWAY,1.0,2025-11-25 12:39:00,0.0,0.0,0.0,0.0,0.0,0.0,0.0,0.0,0.0,0.0,0.0,,0.0,0.0,0.0,0.0,0.0,0.0,0.0,0.0,0.0,0.0,0.0,0.0,,0.0,0.0,0.0,0.0,0.0
2025-02-02_MinnesotaTimberwolves_WashingtonWizards,2025-02-02,Minnesota Timberwolves,Washington Wizards,50.0,50.0,0.0,0.0,0.0,0.0,AWAY,N/A,103,105,AWAY,1.0,2025-11-25 12:39:00,0.0,0.0,0.0,0.0,0.0,0.0,0.0,0.0,0.0,0.0,0.0,,0.0,0.0,0.0,0.0,0.0,0.0,0.0,0.0,0.0,0.0,0.0,0.0,,0.0,0.0,0.0,0.0,0.0
2025-02-02_OklahomaCityThunder_SacramentoKings,2025-02-02,Oklahoma City Thunder,Sacramento Kings,50.0,50.0,0.0,0.0,0.0,0.0,AWAY,N/A,144,110,HOME,0.0,2025-11-25 12:39:00,0.0,0.0,0.0,0.0,0.0,0.0,0.0,0.0,0.0,0.0,0.0,,0.0,0.0,0.0,0.0,0.0,0.0,0.0,0.0,0.0,0.0,0.0,0.0,,0.0,0.0,0.0,0.0,0.0
2025-02-02_NewYorkKnicks_LosAngelesLakers,2025-02-02,New York Knicks,Los Angeles Lakers,50.0,50.0,0.0,0.0,0.0,0.0,AWAY,N/A,112,128,AWAY,1.0,2025-11-25 12:39:00,0.0,0.0,0.0,0.0,0.0,0.0,0.0,0.0,0.0,0.0,0.0,,0.0,0.0,0.0,0.0,0.0,0.0,0.0,0.0,0.0,0.0,0.0,0.0,,0.0,0.0,0.0,0.0,0.0
2025-02-02_SanAntonioSpurs_MiamiHeat,2025-02-02,San Antonio Spurs,Miami Heat,50.0,50.0,0.0,0.0,0.0,0.0,AWAY,N/A,103,105,AWAY,1.0,2025-11-25 12:39:00,0.0,0.0,0.0,0.0,0.0,0.0,0.0,0.0,0.0,0.0,0.0,,0.0,0.0,0.0,0.0,0.0,0.0,0.0,0.0,0.0,0.0,0.0,0.0,,0.0,0.0,0.0,0.0,0.0
2025-02-02_PortlandTrailBlazers_PhoenixSuns,2025-02-02,Portland Trail Blazers,Phoenix Suns,50.0,50.0,0.0,0.0,0.0,0.0,AWAY,N/A,127,108,HOME,0.0,2025-11-25 12:39:00,0.0,0.0,0.0,0.0,0.0,0.0,0.0,0.0,0.0,0.0,0.0,,0.0,0.0,0.0,0.0,0.0,0.0,0.0,0.0,0.0,0.0,0.0,0.0,,0.0,0.0,0.0,0.0,0.0
2025-02-02_DetroitPistons_ChicagoBulls,2025-02-02,Detroit Pistons,Chicago Bulls,50.0,50.0,0.0,0.0,0.0,0.0,AWAY,N/A,127,119,HOME,0.0,2025-11-25 12:39:00,0.0,0.0,0.0,0.0,0.0,0.0,0.0,0.0,0.0,0.0,0.0,,0.0,0.0,0.0,0.0,0.0,0.0,0.0,0.0,0.0,0.0,0.0,0.0,,0.0,0.0,0.0,0.0,0.0
2025-02-02_ClevelandCavaliers_DallasMavericks,2025-02-02,Cleveland Cavaliers,Dallas Mavericks,50.0,50.0,0.0,0.0,0.0,0.0,AWAY,N/A,144,101,HOME,0.0,2025-11-25 12:39:00,0.0,0.0,0.0,0.0,0.0,0.0,0.0,0.0,0.0,0.0,0.0,,0.0,0.0,0.0,0.0,0.0,0.0,0.0,0.0,0.0,0.0,0.0,0.0,,0.0,0.0,0.0,0.0,0.0
2025-02-02_TorontoRaptors_LAClippers,2025-02-02,Toronto Raptors,LA Clippers,50.0,50.0,0.0,0.0,0.0,0.0,AWAY,N/A,115,108,HOME,0.0,2025-11-25 12:39:00,0.0,0.0,0.0,0.0,0.0,0.0,0.0,0.0,0.0,0.0,0.0,,0.0,0.0,0.0,0.0,0.0,0.0,0.0,0.0,0.0,0.0,0.0,0.0,,0.0,0.0,0.0,0.0,0.0
2025-02-02_Philadelphia76ers_BostonCeltics,2025-02-02,Philadelphia 76ers,Boston Celtics,50.0,50.0,0.0,0.0,0.0,0.0,AWAY,N/A,110,118,AWAY,1.0,2025-11-25 12:39:00,0.0,0.0,0.0,0.0,0.0,0.0,0.0,0.0,0.0,0.0,0.0,,0.0,0.0,0.0,0.0,0.0,0.0,0.0,0.0,0.0,0.0,0.0,0.0,,0.0,0.0,0.0,0.0,0.0
2025-02-03_MilwaukeeBucks_MemphisGrizzlies,2025-02-03,Milwaukee Bucks,Memphis Grizzlies,50.0,50.0,0.0,0.0,0.0,0.0,AWAY,N/A,119,132,AWAY,1.0,2025-11-25 12:39:00,0.0,0.0,0.0,0.0,0.0,0.0,0.0,0.0,0.0,0.0,0.0,,0.0,0.0,0.0,0.0,0.0,0.0,0.0,0.0,0.0,0.0,0.0,0.0,,0.0,0.0,0.0,0.0,0.0
2025-02-04_CharlotteHornets_WashingtonWizards,2025-02-04,Charlotte Hornets,Washington Wizards,50.0,50.0,0.0,0.0,0.0,0.0,AWAY,N/A,114,124,AWAY,1.0,2025-11-25 12:39:00,0.0,0.0,0.0,0.0,0.0,0.0,0.0,0.0,0.0,0.0,0.0,,0.0,0.0,0.0,0.0,0.0,0.0,0.0,0.0,0.0,0.0,0.0,0.0,,0.0,0.0,0.0,0.0,0.0
2025-02-04_DetroitPistons_AtlantaHawks,2025-02-04,Detroit Pistons,Atlanta Hawks,50.0,50.0,0.0,0.0,0.0,0.0,AWAY,N/A,130,132,AWAY,1.0,2025-11-25 12:39:00,0.0,0.0,0.0,0.0,0.0,0.0,0.0,0.0,0.0,0.0,0.0,,0.0,0.0,0.0,0.0,0.0,0.0,0.0,0.0,0.0,0.0,0.0,0.0,,0.0,0.0,0.0,0.0,0.0
2025-02-04_NewYorkKnicks_HoustonRockets,2025-02-04,New York Knicks,Houston Rockets,50.0,50.0,0.0,0.0,0.0,0.0,AWAY,N/A,124,118,HOME,0.0,2025-11-25 12:39:00,0.0,0.0,0.0,0.0,0.0,0.0,0.0,0.0,0.0,0.0,0.0,,0.0,0.0,0.0,0.0,0.0,0.0,0.0,0.0,0.0,0.0,0.0,0.0,,0.0,0.0,0.0,0.0,0.0
2025-02-04_MinnesotaTimberwolves_SacramentoKings,2025-02-04,Minnesota Timberwolves,Sacramento Kings,50.0,50.0,0.0,0.0,0.0,0.0,AWAY,N/A,114,116,AWAY,1.0,2025-11-25 12:39:00,0.0,0.0,0.0,0.0,0.0,0.0,0.0,0.0,0.0,0.0,0.0,,0.0,0.0,0.0,0.0,0.0,0.0,0.0,0.0,0.0,0.0,0.0,0.0,,0.0,0.0,0.0,0.0,0.0
2025-02-04_OklahomaCityThunder_MilwaukeeBucks,2025-02-04,Oklahoma City Thunder,Milwaukee Bucks,50.0,50.0,0.0,0.0,0.0,0.0,AWAY,N/A,125,96,HOME,0.0,2025-11-25 12:39:00,0.0,0.0,0.0,0.0,0.0,0.0,0.0,0.0,0.0,0.0,0.0,,0.0,0.0,0.0,0.0,0.0,0.0,0.0,0.0,0.0,0.0,0.0,0.0,,0.0,0.0,0.0,0.0,0.0
2025-02-04_MemphisGrizzlies_SanAntonioSpurs,2025-02-04,Memphis Grizzlies,San Antonio Spurs,50.0,50.0,0.0,0.0,0.0,0.0,AWAY,N/A,128,109,HOME,0.0,2025-11-25 12:39:00,0.0,0.0,0.0,0.0,0.0,0.0,0.0,0.0,0.0,0.0,0.0,,0.0,0.0,0.0,0.0,0.0,0.0,0.0,0.0,0.0,0.0,0.0,0.0,,0.0,0.0,0.0,0.0,0.0
2025-02-04_DenverNuggets_NewOrleansPelicans,2025-02-04,Denver Nuggets,New Orleans Pelicans,50.0,50.0,0.0,0.0,0.0,0.0,AWAY,N/A,125,113,HOME,0.0,2025-11-25 12:39:00,0.0,0.0,0.0,0.0,0.0,0.0,0.0,0.0,0.0,0.0,0.0,,0.0,0.0,0.0,0.0,0.0,0.0,0.0,0.0,0.0,0.0,0.0,0.0,,0.0,0.0,0.0,0.0,0.0
2025-02-04_UtahJazz_IndianaPacers,2025-02-04,Utah Jazz,Indiana Pacers,50.0,50.0,0.0,0.0,0.0,0.0,AWAY,N/A,111,112,AWAY,1.0,2025-11-25 12:39:00,0.0,0.0,0.0,0.0,0.0,0.0,0.0,0.0,0.0,0.0,0.0,,0.0,0.0,0.0,0.0,0.0,0.0,0.0,0.0,0.0,0.0,0.0,0.0,,0.0,0.0,0.0,0.0,0.0
2025-02-04_GoldenStateWarriors_OrlandoMagic,2025-02-04,Golden State Warriors,Orlando Magic,50.0,50.0,0.0,0.0,0.0,0.0,AWAY,N/A,104,99,HOME,0.0,2025-11-25 12:39:00,0.0,0.0,0.0,0.0,0.0,0.0,0.0,0.0,0.0,0.0,0.0,,0.0,0.0,0.0,0.0,0.0,0.0,0.0,0.0,0.0,0.0,0.0,0.0,,0.0,0.0,0.0,0.0,0.0
2025-02-04_PortlandTrailBlazers_PhoenixSuns,2025-02-04,Portland Trail Blazers,Phoenix Suns,50.0,50.0,0.0,0.0,0.0,0.0,AWAY,N/A,121,119,HOME,0.0,2025-11-25 12:39:00,0.0,0.0,0.0,0.0,0.0,0.0,0.0,0.0,0.0,0.0,0.0,,0.0,0.0,0.0,0.0,0.0,0.0,0.0,0.0,0.0,0.0,0.0,0.0,,0.0,0.0,0.0,0.0,0.0
2025-02-05_Philadelphia76ers_DallasMavericks,2025-02-05,Philadelphia 76ers,Dallas Mavericks,50.0,50.0,0.0,0.0,0.0,0.0,AWAY,N/A,118,116,HOME,0.0,2025-11-25 12:39:00,0.0,0.0,0.0,0.0,0.0,0.0,0.0,0.0,0.0,0.0,0.0,,0.0,0.0,0.0,0.0,0.0,0.0,0.0,0.0,0.0,0.0,0.0,0.0,,0.0,0.0,0.0,0.0,0.0
2025-02-05_ClevelandCavaliers_BostonCeltics,2025-02-05,Cleveland Cavaliers,Boston Celtics,50.0,50.0,0.0,0.0,0.0,0.0,AWAY,N/A,105,112,AWAY,1.0,2025-11-25 12:39:00,0.0,0.0,0.0,0.0,0.0,0.0,0.0,0.0,0.0,0.0,0.0,,0.0,0.0,0.0,0.0,0.0,0.0,0.0,0.0,0.0,0.0,0.0,0.0,,0.0,0.0,0.0,0.0,0.0
2025-02-05_BrooklynNets_HoustonRockets,2025-02-05,Brooklyn Nets,Houston Rockets,50.0,50.0,0.0,0.0,0.0,0.0,AWAY,N/A,99,97,HOME,0.0,2025-11-25 12:39:00,0.0,0.0,0.0,0.0,0.0,0.0,0.0,0.0,0.0,0.0,0.0,,0.0,0.0,0.0,0.0,0.0,0.0,0.0,0.0,0.0,0.0,0.0,0.0,,0.0,0.0,0.0,0.0,0.0
2025-02-05_TorontoRaptors_NewYorkKnicks,2025-02-05,Toronto Raptors,New York Knicks,50.0,50.0,0.0,0.0,0.0,0.0,AWAY,N/A,115,121,AWAY,1.0,2025-11-25 12:39:00,0.0,0.0,0.0,0.0,0.0,0.0,0.0,0.0,0.0,0.0,0.0,,0.0,0.0,0.0,0.0,0.0,0.0,0.0,0.0,0.0,0.0,0.0,0.0,,0.0,0.0,0.0,0.0,0.0
2025-02-05_ChicagoBulls_MiamiHeat,2025-02-05,Chicago Bulls,Miami Heat,50.0,50.0,0.0,0.0,0.0,0.0,AWAY,N/A,133,124,HOME,0.0,2025-11-25 12:39:00,0.0,0.0,0.0,0.0,0.0,0.0,0.0,0.0,0.0,0.0,0.0,,0.0,0.0,0.0,0.0,0.0,0.0,0.0,0.0,0.0,0.0,0.0,0.0,,0.0,0.0,0.0,0.0,0.0
2025-02-05_LAClippers_LosAngelesLakers,2025-02-05,LA Clippers,Los Angeles Lakers,50.0,50.0,0.0,0.0,0.0,0.0,AWAY,N/A,97,122,AWAY,1.0,2025-11-25 12:39:00,0.0,0.0,0.0,0.0,0.0,0.0,0.0,0.0,0.0,0.0,0.0,,0.0,0.0,0.0,0.0,0.0,0.0,0.0,0.0,0.0,0.0,0.0,0.0,,0.0,0.0,0.0,0.0,0.0
2025-02-05_PortlandTrailBlazers_IndianaPacers,2025-02-05,Portland Trail Blazers,Indiana Pacers,50.0,50.0,0.0,0.0,0.0,0.0,AWAY,N/A,112,89,HOME,0.0,2025-11-25 12:39:00,0.0,0.0,0.0,0.0,0.0,0.0,0.0,0.0,0.0,0.0,0.0,,0.0,0.0,0.0,0.0,0.0,0.0,0.0,0.0,0.0,0.0,0.0,0.0,,0.0,0.0,0.0,0.0,0.0
2025-02-06_CharlotteHornets_MilwaukeeBucks,2025-02-06,Charlotte Hornets,Milwaukee Bucks,50.0,50.0,0.0,0.0,0.0,0.0,AWAY,N/A,102,112,AWAY,1.0,2025-11-25 12:39:00,0.0,0.0,0.0,0.0,0.0,0.0,0.0,0.0,0.0,0.0,0.0,,0.0,0.0,0.0,0.0,0.0,0.0,0.0,0.0,0.0,0.0,0.0,0.0,,0.0,0.0,0.0,0.0,0.0
2025-02-06_DetroitPistons_ClevelandCavaliers,2025-02-06,Detroit Pistons,Cleveland Cavaliers,50.0,50.0,0.0,0.0,0.0,0.0,AWAY,N/A,115,118,AWAY,1.0,2025-11-25 12:39:00,0.0,0.0,0.0,0.0,0.0,0.0,0.0,0.0,0.0,0.0,0.0,,0.0,0.0,0.0,0.0,0.0,0.0,0.0,0.0,0.0,0.0,0.0,0.0,,0.0,0.0,0.0,0.0,0.0
2025-02-06_AtlantaHawks_SanAntonioSpurs,2025-02-06,Atlanta Hawks,San Antonio Spurs,50.0,50.0,0.0,0.0,0.0,0.0,AWAY,N/A,125,126,AWAY,1.0,2025-11-25 12:39:00,0.0,0.0,0.0,0.0,0.0,0.0,0.0,0.0,0.0,0.0,0.0,,0.0,0.0,0.0,0.0,0.0,0.0,0.0,0.0,0.0,0.0,0.0,0.0,,0.0,0.0,0.0,0.0,0.0
2025-02-06_BrooklynNets_WashingtonWizards,2025-02-06,Brooklyn Nets,Washington Wizards,50.0,50.0,0.0,0.0,0.0,0.0,AWAY,N/A,102,119,AWAY,1.0,2025-11-25 12:39:00,0.0,0.0,0.0,0.0,0.0,0.0,0.0,0.0,0.0,0.0,0.0,,0.0,0.0,0.0,0.0,0.0,0.0,0.0,0.0,0.0,0.0,0.0,0.0,,0.0,0.0,0.0,0.0,0.0
2025-02-06_Philadelphia76ers_MiamiHeat,2025-02-06,Philadelphia 76ers,Miami Heat,50.0,50.0,0.0,0.0,0.0,0.0,AWAY,N/A,101,108,AWAY,1.0,2025-11-25 12:39:00,0.0,0.0,0.0,0.0,0.0,0.0,0.0,0.0,0.0,0.0,0.0,,0.0,0.0,0.0,0.0,0.0,0.0,0.0,0.0,0.0,0.0,0.0,0.0,,0.0,0.0,0.0,0.0,0.0
2025-02-06_TorontoRaptors_MemphisGrizzlies,2025-02-06,Toronto Raptors,Memphis Grizzlies,50.0,50.0,0.0,0.0,0.0,0.0,AWAY,N/A,107,138,AWAY,1.0,2025-11-25 12:39:00,0.0,0.0,0.0,0.0,0.0,0.0,0.0,0.0,0.0,0.0,0.0,,0.0,0.0,0.0,0.0,0.0,0.0,0.0,0.0,0.0,0.0,0.0,0.0,,0.0,0.0,0.0,0.0,0.0
2025-02-06_MinnesotaTimberwolves_ChicagoBulls,2025-02-06,Minnesota Timberwolves,Chicago Bulls,50.0,50.0,0.0,0.0,0.0,0.0,AWAY,N/A,127,108,HOME,0.0,2025-11-25 12:39:00,0.0,0.0,0.0,0.0,0.0,0.0,0.0,0.0,0.0,0.0,0.0,,0.0,0.0,0.0,0.0,0.0,0.0,0.0,0.0,0.0,0.0,0.0,0.0,,0.0,0.0,0.0,0.0,0.0
2025-02-06_UtahJazz_GoldenStateWarriors,2025-02-06,Utah Jazz,Golden State Warriors,50.0,50.0,0.0,0.0,0.0,0.0,AWAY,N/A,131,128,HOME,0.0,2025-11-25 12:39:00,0.0,0.0,0.0,0.0,0.0,0.0,0.0,0.0,0.0,0.0,0.0,,0.0,0.0,0.0,0.0,0.0,0.0,0.0,0.0,0.0,0.0,0.0,0.0,,0.0,0.0,0.0,0.0,0.0
2025-02-06_DenverNuggets_NewOrleansPelicans,2025-02-06,Denver Nuggets,New Orleans Pelicans,50.0,50.0,0.0,0.0,0.0,0.0,AWAY,N/A,144,119,HOME,0.0,2025-11-25 12:39:00,0.0,0.0,0.0,0.0,0.0,0.0,0.0,0.0,0.0,0.0,0.0,,0.0,0.0,0.0,0.0,0.0,0.0,0.0,0.0,0.0,0.0,0.0,0.0,,0.0,0.0,0.0,0.0,0.0
2025-02-06_OklahomaCityThunder_PhoenixSuns,2025-02-06,Oklahoma City Thunder,Phoenix Suns,50.0,50.0,0.0,0.0,0.0,0.0,AWAY,N/A,140,109,HOME,0.0,2025-11-25 12:39:00,0.0,0.0,0.0,0.0,0.0,0.0,0.0,0.0,0.0,0.0,0.0,,0.0,0.0,0.0,0.0,0.0,0.0,0.0,0.0,0.0,0.0,0.0,0.0,,0.0,0.0,0.0,0.0,0.0
2025-02-06_SacramentoKings_OrlandoMagic,2025-02-06,Sacramento Kings,Orlando Magic,50.0,50.0,0.0,0.0,0.0,0.0,AWAY,N/A,111,130,AWAY,1.0,2025-11-25 12:39:00,0.0,0.0,0.0,0.0,0.0,0.0,0.0,0.0,0.0,0.0,0.0,,0.0,0.0,0.0,0.0,0.0,0.0,0.0,0.0,0.0,0.0,0.0,0.0,,0.0,0.0,0.0,0.0,0.0
2025-02-07_BostonCeltics_DallasMavericks,2025-02-07,Boston Celtics,Dallas Mavericks,50.0,50.0,0.0,0.0,0.0,0.0,AWAY,N/A,120,127,AWAY,1.0,2025-11-25 12:39:00,0.0,0.0,0.0,0.0,0.0,0.0,0.0,0.0,0.0,0.0,0.0,,0.0,0.0,0.0,0.0,0.0,0.0,0.0,0.0,0.0,0.0,0.0,0.0,,0.0,0.0,0.0,0.0,0.0
2025-02-07_MinnesotaTimberwolves_HoustonRockets,2025-02-07,Minnesota Timberwolves,Houston Rockets,50.0,50.0,0.0,0.0,0.0,0.0,AWAY,N/A,127,114,HOME,0.0,2025-11-25 12:39:00,0.0,0.0,0.0,0.0,0.0,0.0,0.0,0.0,0.0,0.0,0.0,,0.0,0.0,0.0,0.0,0.0,0.0,0.0,0.0,0.0,0.0,0.0,0.0,,0.0,0.0,0.0,0.0,0.0
2025-02-07_DenverNuggets_OrlandoMagic,2025-02-07,Denver Nuggets,Orlando Magic,50.0,50.0,0.0,0.0,0.0,0.0,AWAY,N/A,112,90,HOME,0.0,2025-11-25 12:39:00,0.0,0.0,0.0,0.0,0.0,0.0,0.0,0.0,0.0,0.0,0.0,,0.0,0.0,0.0,0.0,0.0,0.0,0.0,0.0,0.0,0.0,0.0,0.0,,0.0,0.0,0.0,0.0,0.0
2025-02-07_LosAngelesLakers_GoldenStateWarriors,2025-02-07,Los Angeles Lakers,Golden State Warriors,50.0,50.0,0.0,0.0,0.0,0.0,AWAY,N/A,120,112,HOME,0.0,2025-11-25 12:39:00,0.0,0.0,0.0,0.0,0.0,0.0,0.0,0.0,0.0,0.0,0.0,,0.0,0.0,0.0,0.0,0.0,0.0,0.0,0.0,0.0,0.0,0.0,0.0,,0.0,0.0,0.0,0.0,0.0
2025-02-07_PortlandTrailBlazers_SacramentoKings,2025-02-07,Portland Trail Blazers,Sacramento Kings,50.0,50.0,0.0,0.0,0.0,0.0,AWAY,N/A,108,102,HOME,0.0,2025-11-25 12:39:00,0.0,0.0,0.0,0.0,0.0,0.0,0.0,0.0,0.0,0.0,0.0,,0.0,0.0,0.0,0.0,0.0,0.0,0.0,0.0,0.0,0.0,0.0,0.0,,0.0,0.0,0.0,0.0,0.0
2025-02-07_LAClippers_IndianaPacers,2025-02-07,LA Clippers,Indiana Pacers,50.0,50.0,0.0,0.0,0.0,0.0,AWAY,N/A,112,119,AWAY,1.0,2025-11-25 12:39:00,0.0,0.0,0.0,0.0,0.0,0.0,0.0,0.0,0.0,0.0,0.0,,0.0,0.0,0.0,0.0,0.0,0.0,0.0,0.0,0.0,0.0,0.0,0.0,,0.0,0.0,0.0,0.0,0.0
2025-02-08_CharlotteHornets_SanAntonioSpurs,2025-02-08,Charlotte Hornets,San Antonio Spurs,50.0,50.0,0.0,0.0,0.0,0.0,AWAY,N/A,117,116,HOME,0.0,2025-11-25 12:39:00,0.0,0.0,0.0,0.0,0.0,0.0,0.0,0.0,0.0,0.0,0.0,,0.0,0.0,0.0,0.0,0.0,0.0,0.0,0.0,0.0,0.0,0.0,0.0,,0.0,0.0,0.0,0.0,0.0
2025-02-08_WashingtonWizards_ClevelandCavaliers,2025-02-08,Washington Wizards,Cleveland Cavaliers,50.0,50.0,0.0,0.0,0.0,0.0,AWAY,N/A,124,134,AWAY,1.0,2025-11-25 12:39:00,0.0,0.0,0.0,0.0,0.0,0.0,0.0,0.0,0.0,0.0,0.0,,0.0,0.0,0.0,0.0,0.0,0.0,0.0,0.0,0.0,0.0,0.0,0.0,,0.0,0.0,0.0,0.0,0.0
2025-02-08_AtlantaHawks_MilwaukeeBucks,2025-02-08,Atlanta Hawks,Milwaukee Bucks,50.0,50.0,0.0,0.0,0.0,0.0,AWAY,N/A,115,110,HOME,0.0,2025-11-25 12:39:00,0.0,0.0,0.0,0.0,0.0,0.0,0.0,0.0,0.0,0.0,0.0,,0.0,0.0,0.0,0.0,0.0,0.0,0.0,0.0,0.0,0.0,0.0,0.0,,0.0,0.0,0.0,0.0,0.0
2025-02-08_BrooklynNets_MiamiHeat,2025-02-08,Brooklyn Nets,Miami Heat,50.0,50.0,0.0,0.0,0.0,0.0,AWAY,N/A,102,86,HOME,0.0,2025-11-25 12:39:00,0.0,0.0,0.0,0.0,0.0,0.0,0.0,0.0,0.0,0.0,0.0,,0.0,0.0,0.0,0.0,0.0,0.0,0.0,0.0,0.0,0.0,0.0,0.0,,0.0,0.0,0.0,0.0,0.0
2025-02-08_DetroitPistons_Philadelphia76ers,2025-02-08,Detroit Pistons,Philadelphia 76ers,50.0,50.0,0.0,0.0,0.0,0.0,AWAY,N/A,125,112,HOME,0.0,2025-11-25 12:39:00,0.0,0.0,0.0,0.0,0.0,0.0,0.0,0.0,0.0,0.0,0.0,,0.0,0.0,0.0,0.0,0.0,0.0,0.0,0.0,0.0,0.0,0.0,0.0,,0.0,0.0,0.0,0.0,0.0
2025-02-08_OklahomaCityThunder_TorontoRaptors,2025-02-08,Oklahoma City Thunder,Toronto Raptors,50.0,50.0,0.0,0.0,0.0,0.0,AWAY,N/A,121,109,HOME,0.0,2025-11-25 12:39:00,0.0,0.0,0.0,0.0,0.0,0.0,0.0,0.0,0.0,0.0,0.0,,0.0,0.0,0.0,0.0,0.0,0.0,0.0,0.0,0.0,0.0,0.0,0.0,,0.0,0.0,0.0,0.0,0.0
2025-02-08_PhoenixSuns_UtahJazz,2025-02-08,Phoenix Suns,Utah Jazz,50.0,50.0,0.0,0.0,0.0,0.0,AWAY,N/A,135,127,HOME,0.0,2025-11-25 12:39:00,0.0,0.0,0.0,0.0,0.0,0.0,0.0,0.0,0.0,0.0,0.0,,0.0,0.0,0.0,0.0,0.0,0.0,0.0,0.0,0.0,0.0,0.0,0.0,,0.0,0.0,0.0,0.0,0.0
2025-02-08_DallasMavericks_HoustonRockets,2025-02-08,Dallas Mavericks,Houston Rockets,50.0,50.0,0.0,0.0,0.0,0.0,AWAY,N/A,116,105,HOME,0.0,2025-11-25 12:39:00,0.0,0.0,0.0,0.0,0.0,0.0,0.0,0.0,0.0,0.0,0.0,,0.0,0.0,0.0,0.0,0.0,0.0,0.0,0.0,0.0,0.0,0.0,0.0,,0.0,0.0,0.0,0.0,0.0
2025-02-08_LosAngelesLakers_IndianaPacers,2025-02-08,Los Angeles Lakers,Indiana Pacers,50.0,50.0,0.0,0.0,0.0,0.0,AWAY,N/A,124,117,HOME,0.0,2025-11-25 12:39:00,0.0,0.0,0.0,0.0,0.0,0.0,0.0,0.0,0.0,0.0,0.0,,0.0,0.0,0.0,0.0,0.0,0.0,0.0,0.0,0.0,0.0,0.0,0.0,,0.0,0.0,0.0,0.0,0.0
2025-02-09_OrlandoMagic_SanAntonioSpurs,2025-02-09,Orlando Magic,San Antonio Spurs,50.0,50.0,0.0,0.0,0.0,0.0,AWAY,N/A,112,111,HOME,0.0,2025-11-25 12:39:00,0.0,0.0,0.0,0.0,0.0,0.0,0.0,0.0,0.0,0.0,0.0,,0.0,0.0,0.0,0.0,0.0,0.0,0.0,0.0,0.0,0.0,0.0,0.0,,0.0,0.0,0.0,0.0,0.0
2025-02-09_WashingtonWizards_AtlantaHawks,2025-02-09,Washington Wizards,Atlanta Hawks,50.0,50.0,0.0,0.0,0.0,0.0,AWAY,N/A,111,125,AWAY,1.0,2025-11-25 12:39:00,0.0,0.0,0.0,0.0,0.0,0.0,0.0,0.0,0.0,0.0,0.0,,0.0,0.0,0.0,0.0,0.0,0.0,0.0,0.0,0.0,0.0,0.0,0.0,,0.0,0.0,0.0,0.0,0.0
2025-02-09_ChicagoBulls_GoldenStateWarriors,2025-02-09,Chicago Bulls,Golden State Warriors,50.0,50.0,0.0,0.0,0.0,0.0,AWAY,N/A,111,132,AWAY,1.0,2025-11-25 12:39:00,0.0,0.0,0.0,0.0,0.0,0.0,0.0,0.0,0.0,0.0,0.0,,0.0,0.0,0.0,0.0,0.0,0.0,0.0,0.0,0.0,0.0,0.0,0.0,,0.0,0.0,0.0,0.0,0.0
2025-02-09_MemphisGrizzlies_OklahomaCityThunder,2025-02-09,Memphis Grizzlies,Oklahoma City Thunder,50.0,50.0,0.0,0.0,0.0,0.0,AWAY,N/A,112,125,AWAY,1.0,2025-11-25 12:39:00,0.0,0.0,0.0,0.0,0.0,0.0,0.0,0.0,0.0,0.0,0.0,,0.0,0.0,0.0,0.0,0.0,0.0,0.0,0.0,0.0,0.0,0.0,0.0,,0.0,0.0,0.0,0.0,0.0
2025-02-09_MinnesotaTimberwolves_PortlandTrailBlazers,2025-02-09,Minnesota Timberwolves,Portland Trail Blazers,50.0,50.0,0.0,0.0,0.0,0.0,AWAY,N/A,114,98,HOME,0.0,2025-11-25 12:39:00,0.0,0.0,0.0,0.0,0.0,0.0,0.0,0.0,0.0,0.0,0.0,,0.0,0.0,0.0,0.0,0.0,0.0,0.0,0.0,0.0,0.0,0.0,0.0,,0.0,0.0,0.0,0.0,0.0
2025-02-09_NewYorkKnicks_BostonCeltics,2025-02-09,New York Knicks,Boston Celtics,50.0,50.0,0.0,0.0,0.0,0.0,AWAY,N/A,104,131,AWAY,1.0,2025-11-25 12:39:00,0.0,0.0,0.0,0.0,0.0,0.0,0.0,0.0,0.0,0.0,0.0,,0.0,0.0,0.0,0.0,0.0,0.0,0.0,0.0,0.0,0.0,0.0,0.0,,0.0,0.0,0.0,0.0,0.0
2025-02-09_PhoenixSuns_DenverNuggets,2025-02-09,Phoenix Suns,Denver Nuggets,50.0,50.0,0.0,0.0,0.0,0.0,AWAY,N/A,105,122,AWAY,1.0,2025-11-25 12:39:00,0.0,0.0,0.0,0.0,0.0,0.0,0.0,0.0,0.0,0.0,0.0,,0.0,0.0,0.0,0.0,0.0,0.0,0.0,0.0,0.0,0.0,0.0,0.0,,0.0,0.0,0.0,0.0,0.0
2025-02-09_SacramentoKings_NewOrleansPelicans,2025-02-09,Sacramento Kings,New Orleans Pelicans,50.0,50.0,0.0,0.0,0.0,0.0,AWAY,N/A,123,118,HOME,0.0,2025-11-25 12:39:00,0.0,0.0,0.0,0.0,0.0,0.0,0.0,0.0,0.0,0.0,0.0,,0.0,0.0,0.0,0.0,0.0,0.0,0.0,0.0,0.0,0.0,0.0,0.0,,0.0,0.0,0.0,0.0,0.0
2025-02-09_LAClippers_UtahJazz,2025-02-09,LA Clippers,Utah Jazz,50.0,50.0,0.0,0.0,0.0,0.0,AWAY,N/A,130,110,HOME,0.0,2025-11-25 12:39:00,0.0,0.0,0.0,0.0,0.0,0.0,0.0,0.0,0.0,0.0,0.0,,0.0,0.0,0.0,0.0,0.0,0.0,0.0,0.0,0.0,0.0,0.0,0.0,,0.0,0.0,0.0,0.0,0.0
2025-02-09_DetroitPistons_CharlotteHornets,2025-02-09,Detroit Pistons,Charlotte Hornets,50.0,50.0,0.0,0.0,0.0,0.0,AWAY,N/A,112,102,HOME,0.0,2025-11-25 12:39:00,0.0,0.0,0.0,0.0,0.0,0.0,0.0,0.0,0.0,0.0,0.0,,0.0,0.0,0.0,0.0,0.0,0.0,0.0,0.0,0.0,0.0,0.0,0.0,,0.0,0.0,0.0,0.0,0.0
2025-02-09_HoustonRockets_TorontoRaptors,2025-02-09,Houston Rockets,Toronto Raptors,50.0,50.0,0.0,0.0,0.0,0.0,AWAY,N/A,94,87,HOME,0.0,2025-11-25 12:39:00,0.0,0.0,0.0,0.0,0.0,0.0,0.0,0.0,0.0,0.0,0.0,,0.0,0.0,0.0,0.0,0.0,0.0,0.0,0.0,0.0,0.0,0.0,0.0,,0.0,0.0,0.0,0.0,0.0
2025-02-09_MilwaukeeBucks_Philadelphia76ers,2025-02-09,Milwaukee Bucks,Philadelphia 76ers,50.0,50.0,0.0,0.0,0.0,0.0,AWAY,N/A,135,127,HOME,0.0,2025-11-25 12:39:00,0.0,0.0,0.0,0.0,0.0,0.0,0.0,0.0,0.0,0.0,0.0,,0.0,0.0,0.0,0.0,0.0,0.0,0.0,0.0,0.0,0.0,0.0,0.0,,0.0,0.0,0.0,0.0,0.0
2025-02-11_ClevelandCavaliers_MinnesotaTimberwolves,2025-02-11,Cleveland Cavaliers,Minnesota Timberwolves,50.0,50.0,0.0,0.0,0.0,0.0,AWAY,N/A,128,107,HOME,0.0,2025-11-25 12:39:00,0.0,0.0,0.0,0.0,0.0,0.0,0.0,0.0,0.0,0.0,0.0,,0.0,0.0,0.0,0.0,0.0,0.0,0.0,0.0,0.0,0.0,0.0,0.0,,0.0,0.0,0.0,0.0,0.0
2025-02-11_OrlandoMagic_AtlantaHawks,2025-02-11,Orlando Magic,Atlanta Hawks,50.0,50.0,0.0,0.0,0.0,0.0,AWAY,N/A,106,112,AWAY,1.0,2025-11-25 12:39:00,0.0,0.0,0.0,0.0,0.0,0.0,0.0,0.0,0.0,0.0,0.0,,0.0,0.0,0.0,0.0,0.0,0.0,0.0,0.0,0.0,0.0,0.0,0.0,,0.0,0.0,0.0,0.0,0.0
2025-02-11_WashingtonWizards_SanAntonioSpurs,2025-02-11,Washington Wizards,San Antonio Spurs,50.0,50.0,0.0,0.0,0.0,0.0,AWAY,N/A,121,131,AWAY,1.0,2025-11-25 12:39:00,0.0,0.0,0.0,0.0,0.0,0.0,0.0,0.0,0.0,0.0,0.0,,0.0,0.0,0.0,0.0,0.0,0.0,0.0,0.0,0.0,0.0,0.0,0.0,,0.0,0.0,0.0,0.0,0.0
2025-02-11_BrooklynNets_CharlotteHornets,2025-02-11,Brooklyn Nets,Charlotte Hornets,50.0,50.0,0.0,0.0,0.0,0.0,AWAY,N/A,97,89,HOME,0.0,2025-11-25 12:39:00,0.0,0.0,0.0,0.0,0.0,0.0,0.0,0.0,0.0,0.0,0.0,,0.0,0.0,0.0,0.0,0.0,0.0,0.0,0.0,0.0,0.0,0.0,0.0,,0.0,0.0,0.0,0.0,0.0
2025-02-11_MiamiHeat_BostonCeltics,2025-02-11,Miami Heat,Boston Celtics,50.0,50.0,0.0,0.0,0.0,0.0,AWAY,N/A,85,103,AWAY,1.0,2025-11-25 12:39:00,0.0,0.0,0.0,0.0,0.0,0.0,0.0,0.0,0.0,0.0,0.0,,0.0,0.0,0.0,0.0,0.0,0.0,0.0,0.0,0.0,0.0,0.0,0.0,,0.0,0.0,0.0,0.0,0.0
2025-02-11_MilwaukeeBucks_GoldenStateWarriors,2025-02-11,Milwaukee Bucks,Golden State Warriors,50.0,50.0,0.0,0.0,0.0,0.0,AWAY,N/A,111,125,AWAY,1.0,2025-11-25 12:39:00,0.0,0.0,0.0,0.0,0.0,0.0,0.0,0.0,0.0,0.0,0.0,,0.0,0.0,0.0,0.0,0.0,0.0,0.0,0.0,0.0,0.0,0.0,0.0,,0.0,0.0,0.0,0.0,0.0
2025-02-11_OklahomaCityThunder_NewOrleansPelicans,2025-02-11,Oklahoma City Thunder,New Orleans Pelicans,50.0,50.0,0.0,0.0,0.0,0.0,AWAY,N/A,137,101,HOME,0.0,2025-11-25 12:39:00,0.0,0.0,0.0,0.0,0.0,0.0,0.0,0.0,0.0,0.0,0.0,,0.0,0.0,0.0,0.0,0.0,0.0,0.0,0.0,0.0,0.0,0.0,0.0,,0.0,0.0,0.0,0.0,0.0
2025-02-11_DallasMavericks_SacramentoKings,2025-02-11,Dallas Mavericks,Sacramento Kings,50.0,50.0,0.0,0.0,0.0,0.0,AWAY,N/A,128,129,AWAY,1.0,2025-11-25 12:39:00,0.0,0.0,0.0,0.0,0.0,0.0,0.0,0.0,0.0,0.0,0.0,,0.0,0.0,0.0,0.0,0.0,0.0,0.0,0.0,0.0,0.0,0.0,0.0,,0.0,0.0,0.0,0.0,0.0
2025-02-11_DenverNuggets_PortlandTrailBlazers,2025-02-11,Denver Nuggets,Portland Trail Blazers,50.0,50.0,0.0,0.0,0.0,0.0,AWAY,N/A,146,117,HOME,0.0,2025-11-25 12:39:00,0.0,0.0,0.0,0.0,0.0,0.0,0.0,0.0,0.0,0.0,0.0,,0.0,0.0,0.0,0.0,0.0,0.0,0.0,0.0,0.0,0.0,0.0,0.0,,0.0,0.0,0.0,0.0,0.0
2025-02-11_LosAngelesLakers_UtahJazz,2025-02-11,Los Angeles Lakers,Utah Jazz,50.0,50.0,0.0,0.0,0.0,0.0,AWAY,N/A,132,113,HOME,0.0,2025-11-25 12:39:00,0.0,0.0,0.0,0.0,0.0,0.0,0.0,0.0,0.0,0.0,0.0,,0.0,0.0,0.0,0.0,0.0,0.0,0.0,0.0,0.0,0.0,0.0,0.0,,0.0,0.0,0.0,0.0,0.0
2025-02-12_Philadelphia76ers_TorontoRaptors,2025-02-12,Philadelphia 76ers,Toronto Raptors,50.0,50.0,0.0,0.0,0.0,0.0,AWAY,N/A,103,106,AWAY,1.0,2025-11-25 12:39:00,0.0,0.0,0.0,0.0,0.0,0.0,0.0,0.0,0.0,0.0,0.0,,0.0,0.0,0.0,0.0,0.0,0.0,0.0,0.0,0.0,0.0,0.0,0.0,,0.0,0.0,0.0,0.0,0.0
2025-02-12_IndianaPacers_NewYorkKnicks,2025-02-12,Indiana Pacers,New York Knicks,50.0,50.0,0.0,0.0,0.0,0.0,AWAY,N/A,115,128,AWAY,1.0,2025-11-25 12:39:00,0.0,0.0,0.0,0.0,0.0,0.0,0.0,0.0,0.0,0.0,0.0,,0.0,0.0,0.0,0.0,0.0,0.0,0.0,0.0,0.0,0.0,0.0,0.0,,0.0,0.0,0.0,0.0,0.0
2025-02-12_ChicagoBulls_DetroitPistons,2025-02-12,Chicago Bulls,Detroit Pistons,50.0,50.0,0.0,0.0,0.0,0.0,AWAY,N/A,92,132,AWAY,1.0,2025-11-25 12:39:00,0.0,0.0,0.0,0.0,0.0,0.0,0.0,0.0,0.0,0.0,0.0,,0.0,0.0,0.0,0.0,0.0,0.0,0.0,0.0,0.0,0.0,0.0,0.0,,0.0,0.0,0.0,0.0,0.0
2025-02-12_PhoenixSuns_MemphisGrizzlies,2025-02-12,Phoenix Suns,Memphis Grizzlies,50.0,50.0,0.0,0.0,0.0,0.0,AWAY,N/A,112,119,AWAY,1.0,2025-11-25 12:39:00,0.0,0.0,0.0,0.0,0.0,0.0,0.0,0.0,0.0,0.0,0.0,,0.0,0.0,0.0,0.0,0.0,0.0,0.0,0.0,0.0,0.0,0.0,0.0,,0.0,0.0,0.0,0.0,0.0
2025-02-13_BostonCeltics_SanAntonioSpurs,2025-02-13,Boston Celtics,San Antonio Spurs,50.0,50.0,0.0,0.0,0.0,0.0,AWAY,N/A,116,103,HOME,0.0,2025-11-25 12:39:00,0.0,0.0,0.0,0.0,0.0,0.0,0.0,0.0,0.0,0.0,0.0,,0.0,0.0,0.0,0.0,0.0,0.0,0.0,0.0,0.0,0.0,0.0,0.0,,0.0,0.0,0.0,0.0,0.0
2025-02-13_OrlandoMagic_CharlotteHornets,2025-02-13,Orlando Magic,Charlotte Hornets,50.0,50.0,0.0,0.0,0.0,0.0,AWAY,N/A,102,86,HOME,0.0,2025-11-25 12:39:00,0.0,0.0,0.0,0.0,0.0,0.0,0.0,0.0,0.0,0.0,0.0,,0.0,0.0,0.0,0.0,0.0,0.0,0.0,0.0,0.0,0.0,0.0,0.0,,0.0,0.0,0.0,0.0,0.0
2025-02-13_WashingtonWizards_IndianaPacers,2025-02-13,Washington Wizards,Indiana Pacers,50.0,50.0,0.0,0.0,0.0,0.0,AWAY,N/A,130,134,AWAY,1.0,2025-11-25 12:39:00,0.0,0.0,0.0,0.0,0.0,0.0,0.0,0.0,0.0,0.0,0.0,,0.0,0.0,0.0,0.0,0.0,0.0,0.0,0.0,0.0,0.0,0.0,0.0,,0.0,0.0,0.0,0.0,0.0
2025-02-13_BrooklynNets_Philadelphia76ers,2025-02-13,Brooklyn Nets,Philadelphia 76ers,50.0,50.0,0.0,0.0,0.0,0.0,AWAY,N/A,100,96,HOME,0.0,2025-11-25 12:39:00,0.0,0.0,0.0,0.0,0.0,0.0,0.0,0.0,0.0,0.0,0.0,,0.0,0.0,0.0,0.0,0.0,0.0,0.0,0.0,0.0,0.0,0.0,0.0,,0.0,0.0,0.0,0.0,0.0
2025-02-13_NewYorkKnicks_AtlantaHawks,2025-02-13,New York Knicks,Atlanta Hawks,50.0,50.0,0.0,0.0,0.0,0.0,AWAY,N/A,149,148,HOME,0.0,2025-11-25 12:39:00,0.0,0.0,0.0,0.0,0.0,0.0,0.0,0.0,0.0,0.0,0.0,,0.0,0.0,0.0,0.0,0.0,0.0,0.0,0.0,0.0,0.0,0.0,0.0,,0.0,0.0,0.0,0.0,0.0
2025-02-13_TorontoRaptors_ClevelandCavaliers,2025-02-13,Toronto Raptors,Cleveland Cavaliers,50.0,50.0,0.0,0.0,0.0,0.0,AWAY,N/A,108,131,AWAY,1.0,2025-11-25 12:39:00,0.0,0.0,0.0,0.0,0.0,0.0,0.0,0.0,0.0,0.0,0.0,,0.0,0.0,0.0,0.0,0.0,0.0,0.0,0.0,0.0,0.0,0.0,0.0,,0.0,0.0,0.0,0.0,0.0
2025-02-13_ChicagoBulls_DetroitPistons,2025-02-13,Chicago Bulls,Detroit Pistons,50.0,50.0,0.0,0.0,0.0,0.0,AWAY,N/A,110,128,AWAY,1.0,2025-11-25 12:39:00,0.0,0.0,0.0,0.0,0.0,0.0,0.0,0.0,0.0,0.0,0.0,,0.0,0.0,0.0,0.0,0.0,0.0,0.0,0.0,0.0,0.0,0.0,0.0,,0.0,0.0,0.0,0.0,0.0
2025-02-13_MinnesotaTimberwolves_MilwaukeeBucks,2025-02-13,Minnesota Timberwolves,Milwaukee Bucks,50.0,50.0,0.0,0.0,0.0,0.0,AWAY,N/A,101,103,AWAY,1.0,2025-11-25 12:39:00,0.0,0.0,0.0,0.0,0.0,0.0,0.0,0.0,0.0,0.0,0.0,,0.0,0.0,0.0,0.0,0.0,0.0,0.0,0.0,0.0,0.0,0.0,0.0,,0.0,0.0,0.0,0.0,0.0
2025-02-13_NewOrleansPelicans_SacramentoKings,2025-02-13,New Orleans Pelicans,Sacramento Kings,50.0,50.0,0.0,0.0,0.0,0.0,AWAY,N/A,111,119,AWAY,1.0,2025-11-25 12:39:00,0.0,0.0,0.0,0.0,0.0,0.0,0.0,0.0,0.0,0.0,0.0,,0.0,0.0,0.0,0.0,0.0,0.0,0.0,0.0,0.0,0.0,0.0,0.0,,0.0,0.0,0.0,0.0,0.0
2025-02-13_OklahomaCityThunder_MiamiHeat,2025-02-13,Oklahoma City Thunder,Miami Heat,50.0,50.0,0.0,0.0,0.0,0.0,AWAY,N/A,115,101,HOME,0.0,2025-11-25 12:39:00,0.0,0.0,0.0,0.0,0.0,0.0,0.0,0.0,0.0,0.0,0.0,,0.0,0.0,0.0,0.0,0.0,0.0,0.0,0.0,0.0,0.0,0.0,0.0,,0.0,0.0,0.0,0.0,0.0
2025-02-13_HoustonRockets_PhoenixSuns,2025-02-13,Houston Rockets,Phoenix Suns,50.0,50.0,0.0,0.0,0.0,0.0,AWAY,N/A,119,111,HOME,0.0,2025-11-25 12:39:00,0.0,0.0,0.0,0.0,0.0,0.0,0.0,0.0,0.0,0.0,0.0,,0.0,0.0,0.0,0.0,0.0,0.0,0.0,0.0,0.0,0.0,0.0,0.0,,0.0,0.0,0.0,0.0,0.0
2025-02-13_DenverNuggets_PortlandTrailBlazers,2025-02-13,Denver Nuggets,Portland Trail Blazers,50.0,50.0,0.0,0.0,0.0,0.0,AWAY,N/A,132,121,HOME,0.0,2025-11-25 12:39:00,0.0,0.0,0.0,0.0,0.0,0.0,0.0,0.0,0.0,0.0,0.0,,0.0,0.0,0.0,0.0,0.0,0.0,0.0,0.0,0.0,0.0,0.0,0.0,,0.0,0.0,0.0,0.0,0.0
2025-02-13_UtahJazz_LosAngelesLakers,2025-02-13,Utah Jazz,Los Angeles Lakers,50.0,50.0,0.0,0.0,0.0,0.0,AWAY,N/A,131,119,HOME,0.0,2025-11-25 12:39:00,0.0,0.0,0.0,0.0,0.0,0.0,0.0,0.0,0.0,0.0,0.0,,0.0,0.0,0.0,0.0,0.0,0.0,0.0,0.0,0.0,0.0,0.0,0.0,,0.0,0.0,0.0,0.0,0.0
2025-02-13_DallasMavericks_GoldenStateWarriors,2025-02-13,Dallas Mavericks,Golden State Warriors,50.0,50.0,0.0,0.0,0.0,0.0,AWAY,N/A,111,107,HOME,0.0,2025-11-25 12:39:00,0.0,0.0,0.0,0.0,0.0,0.0,0.0,0.0,0.0,0.0,0.0,,0.0,0.0,0.0,0.0,0.0,0.0,0.0,0.0,0.0,0.0,0.0,0.0,,0.0,0.0,0.0,0.0,0.0
2025-02-13_LAClippers_MemphisGrizzlies,2025-02-13,LA Clippers,Memphis Grizzlies,50.0,50.0,0.0,0.0,0.0,0.0,AWAY,N/A,128,114,HOME,0.0,2025-11-25 12:39:00,0.0,0.0,0.0,0.0,0.0,0.0,0.0,0.0,0.0,0.0,0.0,,0.0,0.0,0.0,0.0,0.0,0.0,0.0,0.0,0.0,0.0,0.0,0.0,,0.0,0.0,0.0,0.0,0.0
2025-02-14_HoustonRockets_GoldenStateWarriors,2025-02-14,Houston Rockets,Golden State Warriors,50.0,50.0,0.0,0.0,0.0,0.0,AWAY,N/A,98,105,AWAY,1.0,2025-11-25 12:39:00,0.0,0.0,0.0,0.0,0.0,0.0,0.0,0.0,0.0,0.0,0.0,,0.0,0.0,0.0,0.0,0.0,0.0,0.0,0.0,0.0,0.0,0.0,0.0,,0.0,0.0,0.0,0.0,0.0
2025-02-14_NewOrleansPelicans_SacramentoKings,2025-02-14,New Orleans Pelicans,Sacramento Kings,50.0,50.0,0.0,0.0,0.0,0.0,AWAY,N/A,140,133,HOME,0.0,2025-11-25 12:39:00,0.0,0.0,0.0,0.0,0.0,0.0,0.0,0.0,0.0,0.0,0.0,,0.0,0.0,0.0,0.0,0.0,0.0,0.0,0.0,0.0,0.0,0.0,0.0,,0.0,0.0,0.0,0.0,0.0
2025-02-14_DallasMavericks_MiamiHeat,2025-02-14,Dallas Mavericks,Miami Heat,50.0,50.0,0.0,0.0,0.0,0.0,AWAY,N/A,118,113,HOME,0.0,2025-11-25 12:39:00,0.0,0.0,0.0,0.0,0.0,0.0,0.0,0.0,0.0,0.0,0.0,,0.0,0.0,0.0,0.0,0.0,0.0,0.0,0.0,0.0,0.0,0.0,0.0,,0.0,0.0,0.0,0.0,0.0
2025-02-14_MinnesotaTimberwolves_OklahomaCityThunder,2025-02-14,Minnesota Timberwolves,Oklahoma City Thunder,50.0,50.0,0.0,0.0,0.0,0.0,AWAY,N/A,116,101,HOME,0.0,2025-11-25 12:39:00,0.0,0.0,0.0,0.0,0.0,0.0,0.0,0.0,0.0,0.0,0.0,,0.0,0.0,0.0,0.0,0.0,0.0,0.0,0.0,0.0,0.0,0.0,0.0,,0.0,0.0,0.0,0.0,0.0
2025-02-14_UtahJazz_LAClippers,2025-02-14,Utah Jazz,LA Clippers,50.0,50.0,0.0,0.0,0.0,0.0,AWAY,N/A,116,120,AWAY,1.0,2025-11-25 12:39:00,0.0,0.0,0.0,0.0,0.0,0.0,0.0,0.0,0.0,0.0,0.0,,0.0,0.0,0.0,0.0,0.0,0.0,0.0,0.0,0.0,0.0,0.0,0.0,,0.0,0.0,0.0,0.0,0.0
2025-02-17_TeamChuck_TeamKenny,2025-02-17,Team Chuck,Team Kenny,50.0,50.0,0.0,0.0,0.0,0.0,AWAY,N/A,41,32,HOME,0.0,2025-11-25 12:39:00,0.0,0.0,0.0,0.0,0.0,0.0,0.0,0.0,0.0,0.0,0.0,,0.0,0.0,0.0,0.0,0.0,0.0,0.0,0.0,0.0,0.0,0.0,0.0,,0.0,0.0,0.0,0.0,0.0
2025-02-17_TeamShaq_TeamCandace,2025-02-17,Team Shaq,Team Candace,50.0,50.0,0.0,0.0,0.0,0.0,AWAY,N/A,42,35,HOME,0.0,2025-11-25 12:39:00,0.0,0.0,0.0,0.0,0.0,0.0,0.0,0.0,0.0,0.0,0.0,,0.0,0.0,0.0,0.0,0.0,0.0,0.0,0.0,0.0,0.0,0.0,0.0,,0.0,0.0,0.0,0.0,0.0
2025-02-17_TeamChuck_TeamShaq,2025-02-17,Team Chuck,Team Shaq,50.0,50.0,0.0,0.0,0.0,0.0,AWAY,N/A,25,41,AWAY,1.0,2025-11-25 12:39:00,0.0,0.0,0.0,0.0,0.0,0.0,0.0,0.0,0.0,0.0,0.0,,0.0,0.0,0.0,0.0,0.0,0.0,0.0,0.0,0.0,0.0,0.0,0.0,,0.0,0.0,0.0,0.0,0.0
2025-02-20_LosAngelesLakers_CharlotteHornets,2025-02-20,Los Angeles Lakers,Charlotte Hornets,50.0,50.0,0.0,0.0,0.0,0.0,AWAY,N/A,97,100,AWAY,1.0,2025-11-25 12:39:00,0.0,0.0,0.0,0.0,0.0,0.0,0.0,0.0,0.0,0.0,0.0,,0.0,0.0,0.0,0.0,0.0,0.0,0.0,0.0,0.0,0.0,0.0,0.0,,0.0,0.0,0.0,0.0,0.0
2025-02-21_IndianaPacers_MemphisGrizzlies,2025-02-21,Indiana Pacers,Memphis Grizzlies,50.0,50.0,0.0,0.0,0.0,0.0,AWAY,N/A,127,113,HOME,0.0,2025-11-25 12:39:00,0.0,0.0,0.0,0.0,0.0,0.0,0.0,0.0,0.0,0.0,0.0,,0.0,0.0,0.0,0.0,0.0,0.0,0.0,0.0,0.0,0.0,0.0,0.0,,0.0,0.0,0.0,0.0,0.0
2025-02-21_Philadelphia76ers_BostonCeltics,2025-02-21,Philadelphia 76ers,Boston Celtics,50.0,50.0,0.0,0.0,0.0,0.0,AWAY,N/A,104,124,AWAY,1.0,2025-11-25 12:39:00,0.0,0.0,0.0,0.0,0.0,0.0,0.0,0.0,0.0,0.0,0.0,,0.0,0.0,0.0,0.0,0.0,0.0,0.0,0.0,0.0,0.0,0.0,0.0,,0.0,0.0,0.0,0.0,0.0
2025-02-21_AtlantaHawks_OrlandoMagic,2025-02-21,Atlanta Hawks,Orlando Magic,50.0,50.0,0.0,0.0,0.0,0.0,AWAY,N/A,108,114,AWAY,1.0,2025-11-25 12:39:00,0.0,0.0,0.0,0.0,0.0,0.0,0.0,0.0,0.0,0.0,0.0,,0.0,0.0,0.0,0.0,0.0,0.0,0.0,0.0,0.0,0.0,0.0,0.0,,0.0,0.0,0.0,0.0,0.0
2025-02-21_BrooklynNets_ClevelandCavaliers,2025-02-21,Brooklyn Nets,Cleveland Cavaliers,50.0,50.0,0.0,0.0,0.0,0.0,AWAY,N/A,97,110,AWAY,1.0,2025-11-25 12:39:00,0.0,0.0,0.0,0.0,0.0,0.0,0.0,0.0,0.0,0.0,0.0,,0.0,0.0,0.0,0.0,0.0,0.0,0.0,0.0,0.0,0.0,0.0,0.0,,0.0,0.0,0.0,0.0,0.0
2025-02-21_NewYorkKnicks_ChicagoBulls,2025-02-21,New York Knicks,Chicago Bulls,50.0,50.0,0.0,0.0,0.0,0.0,AWAY,N/A,113,111,HOME,0.0,2025-11-25 12:39:00,0.0,0.0,0.0,0.0,0.0,0.0,0.0,0.0,0.0,0.0,0.0,,0.0,0.0,0.0,0.0,0.0,0.0,0.0,0.0,0.0,0.0,0.0,0.0,,0.0,0.0,0.0,0.0,0.0
2025-02-21_MilwaukeeBucks_LAClippers,2025-02-21,Milwaukee Bucks,LA Clippers,50.0,50.0,0.0,0.0,0.0,0.0,AWAY,N/A,116,110,HOME,0.0,2025-11-25 12:39:00,0.0,0.0,0.0,0.0,0.0,0.0,0.0,0.0,0.0,0.0,0.0,,0.0,0.0,0.0,0.0,0.0,0.0,0.0,0.0,0.0,0.0,0.0,0.0,,0.0,0.0,0.0,0.0,0.0
2025-02-21_DenverNuggets_CharlotteHornets,2025-02-21,Denver Nuggets,Charlotte Hornets,50.0,50.0,0.0,0.0,0.0,0.0,AWAY,N/A,129,115,HOME,0.0,2025-11-25 12:39:00,0.0,0.0,0.0,0.0,0.0,0.0,0.0,0.0,0.0,0.0,0.0,,0.0,0.0,0.0,0.0,0.0,0.0,0.0,0.0,0.0,0.0,0.0,0.0,,0.0,0.0,0.0,0.0,0.0
2025-02-21_SanAntonioSpurs_PhoenixSuns,2025-02-21,San Antonio Spurs,Phoenix Suns,50.0,50.0,0.0,0.0,0.0,0.0,AWAY,N/A,120,109,HOME,0.0,2025-11-25 12:39:00,0.0,0.0,0.0,0.0,0.0,0.0,0.0,0.0,0.0,0.0,0.0,,0.0,0.0,0.0,0.0,0.0,0.0,0.0,0.0,0.0,0.0,0.0,0.0,,0.0,0.0,0.0,0.0,0.0
2025-02-21_PortlandTrailBlazers_LosAngelesLakers,2025-02-21,Portland Trail Blazers,Los Angeles Lakers,50.0,50.0,0.0,0.0,0.0,0.0,AWAY,N/A,102,110,AWAY,1.0,2025-11-25 12:39:00,0.0,0.0,0.0,0.0,0.0,0.0,0.0,0.0,0.0,0.0,0.0,,0.0,0.0,0.0,0.0,0.0,0.0,0.0,0.0,0.0,0.0,0.0,0.0,,0.0,0.0,0.0,0.0,0.0
2025-02-22_ClevelandCavaliers_NewYorkKnicks,2025-02-22,Cleveland Cavaliers,New York Knicks,50.0,50.0,0.0,0.0,0.0,0.0,AWAY,N/A,142,105,HOME,0.0,2025-11-25 12:39:00,0.0,0.0,0.0,0.0,0.0,0.0,0.0,0.0,0.0,0.0,0.0,,0.0,0.0,0.0,0.0,0.0,0.0,0.0,0.0,0.0,0.0,0.0,0.0,,0.0,0.0,0.0,0.0,0.0
2025-02-22_OrlandoMagic_MemphisGrizzlies,2025-02-22,Orlando Magic,Memphis Grizzlies,50.0,50.0,0.0,0.0,0.0,0.0,AWAY,N/A,104,105,AWAY,1.0,2025-11-25 12:39:00,0.0,0.0,0.0,0.0,0.0,0.0,0.0,0.0,0.0,0.0,0.0,,0.0,0.0,0.0,0.0,0.0,0.0,0.0,0.0,0.0,0.0,0.0,0.0,,0.0,0.0,0.0,0.0,0.0
2025-02-22_WashingtonWizards_MilwaukeeBucks,2025-02-22,Washington Wizards,Milwaukee Bucks,50.0,50.0,0.0,0.0,0.0,0.0,AWAY,N/A,101,104,AWAY,1.0,2025-11-25 12:39:00,0.0,0.0,0.0,0.0,0.0,0.0,0.0,0.0,0.0,0.0,0.0,,0.0,0.0,0.0,0.0,0.0,0.0,0.0,0.0,0.0,0.0,0.0,0.0,,0.0,0.0,0.0,0.0,0.0
2025-02-22_TorontoRaptors_MiamiHeat,2025-02-22,Toronto Raptors,Miami Heat,50.0,50.0,0.0,0.0,0.0,0.0,AWAY,N/A,111,120,AWAY,1.0,2025-11-25 12:39:00,0.0,0.0,0.0,0.0,0.0,0.0,0.0,0.0,0.0,0.0,0.0,,0.0,0.0,0.0,0.0,0.0,0.0,0.0,0.0,0.0,0.0,0.0,0.0,,0.0,0.0,0.0,0.0,0.0
2025-02-22_SanAntonioSpurs_DetroitPistons,2025-02-22,San Antonio Spurs,Detroit Pistons,50.0,50.0,0.0,0.0,0.0,0.0,AWAY,N/A,110,125,AWAY,1.0,2025-11-25 12:39:00,0.0,0.0,0.0,0.0,0.0,0.0,0.0,0.0,0.0,0.0,0.0,,0.0,0.0,0.0,0.0,0.0,0.0,0.0,0.0,0.0,0.0,0.0,0.0,,0.0,0.0,0.0,0.0,0.0
2025-02-22_DallasMavericks_NewOrleansPelicans,2025-02-22,Dallas Mavericks,New Orleans Pelicans,50.0,50.0,0.0,0.0,0.0,0.0,AWAY,N/A,111,103,HOME,0.0,2025-11-25 12:39:00,0.0,0.0,0.0,0.0,0.0,0.0,0.0,0.0,0.0,0.0,0.0,,0.0,0.0,0.0,0.0,0.0,0.0,0.0,0.0,0.0,0.0,0.0,0.0,,0.0,0.0,0.0,0.0,0.0
2025-02-22_HoustonRockets_MinnesotaTimberwolves,2025-02-22,Houston Rockets,Minnesota Timberwolves,50.0,50.0,0.0,0.0,0.0,0.0,AWAY,N/A,121,115,HOME,0.0,2025-11-25 12:39:00,0.0,0.0,0.0,0.0,0.0,0.0,0.0,0.0,0.0,0.0,0.0,,0.0,0.0,0.0,0.0,0.0,0.0,0.0,0.0,0.0,0.0,0.0,0.0,,0.0,0.0,0.0,0.0,0.0
2025-02-22_UtahJazz_OklahomaCityThunder,2025-02-22,Utah Jazz,Oklahoma City Thunder,50.0,50.0,0.0,0.0,0.0,0.0,AWAY,N/A,107,130,AWAY,1.0,2025-11-25 12:39:00,0.0,0.0,0.0,0.0,0.0,0.0,0.0,0.0,0.0,0.0,0.0,,0.0,0.0,0.0,0.0,0.0,0.0,0.0,0.0,0.0,0.0,0.0,0.0,,0.0,0.0,0.0,0.0,0.0
2025-02-22_SacramentoKings_GoldenStateWarriors,2025-02-22,Sacramento Kings,Golden State Warriors,50.0,50.0,0.0,0.0,0.0,0.0,AWAY,N/A,108,132,AWAY,1.0,2025-11-25 12:39:00,0.0,0.0,0.0,0.0,0.0,0.0,0.0,0.0,0.0,0.0,0.0,,0.0,0.0,0.0,0.0,0.0,0.0,0.0,0.0,0.0,0.0,0.0,0.0,,0.0,0.0,0.0,0.0,0.0
2025-02-22_ChicagoBulls_PhoenixSuns,2025-02-22,Chicago Bulls,Phoenix Suns,50.0,50.0,0.0,0.0,0.0,0.0,AWAY,N/A,117,121,AWAY,1.0,2025-11-25 12:39:00,0.0,0.0,0.0,0.0,0.0,0.0,0.0,0.0,0.0,0.0,0.0,,0.0,0.0,0.0,0.0,0.0,0.0,0.0,0.0,0.0,0.0,0.0,0.0,,0.0,0.0,0.0,0.0,0.0
2025-02-23_Philadelphia76ers_BrooklynNets,2025-02-23,Philadelphia 76ers,Brooklyn Nets,50.0,50.0,0.0,0.0,0.0,0.0,AWAY,N/A,103,105,AWAY,1.0,2025-11-25 12:39:00,0.0,0.0,0.0,0.0,0.0,0.0,0.0,0.0,0.0,0.0,0.0,,0.0,0.0,0.0,0.0,0.0,0.0,0.0,0.0,0.0,0.0,0.0,0.0,,0.0,0.0,0.0,0.0,0.0
2025-02-23_DenverNuggets_LosAngelesLakers,2025-02-23,Denver Nuggets,Los Angeles Lakers,50.0,50.0,0.0,0.0,0.0,0.0,AWAY,N/A,100,123,AWAY,1.0,2025-11-25 12:39:00,0.0,0.0,0.0,0.0,0.0,0.0,0.0,0.0,0.0,0.0,0.0,,0.0,0.0,0.0,0.0,0.0,0.0,0.0,0.0,0.0,0.0,0.0,0.0,,0.0,0.0,0.0,0.0,0.0
2025-02-23_UtahJazz_HoustonRockets,2025-02-23,Utah Jazz,Houston Rockets,50.0,50.0,0.0,0.0,0.0,0.0,AWAY,N/A,124,115,HOME,0.0,2025-11-25 12:39:00,0.0,0.0,0.0,0.0,0.0,0.0,0.0,0.0,0.0,0.0,0.0,,0.0,0.0,0.0,0.0,0.0,0.0,0.0,0.0,0.0,0.0,0.0,0.0,,0.0,0.0,0.0,0.0,0.0
2025-02-23_PortlandTrailBlazers_CharlotteHornets,2025-02-23,Portland Trail Blazers,Charlotte Hornets,50.0,50.0,0.0,0.0,0.0,0.0,AWAY,N/A,141,88,HOME,0.0,2025-11-25 12:39:00,0.0,0.0,0.0,0.0,0.0,0.0,0.0,0.0,0.0,0.0,0.0,,0.0,0.0,0.0,0.0,0.0,0.0,0.0,0.0,0.0,0.0,0.0,0.0,,0.0,0.0,0.0,0.0,0.0
2025-02-23_BostonCeltics_NewYorkKnicks,2025-02-23,Boston Celtics,New York Knicks,50.0,50.0,0.0,0.0,0.0,0.0,AWAY,N/A,118,105,HOME,0.0,2025-11-25 12:39:00,0.0,0.0,0.0,0.0,0.0,0.0,0.0,0.0,0.0,0.0,0.0,,0.0,0.0,0.0,0.0,0.0,0.0,0.0,0.0,0.0,0.0,0.0,0.0,,0.0,0.0,0.0,0.0,0.0
2025-02-23_GoldenStateWarriors_DallasMavericks,2025-02-23,Golden State Warriors,Dallas Mavericks,50.0,50.0,0.0,0.0,0.0,0.0,AWAY,N/A,126,102,HOME,0.0,2025-11-25 12:39:00,0.0,0.0,0.0,0.0,0.0,0.0,0.0,0.0,0.0,0.0,0.0,,0.0,0.0,0.0,0.0,0.0,0.0,0.0,0.0,0.0,0.0,0.0,0.0,,0.0,0.0,0.0,0.0,0.0
2025-02-23_IndianaPacers_LAClippers,2025-02-23,Indiana Pacers,LA Clippers,50.0,50.0,0.0,0.0,0.0,0.0,AWAY,N/A,129,111,HOME,0.0,2025-11-25 12:39:00,0.0,0.0,0.0,0.0,0.0,0.0,0.0,0.0,0.0,0.0,0.0,,0.0,0.0,0.0,0.0,0.0,0.0,0.0,0.0,0.0,0.0,0.0,0.0,,0.0,0.0,0.0,0.0,0.0
2025-02-23_AtlantaHawks_DetroitPistons,2025-02-23,Atlanta Hawks,Detroit Pistons,50.0,50.0,0.0,0.0,0.0,0.0,AWAY,N/A,143,148,AWAY,1.0,2025-11-25 12:39:00,0.0,0.0,0.0,0.0,0.0,0.0,0.0,0.0,0.0,0.0,0.0,,0.0,0.0,0.0,0.0,0.0,0.0,0.0,0.0,0.0,0.0,0.0,0.0,,0.0,0.0,0.0,0.0,0.0
2025-02-23_OrlandoMagic_WashingtonWizards,2025-02-23,Orlando Magic,Washington Wizards,50.0,50.0,0.0,0.0,0.0,0.0,AWAY,N/A,110,90,HOME,0.0,2025-11-25 12:39:00,0.0,0.0,0.0,0.0,0.0,0.0,0.0,0.0,0.0,0.0,0.0,,0.0,0.0,0.0,0.0,0.0,0.0,0.0,0.0,0.0,0.0,0.0,0.0,,0.0,0.0,0.0,0.0,0.0
2025-02-23_TorontoRaptors_PhoenixSuns,2025-02-23,Toronto Raptors,Phoenix Suns,50.0,50.0,0.0,0.0,0.0,0.0,AWAY,N/A,127,109,HOME,0.0,2025-11-25 12:39:00,0.0,0.0,0.0,0.0,0.0,0.0,0.0,0.0,0.0,0.0,0.0,,0.0,0.0,0.0,0.0,0.0,0.0,0.0,0.0,0.0,0.0,0.0,0.0,,0.0,0.0,0.0,0.0,0.0
2025-02-23_MilwaukeeBucks_MiamiHeat,2025-02-23,Milwaukee Bucks,Miami Heat,50.0,50.0,0.0,0.0,0.0,0.0,AWAY,N/A,120,113,HOME,0.0,2025-11-25 12:39:00,0.0,0.0,0.0,0.0,0.0,0.0,0.0,0.0,0.0,0.0,0.0,,0.0,0.0,0.0,0.0,0.0,0.0,0.0,0.0,0.0,0.0,0.0,0.0,,0.0,0.0,0.0,0.0,0.0
2025-02-24_NewOrleansPelicans_SanAntonioSpurs,2025-02-24,New Orleans Pelicans,San Antonio Spurs,50.0,50.0,0.0,0.0,0.0,0.0,AWAY,N/A,114,96,HOME,0.0,2025-11-25 12:39:00,0.0,0.0,0.0,0.0,0.0,0.0,0.0,0.0,0.0,0.0,0.0,,0.0,0.0,0.0,0.0,0.0,0.0,0.0,0.0,0.0,0.0,0.0,0.0,,0.0,0.0,0.0,0.0,0.0
2025-02-24_ClevelandCavaliers_MemphisGrizzlies,2025-02-24,Cleveland Cavaliers,Memphis Grizzlies,50.0,50.0,0.0,0.0,0.0,0.0,AWAY,N/A,129,123,HOME,0.0,2025-11-25 12:39:00,0.0,0.0,0.0,0.0,0.0,0.0,0.0,0.0,0.0,0.0,0.0,,0.0,0.0,0.0,0.0,0.0,0.0,0.0,0.0,0.0,0.0,0.0,0.0,,0.0,0.0,0.0,0.0,0.0
2025-02-24_MinnesotaTimberwolves_OklahomaCityThunder,2025-02-24,Minnesota Timberwolves,Oklahoma City Thunder,50.0,50.0,0.0,0.0,0.0,0.0,AWAY,N/A,123,130,AWAY,1.0,2025-11-25 12:39:00,0.0,0.0,0.0,0.0,0.0,0.0,0.0,0.0,0.0,0.0,0.0,,0.0,0.0,0.0,0.0,0.0,0.0,0.0,0.0,0.0,0.0,0.0,0.0,,0.0,0.0,0.0,0.0,0.0
2025-02-25_DetroitPistons_LAClippers,2025-02-25,Detroit Pistons,LA Clippers,50.0,50.0,0.0,0.0,0.0,0.0,AWAY,N/A,106,97,HOME,0.0,2025-11-25 12:39:00,0.0,0.0,0.0,0.0,0.0,0.0,0.0,0.0,0.0,0.0,0.0,,0.0,0.0,0.0,0.0,0.0,0.0,0.0,0.0,0.0,0.0,0.0,0.0,,0.0,0.0,0.0,0.0,0.0
2025-02-25_IndianaPacers_DenverNuggets,2025-02-25,Indiana Pacers,Denver Nuggets,50.0,50.0,0.0,0.0,0.0,0.0,AWAY,N/A,116,125,AWAY,1.0,2025-11-25 12:39:00,0.0,0.0,0.0,0.0,0.0,0.0,0.0,0.0,0.0,0.0,0.0,,0.0,0.0,0.0,0.0,0.0,0.0,0.0,0.0,0.0,0.0,0.0,0.0,,0.0,0.0,0.0,0.0,0.0
2025-02-25_Philadelphia76ers_ChicagoBulls,2025-02-25,Philadelphia 76ers,Chicago Bulls,50.0,50.0,0.0,0.0,0.0,0.0,AWAY,N/A,110,142,AWAY,1.0,2025-11-25 12:39:00,0.0,0.0,0.0,0.0,0.0,0.0,0.0,0.0,0.0,0.0,0.0,,0.0,0.0,0.0,0.0,0.0,0.0,0.0,0.0,0.0,0.0,0.0,0.0,,0.0,0.0,0.0,0.0,0.0
2025-02-25_WashingtonWizards_BrooklynNets,2025-02-25,Washington Wizards,Brooklyn Nets,50.0,50.0,0.0,0.0,0.0,0.0,AWAY,N/A,107,99,HOME,0.0,2025-11-25 12:39:00,0.0,0.0,0.0,0.0,0.0,0.0,0.0,0.0,0.0,0.0,0.0,,0.0,0.0,0.0,0.0,0.0,0.0,0.0,0.0,0.0,0.0,0.0,0.0,,0.0,0.0,0.0,0.0,0.0
2025-02-25_AtlantaHawks_MiamiHeat,2025-02-25,Atlanta Hawks,Miami Heat,50.0,50.0,0.0,0.0,0.0,0.0,AWAY,N/A,98,86,HOME,0.0,2025-11-25 12:39:00,0.0,0.0,0.0,0.0,0.0,0.0,0.0,0.0,0.0,0.0,0.0,,0.0,0.0,0.0,0.0,0.0,0.0,0.0,0.0,0.0,0.0,0.0,0.0,,0.0,0.0,0.0,0.0,0.0
2025-02-25_OklahomaCityThunder_MinnesotaTimberwolves,2025-02-25,Oklahoma City Thunder,Minnesota Timberwolves,50.0,50.0,0.0,0.0,0.0,0.0,AWAY,N/A,128,131,AWAY,1.0,2025-11-25 12:39:00,0.0,0.0,0.0,0.0,0.0,0.0,0.0,0.0,0.0,0.0,0.0,,0.0,0.0,0.0,0.0,0.0,0.0,0.0,0.0,0.0,0.0,0.0,0.0,,0.0,0.0,0.0,0.0,0.0
2025-02-25_UtahJazz_PortlandTrailBlazers,2025-02-25,Utah Jazz,Portland Trail Blazers,50.0,50.0,0.0,0.0,0.0,0.0,AWAY,N/A,112,114,AWAY,1.0,2025-11-25 12:39:00,0.0,0.0,0.0,0.0,0.0,0.0,0.0,0.0,0.0,0.0,0.0,,0.0,0.0,0.0,0.0,0.0,0.0,0.0,0.0,0.0,0.0,0.0,0.0,,0.0,0.0,0.0,0.0,0.0
2025-02-25_SacramentoKings_CharlotteHornets,2025-02-25,Sacramento Kings,Charlotte Hornets,50.0,50.0,0.0,0.0,0.0,0.0,AWAY,N/A,130,88,HOME,0.0,2025-11-25 12:39:00,0.0,0.0,0.0,0.0,0.0,0.0,0.0,0.0,0.0,0.0,0.0,,0.0,0.0,0.0,0.0,0.0,0.0,0.0,0.0,0.0,0.0,0.0,0.0,,0.0,0.0,0.0,0.0,0.0
2025-02-26_TorontoRaptors_BostonCeltics,2025-02-26,Toronto Raptors,Boston Celtics,50.0,50.0,0.0,0.0,0.0,0.0,AWAY,N/A,101,111,AWAY,1.0,2025-11-25 12:39:00,0.0,0.0,0.0,0.0,0.0,0.0,0.0,0.0,0.0,0.0,0.0,,0.0,0.0,0.0,0.0,0.0,0.0,0.0,0.0,0.0,0.0,0.0,0.0,,0.0,0.0,0.0,0.0,0.0
2025-02-26_OrlandoMagic_ClevelandCavaliers,2025-02-26,Orlando Magic,Cleveland Cavaliers,50.0,50.0,0.0,0.0,0.0,0.0,AWAY,N/A,82,122,AWAY,1.0,2025-11-25 12:39:00,0.0,0.0,0.0,0.0,0.0,0.0,0.0,0.0,0.0,0.0,0.0,,0.0,0.0,0.0,0.0,0.0,0.0,0.0,0.0,0.0,0.0,0.0,0.0,,0.0,0.0,0.0,0.0,0.0
2025-02-26_HoustonRockets_MilwaukeeBucks,2025-02-26,Houston Rockets,Milwaukee Bucks,50.0,50.0,0.0,0.0,0.0,0.0,AWAY,N/A,100,97,HOME,0.0,2025-11-25 12:39:00,0.0,0.0,0.0,0.0,0.0,0.0,0.0,0.0,0.0,0.0,0.0,,0.0,0.0,0.0,0.0,0.0,0.0,0.0,0.0,0.0,0.0,0.0,0.0,,0.0,0.0,0.0,0.0,0.0
2025-02-26_MemphisGrizzlies_PhoenixSuns,2025-02-26,Memphis Grizzlies,Phoenix Suns,50.0,50.0,0.0,0.0,0.0,0.0,AWAY,N/A,151,148,HOME,0.0,2025-11-25 12:39:00,0.0,0.0,0.0,0.0,0.0,0.0,0.0,0.0,0.0,0.0,0.0,,0.0,0.0,0.0,0.0,0.0,0.0,0.0,0.0,0.0,0.0,0.0,0.0,,0.0,0.0,0.0,0.0,0.0
2025-02-26_NewOrleansPelicans_SanAntonioSpurs,2025-02-26,New Orleans Pelicans,San Antonio Spurs,50.0,50.0,0.0,0.0,0.0,0.0,AWAY,N/A,109,103,HOME,0.0,2025-11-25 12:39:00,0.0,0.0,0.0,0.0,0.0,0.0,0.0,0.0,0.0,0.0,0.0,,0.0,0.0,0.0,0.0,0.0,0.0,0.0,0.0,0.0,0.0,0.0,0.0,,0.0,0.0,0.0,0.0,0.0
2025-02-26_GoldenStateWarriors_CharlotteHornets,2025-02-26,Golden State Warriors,Charlotte Hornets,50.0,50.0,0.0,0.0,0.0,0.0,AWAY,N/A,128,92,HOME,0.0,2025-11-25 12:39:00,0.0,0.0,0.0,0.0,0.0,0.0,0.0,0.0,0.0,0.0,0.0,,0.0,0.0,0.0,0.0,0.0,0.0,0.0,0.0,0.0,0.0,0.0,0.0,,0.0,0.0,0.0,0.0,0.0
2025-02-26_LosAngelesLakers_DallasMavericks,2025-02-26,Los Angeles Lakers,Dallas Mavericks,50.0,50.0,0.0,0.0,0.0,0.0,AWAY,N/A,107,99,HOME,0.0,2025-11-25 12:39:00,0.0,0.0,0.0,0.0,0.0,0.0,0.0,0.0,0.0,0.0,0.0,,0.0,0.0,0.0,0.0,0.0,0.0,0.0,0.0,0.0,0.0,0.0,0.0,,0.0,0.0,0.0,0.0,0.0
2025-02-27_DetroitPistons_BostonCeltics,2025-02-27,Detroit Pistons,Boston Celtics,50.0,50.0,0.0,0.0,0.0,0.0,AWAY,N/A,117,97,HOME,0.0,2025-11-25 12:39:00,0.0,0.0,0.0,0.0,0.0,0.0,0.0,0.0,0.0,0.0,0.0,,0.0,0.0,0.0,0.0,0.0,0.0,0.0,0.0,0.0,0.0,0.0,0.0,,0.0,0.0,0.0,0.0,0.0
2025-02-27_IndianaPacers_TorontoRaptors,2025-02-27,Indiana Pacers,Toronto Raptors,50.0,50.0,0.0,0.0,0.0,0.0,AWAY,N/A,111,91,HOME,0.0,2025-11-25 12:39:00,0.0,0.0,0.0,0.0,0.0,0.0,0.0,0.0,0.0,0.0,0.0,,0.0,0.0,0.0,0.0,0.0,0.0,0.0,0.0,0.0,0.0,0.0,0.0,,0.0,0.0,0.0,0.0,0.0
2025-02-27_NewYorkKnicks_Philadelphia76ers,2025-02-27,New York Knicks,Philadelphia 76ers,50.0,50.0,0.0,0.0,0.0,0.0,AWAY,N/A,110,105,HOME,0.0,2025-11-25 12:39:00,0.0,0.0,0.0,0.0,0.0,0.0,0.0,0.0,0.0,0.0,0.0,,0.0,0.0,0.0,0.0,0.0,0.0,0.0,0.0,0.0,0.0,0.0,0.0,,0.0,0.0,0.0,0.0,0.0
2025-02-27_WashingtonWizards_PortlandTrailBlazers,2025-02-27,Washington Wizards,Portland Trail Blazers,50.0,50.0,0.0,0.0,0.0,0.0,AWAY,N/A,121,129,AWAY,1.0,2025-11-25 12:39:00,0.0,0.0,0.0,0.0,0.0,0.0,0.0,0.0,0.0,0.0,0.0,,0.0,0.0,0.0,0.0,0.0,0.0,0.0,0.0,0.0,0.0,0.0,0.0,,0.0,0.0,0.0,0.0,0.0
2025-02-27_BrooklynNets_OklahomaCityThunder,2025-02-27,Brooklyn Nets,Oklahoma City Thunder,50.0,50.0,0.0,0.0,0.0,0.0,AWAY,N/A,121,129,AWAY,1.0,2025-11-25 12:39:00,0.0,0.0,0.0,0.0,0.0,0.0,0.0,0.0,0.0,0.0,0.0,,0.0,0.0,0.0,0.0,0.0,0.0,0.0,0.0,0.0,0.0,0.0,0.0,,0.0,0.0,0.0,0.0,0.0
2025-02-27_MiamiHeat_AtlantaHawks,2025-02-27,Miami Heat,Atlanta Hawks,50.0,50.0,0.0,0.0,0.0,0.0,AWAY,N/A,131,109,HOME,0.0,2025-11-25 12:39:00,0.0,0.0,0.0,0.0,0.0,0.0,0.0,0.0,0.0,0.0,0.0,,0.0,0.0,0.0,0.0,0.0,0.0,0.0,0.0,0.0,0.0,0.0,0.0,,0.0,0.0,0.0,0.0,0.0
2025-02-27_ChicagoBulls_LAClippers,2025-02-27,Chicago Bulls,LA Clippers,50.0,50.0,0.0,0.0,0.0,0.0,AWAY,N/A,117,122,AWAY,1.0,2025-11-25 12:39:00,0.0,0.0,0.0,0.0,0.0,0.0,0.0,0.0,0.0,0.0,0.0,,0.0,0.0,0.0,0.0,0.0,0.0,0.0,0.0,0.0,0.0,0.0,0.0,,0.0,0.0,0.0,0.0,0.0
2025-02-27_UtahJazz_SacramentoKings,2025-02-27,Utah Jazz,Sacramento Kings,50.0,50.0,0.0,0.0,0.0,0.0,AWAY,N/A,101,118,AWAY,1.0,2025-11-25 12:39:00,0.0,0.0,0.0,0.0,0.0,0.0,0.0,0.0,0.0,0.0,0.0,,0.0,0.0,0.0,0.0,0.0,0.0,0.0,0.0,0.0,0.0,0.0,0.0,,0.0,0.0,0.0,0.0,0.0
2025-02-27_HoustonRockets_SanAntonioSpurs,2025-02-27,Houston Rockets,San Antonio Spurs,50.0,50.0,0.0,0.0,0.0,0.0,AWAY,N/A,118,106,HOME,0.0,2025-11-25 12:39:00,0.0,0.0,0.0,0.0,0.0,0.0,0.0,0.0,0.0,0.0,0.0,,0.0,0.0,0.0,0.0,0.0,0.0,0.0,0.0,0.0,0.0,0.0,0.0,,0.0,0.0,0.0,0.0,0.0
2025-02-28_OrlandoMagic_GoldenStateWarriors,2025-02-28,Orlando Magic,Golden State Warriors,50.0,50.0,0.0,0.0,0.0,0.0,AWAY,N/A,115,121,AWAY,1.0,2025-11-25 12:39:00,0.0,0.0,0.0,0.0,0.0,0.0,0.0,0.0,0.0,0.0,0.0,,0.0,0.0,0.0,0.0,0.0,0.0,0.0,0.0,0.0,0.0,0.0,0.0,,0.0,0.0,0.0,0.0,0.0
2025-02-28_MilwaukeeBucks_DenverNuggets,2025-02-28,Milwaukee Bucks,Denver Nuggets,50.0,50.0,0.0,0.0,0.0,0.0,AWAY,N/A,121,112,HOME,0.0,2025-11-25 12:39:00,0.0,0.0,0.0,0.0,0.0,0.0,0.0,0.0,0.0,0.0,0.0,,0.0,0.0,0.0,0.0,0.0,0.0,0.0,0.0,0.0,0.0,0.0,0.0,,0.0,0.0,0.0,0.0,0.0
2025-02-28_DallasMavericks_CharlotteHornets,2025-02-28,Dallas Mavericks,Charlotte Hornets,50.0,50.0,0.0,0.0,0.0,0.0,AWAY,N/A,103,96,HOME,0.0,2025-11-25 12:39:00,0.0,0.0,0.0,0.0,0.0,0.0,0.0,0.0,0.0,0.0,0.0,,0.0,0.0,0.0,0.0,0.0,0.0,0.0,0.0,0.0,0.0,0.0,0.0,,0.0,0.0,0.0,0.0,0.0
2025-02-28_PhoenixSuns_NewOrleansPelicans,2025-02-28,Phoenix Suns,New Orleans Pelicans,50.0,50.0,0.0,0.0,0.0,0.0,AWAY,N/A,116,124,AWAY,1.0,2025-11-25 12:39:00,0.0,0.0,0.0,0.0,0.0,0.0,0.0,0.0,0.0,0.0,0.0,,0.0,0.0,0.0,0.0,0.0,0.0,0.0,0.0,0.0,0.0,0.0,0.0,,0.0,0.0,0.0,0.0,0.0
2025-02-28_LosAngelesLakers_MinnesotaTimberwolves,2025-02-28,Los Angeles Lakers,Minnesota Timberwolves,50.0,50.0,0.0,0.0,0.0,0.0,AWAY,N/A,111,102,HOME,0.0,2025-11-25 12:39:00,0.0,0.0,0.0,0.0,0.0,0.0,0.0,0.0,0.0,0.0,0.0,,0.0,0.0,0.0,0.0,0.0,0.0,0.0,0.0,0.0,0.0,0.0,0.0,,0.0,0.0,0.0,0.0,0.0
2025-03-01_DetroitPistons_DenverNuggets,2025-03-01,Detroit Pistons,Denver Nuggets,50.0,50.0,0.0,0.0,0.0,0.0,AWAY,N/A,119,134,AWAY,1.0,2025-11-25 12:39:00,0.0,0.0,0.0,0.0,0.0,0.0,0.0,0.0,0.0,0.0,0.0,,0.0,0.0,0.0,0.0,0.0,0.0,0.0,0.0,0.0,0.0,0.0,0.0,,0.0,0.0,0.0,0.0,0.0
2025-03-01_AtlantaHawks_OklahomaCityThunder,2025-03-01,Atlanta Hawks,Oklahoma City Thunder,50.0,50.0,0.0,0.0,0.0,0.0,AWAY,N/A,119,135,AWAY,1.0,2025-11-25 12:39:00,0.0,0.0,0.0,0.0,0.0,0.0,0.0,0.0,0.0,0.0,0.0,,0.0,0.0,0.0,0.0,0.0,0.0,0.0,0.0,0.0,0.0,0.0,0.0,,0.0,0.0,0.0,0.0,0.0
2025-03-01_BostonCeltics_ClevelandCavaliers,2025-03-01,Boston Celtics,Cleveland Cavaliers,50.0,50.0,0.0,0.0,0.0,0.0,AWAY,N/A,116,123,AWAY,1.0,2025-11-25 12:39:00,0.0,0.0,0.0,0.0,0.0,0.0,0.0,0.0,0.0,0.0,0.0,,0.0,0.0,0.0,0.0,0.0,0.0,0.0,0.0,0.0,0.0,0.0,0.0,,0.0,0.0,0.0,0.0,0.0
2025-03-01_BrooklynNets_PortlandTrailBlazers,2025-03-01,Brooklyn Nets,Portland Trail Blazers,50.0,50.0,0.0,0.0,0.0,0.0,AWAY,N/A,102,121,AWAY,1.0,2025-11-25 12:39:00,0.0,0.0,0.0,0.0,0.0,0.0,0.0,0.0,0.0,0.0,0.0,,0.0,0.0,0.0,0.0,0.0,0.0,0.0,0.0,0.0,0.0,0.0,0.0,,0.0,0.0,0.0,0.0,0.0
2025-03-01_MiamiHeat_IndianaPacers,2025-03-01,Miami Heat,Indiana Pacers,50.0,50.0,0.0,0.0,0.0,0.0,AWAY,N/A,125,120,HOME,0.0,2025-11-25 12:39:00,0.0,0.0,0.0,0.0,0.0,0.0,0.0,0.0,0.0,0.0,0.0,,0.0,0.0,0.0,0.0,0.0,0.0,0.0,0.0,0.0,0.0,0.0,0.0,,0.0,0.0,0.0,0.0,0.0
2025-03-01_ChicagoBulls_TorontoRaptors,2025-03-01,Chicago Bulls,Toronto Raptors,50.0,50.0,0.0,0.0,0.0,0.0,AWAY,N/A,125,115,HOME,0.0,2025-11-25 12:39:00,0.0,0.0,0.0,0.0,0.0,0.0,0.0,0.0,0.0,0.0,0.0,,0.0,0.0,0.0,0.0,0.0,0.0,0.0,0.0,0.0,0.0,0.0,0.0,,0.0,0.0,0.0,0.0,0.0
2025-03-01_MemphisGrizzlies_NewYorkKnicks,2025-03-01,Memphis Grizzlies,New York Knicks,50.0,50.0,0.0,0.0,0.0,0.0,AWAY,N/A,113,114,AWAY,1.0,2025-11-25 12:39:00,0.0,0.0,0.0,0.0,0.0,0.0,0.0,0.0,0.0,0.0,0.0,,0.0,0.0,0.0,0.0,0.0,0.0,0.0,0.0,0.0,0.0,0.0,0.0,,0.0,0.0,0.0,0.0,0.0
2025-03-01_PhoenixSuns_NewOrleansPelicans,2025-03-01,Phoenix Suns,New Orleans Pelicans,50.0,50.0,0.0,0.0,0.0,0.0,AWAY,N/A,125,108,HOME,0.0,2025-11-25 12:39:00,0.0,0.0,0.0,0.0,0.0,0.0,0.0,0.0,0.0,0.0,0.0,,0.0,0.0,0.0,0.0,0.0,0.0,0.0,0.0,0.0,0.0,0.0,0.0,,0.0,0.0,0.0,0.0,0.0
2025-03-01_UtahJazz_MinnesotaTimberwolves,2025-03-01,Utah Jazz,Minnesota Timberwolves,50.0,50.0,0.0,0.0,0.0,0.0,AWAY,N/A,117,116,HOME,0.0,2025-11-25 12:39:00,0.0,0.0,0.0,0.0,0.0,0.0,0.0,0.0,0.0,0.0,0.0,,0.0,0.0,0.0,0.0,0.0,0.0,0.0,0.0,0.0,0.0,0.0,0.0,,0.0,0.0,0.0,0.0,0.0
2025-03-01_LosAngelesLakers_LAClippers,2025-03-01,Los Angeles Lakers,LA Clippers,50.0,50.0,0.0,0.0,0.0,0.0,AWAY,N/A,106,102,HOME,0.0,2025-11-25 12:39:00,0.0,0.0,0.0,0.0,0.0,0.0,0.0,0.0,0.0,0.0,0.0,,0.0,0.0,0.0,0.0,0.0,0.0,0.0,0.0,0.0,0.0,0.0,0.0,,0.0,0.0,0.0,0.0,0.0
2025-03-01_CharlotteHornets_WashingtonWizards,2025-03-01,Charlotte Hornets,Washington Wizards,50.0,50.0,0.0,0.0,0.0,0.0,AWAY,N/A,100,113,AWAY,1.0,2025-11-25 12:39:00,0.0,0.0,0.0,0.0,0.0,0.0,0.0,0.0,0.0,0.0,0.0,,0.0,0.0,0.0,0.0,0.0,0.0,0.0,0.0,0.0,0.0,0.0,0.0,,0.0,0.0,0.0,0.0,0.0
2025-03-02_DetroitPistons_BrooklynNets,2025-03-02,Detroit Pistons,Brooklyn Nets,50.0,50.0,0.0,0.0,0.0,0.0,AWAY,N/A,115,94,HOME,0.0,2025-11-25 12:39:00,0.0,0.0,0.0,0.0,0.0,0.0,0.0,0.0,0.0,0.0,0.0,,0.0,0.0,0.0,0.0,0.0,0.0,0.0,0.0,0.0,0.0,0.0,0.0,,0.0,0.0,0.0,0.0,0.0
2025-03-02_HoustonRockets_SacramentoKings,2025-03-02,Houston Rockets,Sacramento Kings,50.0,50.0,0.0,0.0,0.0,0.0,AWAY,N/A,103,113,AWAY,1.0,2025-11-25 12:39:00,0.0,0.0,0.0,0.0,0.0,0.0,0.0,0.0,0.0,0.0,0.0,,0.0,0.0,0.0,0.0,0.0,0.0,0.0,0.0,0.0,0.0,0.0,0.0,,0.0,0.0,0.0,0.0,0.0
2025-03-02_MemphisGrizzlies_SanAntonioSpurs,2025-03-02,Memphis Grizzlies,San Antonio Spurs,50.0,50.0,0.0,0.0,0.0,0.0,AWAY,N/A,128,130,AWAY,1.0,2025-11-25 12:39:00,0.0,0.0,0.0,0.0,0.0,0.0,0.0,0.0,0.0,0.0,0.0,,0.0,0.0,0.0,0.0,0.0,0.0,0.0,0.0,0.0,0.0,0.0,0.0,,0.0,0.0,0.0,0.0,0.0
2025-03-02_Philadelphia76ers_GoldenStateWarriors,2025-03-02,Philadelphia 76ers,Golden State Warriors,50.0,50.0,0.0,0.0,0.0,0.0,AWAY,N/A,126,119,HOME,0.0,2025-11-25 12:39:00,0.0,0.0,0.0,0.0,0.0,0.0,0.0,0.0,0.0,0.0,0.0,,0.0,0.0,0.0,0.0,0.0,0.0,0.0,0.0,0.0,0.0,0.0,0.0,,0.0,0.0,0.0,0.0,0.0
2025-03-02_DallasMavericks_MilwaukeeBucks,2025-03-02,Dallas Mavericks,Milwaukee Bucks,50.0,50.0,0.0,0.0,0.0,0.0,AWAY,N/A,117,132,AWAY,1.0,2025-11-25 12:39:00,0.0,0.0,0.0,0.0,0.0,0.0,0.0,0.0,0.0,0.0,0.0,,0.0,0.0,0.0,0.0,0.0,0.0,0.0,0.0,0.0,0.0,0.0,0.0,,0.0,0.0,0.0,0.0,0.0
2025-03-02_BostonCeltics_DenverNuggets,2025-03-02,Boston Celtics,Denver Nuggets,50.0,50.0,0.0,0.0,0.0,0.0,AWAY,N/A,110,103,HOME,0.0,2025-11-25 12:39:00,0.0,0.0,0.0,0.0,0.0,0.0,0.0,0.0,0.0,0.0,0.0,,0.0,0.0,0.0,0.0,0.0,0.0,0.0,0.0,0.0,0.0,0.0,0.0,,0.0,0.0,0.0,0.0,0.0
2025-03-02_ClevelandCavaliers_PortlandTrailBlazers,2025-03-02,Cleveland Cavaliers,Portland Trail Blazers,50.0,50.0,0.0,0.0,0.0,0.0,AWAY,N/A,133,129,HOME,0.0,2025-11-25 12:39:00,0.0,0.0,0.0,0.0,0.0,0.0,0.0,0.0,0.0,0.0,0.0,,0.0,0.0,0.0,0.0,0.0,0.0,0.0,0.0,0.0,0.0,0.0,0.0,,0.0,0.0,0.0,0.0,0.0
2025-03-02_IndianaPacers_ChicagoBulls,2025-03-02,Indiana Pacers,Chicago Bulls,50.0,50.0,0.0,0.0,0.0,0.0,AWAY,N/A,127,112,HOME,0.0,2025-11-25 12:39:00,0.0,0.0,0.0,0.0,0.0,0.0,0.0,0.0,0.0,0.0,0.0,,0.0,0.0,0.0,0.0,0.0,0.0,0.0,0.0,0.0,0.0,0.0,0.0,,0.0,0.0,0.0,0.0,0.0
2025-03-02_MiamiHeat_NewYorkKnicks,2025-03-02,Miami Heat,New York Knicks,50.0,50.0,0.0,0.0,0.0,0.0,AWAY,N/A,112,116,AWAY,1.0,2025-11-25 12:39:00,0.0,0.0,0.0,0.0,0.0,0.0,0.0,0.0,0.0,0.0,0.0,,0.0,0.0,0.0,0.0,0.0,0.0,0.0,0.0,0.0,0.0,0.0,0.0,,0.0,0.0,0.0,0.0,0.0
2025-03-02_OrlandoMagic_TorontoRaptors,2025-03-02,Orlando Magic,Toronto Raptors,50.0,50.0,0.0,0.0,0.0,0.0,AWAY,N/A,102,104,AWAY,1.0,2025-11-25 12:39:00,0.0,0.0,0.0,0.0,0.0,0.0,0.0,0.0,0.0,0.0,0.0,,0.0,0.0,0.0,0.0,0.0,0.0,0.0,0.0,0.0,0.0,0.0,0.0,,0.0,0.0,0.0,0.0,0.0
2025-03-03_SanAntonioSpurs_OklahomaCityThunder,2025-03-03,San Antonio Spurs,Oklahoma City Thunder,50.0,50.0,0.0,0.0,0.0,0.0,AWAY,N/A,132,146,AWAY,1.0,2025-11-25 12:39:00,0.0,0.0,0.0,0.0,0.0,0.0,0.0,0.0,0.0,0.0,0.0,,0.0,0.0,0.0,0.0,0.0,0.0,0.0,0.0,0.0,0.0,0.0,0.0,,0.0,0.0,0.0,0.0,0.0
2025-03-03_UtahJazz_NewOrleansPelicans,2025-03-03,Utah Jazz,New Orleans Pelicans,50.0,50.0,0.0,0.0,0.0,0.0,AWAY,N/A,121,128,AWAY,1.0,2025-11-25 12:39:00,0.0,0.0,0.0,0.0,0.0,0.0,0.0,0.0,0.0,0.0,0.0,,0.0,0.0,0.0,0.0,0.0,0.0,0.0,0.0,0.0,0.0,0.0,0.0,,0.0,0.0,0.0,0.0,0.0
2025-03-03_PhoenixSuns_MinnesotaTimberwolves,2025-03-03,Phoenix Suns,Minnesota Timberwolves,50.0,50.0,0.0,0.0,0.0,0.0,AWAY,N/A,98,116,AWAY,1.0,2025-11-25 12:39:00,0.0,0.0,0.0,0.0,0.0,0.0,0.0,0.0,0.0,0.0,0.0,,0.0,0.0,0.0,0.0,0.0,0.0,0.0,0.0,0.0,0.0,0.0,0.0,,0.0,0.0,0.0,0.0,0.0
2025-03-03_LosAngelesLakers_LAClippers,2025-03-03,Los Angeles Lakers,LA Clippers,50.0,50.0,0.0,0.0,0.0,0.0,AWAY,N/A,108,102,HOME,0.0,2025-11-25 12:39:00,0.0,0.0,0.0,0.0,0.0,0.0,0.0,0.0,0.0,0.0,0.0,,0.0,0.0,0.0,0.0,0.0,0.0,0.0,0.0,0.0,0.0,0.0,0.0,,0.0,0.0,0.0,0.0,0.0
2025-03-04_CharlotteHornets_GoldenStateWarriors,2025-03-04,Charlotte Hornets,Golden State Warriors,50.0,50.0,0.0,0.0,0.0,0.0,AWAY,N/A,101,119,AWAY,1.0,2025-11-25 12:39:00,0.0,0.0,0.0,0.0,0.0,0.0,0.0,0.0,0.0,0.0,0.0,,0.0,0.0,0.0,0.0,0.0,0.0,0.0,0.0,0.0,0.0,0.0,0.0,,0.0,0.0,0.0,0.0,0.0
2025-03-04_Philadelphia76ers_PortlandTrailBlazers,2025-03-04,Philadelphia 76ers,Portland Trail Blazers,50.0,50.0,0.0,0.0,0.0,0.0,AWAY,N/A,102,119,AWAY,1.0,2025-11-25 12:39:00,0.0,0.0,0.0,0.0,0.0,0.0,0.0,0.0,0.0,0.0,0.0,,0.0,0.0,0.0,0.0,0.0,0.0,0.0,0.0,0.0,0.0,0.0,0.0,,0.0,0.0,0.0,0.0,0.0
2025-03-04_MiamiHeat_WashingtonWizards,2025-03-04,Miami Heat,Washington Wizards,50.0,50.0,0.0,0.0,0.0,0.0,AWAY,N/A,106,90,HOME,0.0,2025-11-25 12:39:00,0.0,0.0,0.0,0.0,0.0,0.0,0.0,0.0,0.0,0.0,0.0,,0.0,0.0,0.0,0.0,0.0,0.0,0.0,0.0,0.0,0.0,0.0,0.0,,0.0,0.0,0.0,0.0,0.0
2025-03-04_MemphisGrizzlies_AtlantaHawks,2025-03-04,Memphis Grizzlies,Atlanta Hawks,50.0,50.0,0.0,0.0,0.0,0.0,AWAY,N/A,130,132,AWAY,1.0,2025-11-25 12:39:00,0.0,0.0,0.0,0.0,0.0,0.0,0.0,0.0,0.0,0.0,0.0,,0.0,0.0,0.0,0.0,0.0,0.0,0.0,0.0,0.0,0.0,0.0,0.0,,0.0,0.0,0.0,0.0,0.0
2025-03-04_OklahomaCityThunder_HoustonRockets,2025-03-04,Oklahoma City Thunder,Houston Rockets,50.0,50.0,0.0,0.0,0.0,0.0,AWAY,N/A,137,128,HOME,0.0,2025-11-25 12:39:00,0.0,0.0,0.0,0.0,0.0,0.0,0.0,0.0,0.0,0.0,0.0,,0.0,0.0,0.0,0.0,0.0,0.0,0.0,0.0,0.0,0.0,0.0,0.0,,0.0,0.0,0.0,0.0,0.0
2025-03-04_DallasMavericks_SacramentoKings,2025-03-04,Dallas Mavericks,Sacramento Kings,50.0,50.0,0.0,0.0,0.0,0.0,AWAY,N/A,98,122,AWAY,1.0,2025-11-25 12:39:00,0.0,0.0,0.0,0.0,0.0,0.0,0.0,0.0,0.0,0.0,0.0,,0.0,0.0,0.0,0.0,0.0,0.0,0.0,0.0,0.0,0.0,0.0,0.0,,0.0,0.0,0.0,0.0,0.0
2025-03-04_UtahJazz_DetroitPistons,2025-03-04,Utah Jazz,Detroit Pistons,50.0,50.0,0.0,0.0,0.0,0.0,AWAY,N/A,106,134,AWAY,1.0,2025-11-25 12:39:00,0.0,0.0,0.0,0.0,0.0,0.0,0.0,0.0,0.0,0.0,0.0,,0.0,0.0,0.0,0.0,0.0,0.0,0.0,0.0,0.0,0.0,0.0,0.0,,0.0,0.0,0.0,0.0,0.0
2025-03-05_IndianaPacers_HoustonRockets,2025-03-05,Indiana Pacers,Houston Rockets,50.0,50.0,0.0,0.0,0.0,0.0,AWAY,N/A,115,102,HOME,0.0,2025-11-25 12:39:00,0.0,0.0,0.0,0.0,0.0,0.0,0.0,0.0,0.0,0.0,0.0,,0.0,0.0,0.0,0.0,0.0,0.0,0.0,0.0,0.0,0.0,0.0,0.0,,0.0,0.0,0.0,0.0,0.0
2025-03-05_OrlandoMagic_TorontoRaptors,2025-03-05,Orlando Magic,Toronto Raptors,50.0,50.0,0.0,0.0,0.0,0.0,AWAY,N/A,113,114,AWAY,1.0,2025-11-25 12:39:00,0.0,0.0,0.0,0.0,0.0,0.0,0.0,0.0,0.0,0.0,0.0,,0.0,0.0,0.0,0.0,0.0,0.0,0.0,0.0,0.0,0.0,0.0,0.0,,0.0,0.0,0.0,0.0,0.0
2025-03-05_AtlantaHawks_MilwaukeeBucks,2025-03-05,Atlanta Hawks,Milwaukee Bucks,50.0,50.0,0.0,0.0,0.0,0.0,AWAY,N/A,121,127,AWAY,1.0,2025-11-25 12:39:00,0.0,0.0,0.0,0.0,0.0,0.0,0.0,0.0,0.0,0.0,0.0,,0.0,0.0,0.0,0.0,0.0,0.0,0.0,0.0,0.0,0.0,0.0,0.0,,0.0,0.0,0.0,0.0,0.0
2025-03-05_NewYorkKnicks_GoldenStateWarriors,2025-03-05,New York Knicks,Golden State Warriors,50.0,50.0,0.0,0.0,0.0,0.0,AWAY,N/A,102,114,AWAY,1.0,2025-11-25 12:39:00,0.0,0.0,0.0,0.0,0.0,0.0,0.0,0.0,0.0,0.0,0.0,,0.0,0.0,0.0,0.0,0.0,0.0,0.0,0.0,0.0,0.0,0.0,0.0,,0.0,0.0,0.0,0.0,0.0
2025-03-05_ChicagoBulls_ClevelandCavaliers,2025-03-05,Chicago Bulls,Cleveland Cavaliers,50.0,50.0,0.0,0.0,0.0,0.0,AWAY,N/A,117,139,AWAY,1.0,2025-11-25 12:39:00,0.0,0.0,0.0,0.0,0.0,0.0,0.0,0.0,0.0,0.0,0.0,,0.0,0.0,0.0,0.0,0.0,0.0,0.0,0.0,0.0,0.0,0.0,0.0,,0.0,0.0,0.0,0.0,0.0
2025-03-05_MinnesotaTimberwolves_Philadelphia76ers,2025-03-05,Minnesota Timberwolves,Philadelphia 76ers,50.0,50.0,0.0,0.0,0.0,0.0,AWAY,N/A,126,112,HOME,0.0,2025-11-25 12:39:00,0.0,0.0,0.0,0.0,0.0,0.0,0.0,0.0,0.0,0.0,0.0,,0.0,0.0,0.0,0.0,0.0,0.0,0.0,0.0,0.0,0.0,0.0,0.0,,0.0,0.0,0.0,0.0,0.0
2025-03-05_SanAntonioSpurs_BrooklynNets,2025-03-05,San Antonio Spurs,Brooklyn Nets,50.0,50.0,0.0,0.0,0.0,0.0,AWAY,N/A,127,113,HOME,0.0,2025-11-25 12:39:00,0.0,0.0,0.0,0.0,0.0,0.0,0.0,0.0,0.0,0.0,0.0,,0.0,0.0,0.0,0.0,0.0,0.0,0.0,0.0,0.0,0.0,0.0,0.0,,0.0,0.0,0.0,0.0,0.0
2025-03-05_PhoenixSuns_LAClippers,2025-03-05,Phoenix Suns,LA Clippers,50.0,50.0,0.0,0.0,0.0,0.0,AWAY,N/A,119,117,HOME,0.0,2025-11-25 12:39:00,0.0,0.0,0.0,0.0,0.0,0.0,0.0,0.0,0.0,0.0,0.0,,0.0,0.0,0.0,0.0,0.0,0.0,0.0,0.0,0.0,0.0,0.0,0.0,,0.0,0.0,0.0,0.0,0.0
2025-03-05_LosAngelesLakers_NewOrleansPelicans,2025-03-05,Los Angeles Lakers,New Orleans Pelicans,50.0,50.0,0.0,0.0,0.0,0.0,AWAY,N/A,136,115,HOME,0.0,2025-11-25 12:39:00,0.0,0.0,0.0,0.0,0.0,0.0,0.0,0.0,0.0,0.0,0.0,,0.0,0.0,0.0,0.0,0.0,0.0,0.0,0.0,0.0,0.0,0.0,0.0,,0.0,0.0,0.0,0.0,0.0
2025-03-06_BostonCeltics_PortlandTrailBlazers,2025-03-06,Boston Celtics,Portland Trail Blazers,50.0,50.0,0.0,0.0,0.0,0.0,AWAY,N/A,128,118,HOME,0.0,2025-11-25 12:39:00,0.0,0.0,0.0,0.0,0.0,0.0,0.0,0.0,0.0,0.0,0.0,,0.0,0.0,0.0,0.0,0.0,0.0,0.0,0.0,0.0,0.0,0.0,0.0,,0.0,0.0,0.0,0.0,0.0
2025-03-06_CharlotteHornets_MinnesotaTimberwolves,2025-03-06,Charlotte Hornets,Minnesota Timberwolves,50.0,50.0,0.0,0.0,0.0,0.0,AWAY,N/A,110,125,AWAY,1.0,2025-11-25 12:39:00,0.0,0.0,0.0,0.0,0.0,0.0,0.0,0.0,0.0,0.0,0.0,,0.0,0.0,0.0,0.0,0.0,0.0,0.0,0.0,0.0,0.0,0.0,0.0,,0.0,0.0,0.0,0.0,0.0
2025-03-06_ClevelandCavaliers_MiamiHeat,2025-03-06,Cleveland Cavaliers,Miami Heat,50.0,50.0,0.0,0.0,0.0,0.0,AWAY,N/A,112,107,HOME,0.0,2025-11-25 12:39:00,0.0,0.0,0.0,0.0,0.0,0.0,0.0,0.0,0.0,0.0,0.0,,0.0,0.0,0.0,0.0,0.0,0.0,0.0,0.0,0.0,0.0,0.0,0.0,,0.0,0.0,0.0,0.0,0.0
2025-03-06_WashingtonWizards_UtahJazz,2025-03-06,Washington Wizards,Utah Jazz,50.0,50.0,0.0,0.0,0.0,0.0,AWAY,N/A,125,122,HOME,0.0,2025-11-25 12:39:00,0.0,0.0,0.0,0.0,0.0,0.0,0.0,0.0,0.0,0.0,0.0,,0.0,0.0,0.0,0.0,0.0,0.0,0.0,0.0,0.0,0.0,0.0,0.0,,0.0,0.0,0.0,0.0,0.0
2025-03-06_MilwaukeeBucks_DallasMavericks,2025-03-06,Milwaukee Bucks,Dallas Mavericks,50.0,50.0,0.0,0.0,0.0,0.0,AWAY,N/A,137,107,HOME,0.0,2025-11-25 12:39:00,0.0,0.0,0.0,0.0,0.0,0.0,0.0,0.0,0.0,0.0,0.0,,0.0,0.0,0.0,0.0,0.0,0.0,0.0,0.0,0.0,0.0,0.0,0.0,,0.0,0.0,0.0,0.0,0.0
2025-03-06_DenverNuggets_SacramentoKings,2025-03-06,Denver Nuggets,Sacramento Kings,50.0,50.0,0.0,0.0,0.0,0.0,AWAY,N/A,116,110,HOME,0.0,2025-11-25 12:39:00,0.0,0.0,0.0,0.0,0.0,0.0,0.0,0.0,0.0,0.0,0.0,,0.0,0.0,0.0,0.0,0.0,0.0,0.0,0.0,0.0,0.0,0.0,0.0,,0.0,0.0,0.0,0.0,0.0
2025-03-06_MemphisGrizzlies_OklahomaCityThunder,2025-03-06,Memphis Grizzlies,Oklahoma City Thunder,50.0,50.0,0.0,0.0,0.0,0.0,AWAY,N/A,103,120,AWAY,1.0,2025-11-25 12:39:00,0.0,0.0,0.0,0.0,0.0,0.0,0.0,0.0,0.0,0.0,0.0,,0.0,0.0,0.0,0.0,0.0,0.0,0.0,0.0,0.0,0.0,0.0,0.0,,0.0,0.0,0.0,0.0,0.0
2025-03-06_LAClippers_DetroitPistons,2025-03-06,LA Clippers,Detroit Pistons,50.0,50.0,0.0,0.0,0.0,0.0,AWAY,N/A,123,115,HOME,0.0,2025-11-25 12:39:00,0.0,0.0,0.0,0.0,0.0,0.0,0.0,0.0,0.0,0.0,0.0,,0.0,0.0,0.0,0.0,0.0,0.0,0.0,0.0,0.0,0.0,0.0,0.0,,0.0,0.0,0.0,0.0,0.0
2025-03-07_OrlandoMagic_ChicagoBulls,2025-03-07,Orlando Magic,Chicago Bulls,50.0,50.0,0.0,0.0,0.0,0.0,AWAY,N/A,123,125,AWAY,1.0,2025-11-25 12:39:00,0.0,0.0,0.0,0.0,0.0,0.0,0.0,0.0,0.0,0.0,0.0,,0.0,0.0,0.0,0.0,0.0,0.0,0.0,0.0,0.0,0.0,0.0,0.0,,0.0,0.0,0.0,0.0,0.0
2025-03-07_AtlantaHawks_IndianaPacers,2025-03-07,Atlanta Hawks,Indiana Pacers,50.0,50.0,0.0,0.0,0.0,0.0,AWAY,N/A,124,118,HOME,0.0,2025-11-25 12:39:00,0.0,0.0,0.0,0.0,0.0,0.0,0.0,0.0,0.0,0.0,0.0,,0.0,0.0,0.0,0.0,0.0,0.0,0.0,0.0,0.0,0.0,0.0,0.0,,0.0,0.0,0.0,0.0,0.0
2025-03-07_BostonCeltics_Philadelphia76ers,2025-03-07,Boston Celtics,Philadelphia 76ers,50.0,50.0,0.0,0.0,0.0,0.0,AWAY,N/A,123,105,HOME,0.0,2025-11-25 12:39:00,0.0,0.0,0.0,0.0,0.0,0.0,0.0,0.0,0.0,0.0,0.0,,0.0,0.0,0.0,0.0,0.0,0.0,0.0,0.0,0.0,0.0,0.0,0.0,,0.0,0.0,0.0,0.0,0.0
2025-03-07_BrooklynNets_GoldenStateWarriors,2025-03-07,Brooklyn Nets,Golden State Warriors,50.0,50.0,0.0,0.0,0.0,0.0,AWAY,N/A,119,121,AWAY,1.0,2025-11-25 12:39:00,0.0,0.0,0.0,0.0,0.0,0.0,0.0,0.0,0.0,0.0,0.0,,0.0,0.0,0.0,0.0,0.0,0.0,0.0,0.0,0.0,0.0,0.0,0.0,,0.0,0.0,0.0,0.0,0.0
2025-03-07_NewOrleansPelicans_HoustonRockets,2025-03-07,New Orleans Pelicans,Houston Rockets,50.0,50.0,0.0,0.0,0.0,0.0,AWAY,N/A,97,109,AWAY,1.0,2025-11-25 12:39:00,0.0,0.0,0.0,0.0,0.0,0.0,0.0,0.0,0.0,0.0,0.0,,0.0,0.0,0.0,0.0,0.0,0.0,0.0,0.0,0.0,0.0,0.0,0.0,,0.0,0.0,0.0,0.0,0.0
2025-03-07_LosAngelesLakers_NewYorkKnicks,2025-03-07,Los Angeles Lakers,New York Knicks,50.0,50.0,0.0,0.0,0.0,0.0,AWAY,N/A,113,109,HOME,0.0,2025-11-25 12:39:00,0.0,0.0,0.0,0.0,0.0,0.0,0.0,0.0,0.0,0.0,0.0,,0.0,0.0,0.0,0.0,0.0,0.0,0.0,0.0,0.0,0.0,0.0,0.0,,0.0,0.0,0.0,0.0,0.0
2025-03-08_CharlotteHornets_ClevelandCavaliers,2025-03-08,Charlotte Hornets,Cleveland Cavaliers,50.0,50.0,0.0,0.0,0.0,0.0,AWAY,N/A,117,118,AWAY,1.0,2025-11-25 12:39:00,0.0,0.0,0.0,0.0,0.0,0.0,0.0,0.0,0.0,0.0,0.0,,0.0,0.0,0.0,0.0,0.0,0.0,0.0,0.0,0.0,0.0,0.0,0.0,,0.0,0.0,0.0,0.0,0.0
2025-03-08_TorontoRaptors_UtahJazz,2025-03-08,Toronto Raptors,Utah Jazz,50.0,50.0,0.0,0.0,0.0,0.0,AWAY,N/A,118,109,HOME,0.0,2025-11-25 12:39:00,0.0,0.0,0.0,0.0,0.0,0.0,0.0,0.0,0.0,0.0,0.0,,0.0,0.0,0.0,0.0,0.0,0.0,0.0,0.0,0.0,0.0,0.0,0.0,,0.0,0.0,0.0,0.0,0.0
2025-03-08_DallasMavericks_MemphisGrizzlies,2025-03-08,Dallas Mavericks,Memphis Grizzlies,50.0,50.0,0.0,0.0,0.0,0.0,AWAY,N/A,111,122,AWAY,1.0,2025-11-25 12:39:00,0.0,0.0,0.0,0.0,0.0,0.0,0.0,0.0,0.0,0.0,0.0,,0.0,0.0,0.0,0.0,0.0,0.0,0.0,0.0,0.0,0.0,0.0,0.0,,0.0,0.0,0.0,0.0,0.0
2025-03-08_MiamiHeat_MinnesotaTimberwolves,2025-03-08,Miami Heat,Minnesota Timberwolves,50.0,50.0,0.0,0.0,0.0,0.0,AWAY,N/A,104,106,AWAY,1.0,2025-11-25 12:39:00,0.0,0.0,0.0,0.0,0.0,0.0,0.0,0.0,0.0,0.0,0.0,,0.0,0.0,0.0,0.0,0.0,0.0,0.0,0.0,0.0,0.0,0.0,0.0,,0.0,0.0,0.0,0.0,0.0
2025-03-08_OklahomaCityThunder_PortlandTrailBlazers,2025-03-08,Oklahoma City Thunder,Portland Trail Blazers,50.0,50.0,0.0,0.0,0.0,0.0,AWAY,N/A,107,89,HOME,0.0,2025-11-25 12:39:00,0.0,0.0,0.0,0.0,0.0,0.0,0.0,0.0,0.0,0.0,0.0,,0.0,0.0,0.0,0.0,0.0,0.0,0.0,0.0,0.0,0.0,0.0,0.0,,0.0,0.0,0.0,0.0,0.0
2025-03-08_DenverNuggets_PhoenixSuns,2025-03-08,Denver Nuggets,Phoenix Suns,50.0,50.0,0.0,0.0,0.0,0.0,AWAY,N/A,149,141,HOME,0.0,2025-11-25 12:39:00,0.0,0.0,0.0,0.0,0.0,0.0,0.0,0.0,0.0,0.0,0.0,,0.0,0.0,0.0,0.0,0.0,0.0,0.0,0.0,0.0,0.0,0.0,0.0,,0.0,0.0,0.0,0.0,0.0
2025-03-08_SacramentoKings_SanAntonioSpurs,2025-03-08,Sacramento Kings,San Antonio Spurs,50.0,50.0,0.0,0.0,0.0,0.0,AWAY,N/A,127,109,HOME,0.0,2025-11-25 12:39:00,0.0,0.0,0.0,0.0,0.0,0.0,0.0,0.0,0.0,0.0,0.0,,0.0,0.0,0.0,0.0,0.0,0.0,0.0,0.0,0.0,0.0,0.0,0.0,,0.0,0.0,0.0,0.0,0.0
2025-03-08_LAClippers_NewYorkKnicks,2025-03-08,LA Clippers,New York Knicks,50.0,50.0,0.0,0.0,0.0,0.0,AWAY,N/A,105,95,HOME,0.0,2025-11-25 12:39:00,0.0,0.0,0.0,0.0,0.0,0.0,0.0,0.0,0.0,0.0,0.0,,0.0,0.0,0.0,0.0,0.0,0.0,0.0,0.0,0.0,0.0,0.0,0.0,,0.0,0.0,0.0,0.0,0.0
2025-03-08_CharlotteHornets_BrooklynNets,2025-03-08,Charlotte Hornets,Brooklyn Nets,50.0,50.0,0.0,0.0,0.0,0.0,AWAY,N/A,105,102,HOME,0.0,2025-11-25 12:39:00,0.0,0.0,0.0,0.0,0.0,0.0,0.0,0.0,0.0,0.0,0.0,,0.0,0.0,0.0,0.0,0.0,0.0,0.0,0.0,0.0,0.0,0.0,0.0,,0.0,0.0,0.0,0.0,0.0
2025-03-09_HoustonRockets_NewOrleansPelicans,2025-03-09,Houston Rockets,New Orleans Pelicans,50.0,50.0,0.0,0.0,0.0,0.0,AWAY,N/A,146,117,HOME,0.0,2025-11-25 12:39:00,0.0,0.0,0.0,0.0,0.0,0.0,0.0,0.0,0.0,0.0,0.0,,0.0,0.0,0.0,0.0,0.0,0.0,0.0,0.0,0.0,0.0,0.0,0.0,,0.0,0.0,0.0,0.0,0.0
2025-03-09_AtlantaHawks_IndianaPacers,2025-03-09,Atlanta Hawks,Indiana Pacers,50.0,50.0,0.0,0.0,0.0,0.0,AWAY,N/A,120,118,HOME,0.0,2025-11-25 12:39:00,0.0,0.0,0.0,0.0,0.0,0.0,0.0,0.0,0.0,0.0,0.0,,0.0,0.0,0.0,0.0,0.0,0.0,0.0,0.0,0.0,0.0,0.0,0.0,,0.0,0.0,0.0,0.0,0.0
2025-03-09_TorontoRaptors_WashingtonWizards,2025-03-09,Toronto Raptors,Washington Wizards,50.0,50.0,0.0,0.0,0.0,0.0,AWAY,N/A,117,118,AWAY,1.0,2025-11-25 12:39:00,0.0,0.0,0.0,0.0,0.0,0.0,0.0,0.0,0.0,0.0,0.0,,0.0,0.0,0.0,0.0,0.0,0.0,0.0,0.0,0.0,0.0,0.0,0.0,,0.0,0.0,0.0,0.0,0.0
2025-03-09_MiamiHeat_ChicagoBulls,2025-03-09,Miami Heat,Chicago Bulls,50.0,50.0,0.0,0.0,0.0,0.0,AWAY,N/A,109,114,AWAY,1.0,2025-11-25 12:39:00,0.0,0.0,0.0,0.0,0.0,0.0,0.0,0.0,0.0,0.0,0.0,,0.0,0.0,0.0,0.0,0.0,0.0,0.0,0.0,0.0,0.0,0.0,0.0,,0.0,0.0,0.0,0.0,0.0
2025-03-09_MilwaukeeBucks_OrlandoMagic,2025-03-09,Milwaukee Bucks,Orlando Magic,50.0,50.0,0.0,0.0,0.0,0.0,AWAY,N/A,109,111,AWAY,1.0,2025-11-25 12:39:00,0.0,0.0,0.0,0.0,0.0,0.0,0.0,0.0,0.0,0.0,0.0,,0.0,0.0,0.0,0.0,0.0,0.0,0.0,0.0,0.0,0.0,0.0,0.0,,0.0,0.0,0.0,0.0,0.0
2025-03-09_BostonCeltics_LosAngelesLakers,2025-03-09,Boston Celtics,Los Angeles Lakers,50.0,50.0,0.0,0.0,0.0,0.0,AWAY,N/A,111,101,HOME,0.0,2025-11-25 12:39:00,0.0,0.0,0.0,0.0,0.0,0.0,0.0,0.0,0.0,0.0,0.0,,0.0,0.0,0.0,0.0,0.0,0.0,0.0,0.0,0.0,0.0,0.0,0.0,,0.0,0.0,0.0,0.0,0.0
2025-03-09_GoldenStateWarriors_DetroitPistons,2025-03-09,Golden State Warriors,Detroit Pistons,50.0,50.0,0.0,0.0,0.0,0.0,AWAY,N/A,115,110,HOME,0.0,2025-11-25 12:39:00,0.0,0.0,0.0,0.0,0.0,0.0,0.0,0.0,0.0,0.0,0.0,,0.0,0.0,0.0,0.0,0.0,0.0,0.0,0.0,0.0,0.0,0.0,0.0,,0.0,0.0,0.0,0.0,0.0
2025-03-09_OklahomaCityThunder_DenverNuggets,2025-03-09,Oklahoma City Thunder,Denver Nuggets,50.0,50.0,0.0,0.0,0.0,0.0,AWAY,N/A,127,103,HOME,0.0,2025-11-25 12:39:00,0.0,0.0,0.0,0.0,0.0,0.0,0.0,0.0,0.0,0.0,0.0,,0.0,0.0,0.0,0.0,0.0,0.0,0.0,0.0,0.0,0.0,0.0,0.0,,0.0,0.0,0.0,0.0,0.0
2025-03-09_DallasMavericks_PhoenixSuns,2025-03-09,Dallas Mavericks,Phoenix Suns,50.0,50.0,0.0,0.0,0.0,0.0,AWAY,N/A,116,125,AWAY,1.0,2025-11-25 12:39:00,0.0,0.0,0.0,0.0,0.0,0.0,0.0,0.0,0.0,0.0,0.0,,0.0,0.0,0.0,0.0,0.0,0.0,0.0,0.0,0.0,0.0,0.0,0.0,,0.0,0.0,0.0,0.0,0.0
2025-03-09_NewOrleansPelicans_MemphisGrizzlies,2025-03-09,New Orleans Pelicans,Memphis Grizzlies,50.0,50.0,0.0,0.0,0.0,0.0,AWAY,N/A,104,107,AWAY,1.0,2025-11-25 12:39:00,0.0,0.0,0.0,0.0,0.0,0.0,0.0,0.0,0.0,0.0,0.0,,0.0,0.0,0.0,0.0,0.0,0.0,0.0,0.0,0.0,0.0,0.0,0.0,,0.0,0.0,0.0,0.0,0.0
2025-03-09_Philadelphia76ers_UtahJazz,2025-03-09,Philadelphia 76ers,Utah Jazz,50.0,50.0,0.0,0.0,0.0,0.0,AWAY,N/A,126,122,HOME,0.0,2025-11-25 12:39:00,0.0,0.0,0.0,0.0,0.0,0.0,0.0,0.0,0.0,0.0,0.0,,0.0,0.0,0.0,0.0,0.0,0.0,0.0,0.0,0.0,0.0,0.0,0.0,,0.0,0.0,0.0,0.0,0.0
2025-03-10_MilwaukeeBucks_ClevelandCavaliers,2025-03-10,Milwaukee Bucks,Cleveland Cavaliers,50.0,50.0,0.0,0.0,0.0,0.0,AWAY,N/A,100,112,AWAY,1.0,2025-11-25 12:39:00,0.0,0.0,0.0,0.0,0.0,0.0,0.0,0.0,0.0,0.0,0.0,,0.0,0.0,0.0,0.0,0.0,0.0,0.0,0.0,0.0,0.0,0.0,0.0,,0.0,0.0,0.0,0.0,0.0
2025-03-10_MinnesotaTimberwolves_SanAntonioSpurs,2025-03-10,Minnesota Timberwolves,San Antonio Spurs,50.0,50.0,0.0,0.0,0.0,0.0,AWAY,N/A,141,124,HOME,0.0,2025-11-25 12:39:00,0.0,0.0,0.0,0.0,0.0,0.0,0.0,0.0,0.0,0.0,0.0,,0.0,0.0,0.0,0.0,0.0,0.0,0.0,0.0,0.0,0.0,0.0,0.0,,0.0,0.0,0.0,0.0,0.0
2025-03-10_PortlandTrailBlazers_DetroitPistons,2025-03-10,Portland Trail Blazers,Detroit Pistons,50.0,50.0,0.0,0.0,0.0,0.0,AWAY,N/A,112,119,AWAY,1.0,2025-11-25 12:39:00,0.0,0.0,0.0,0.0,0.0,0.0,0.0,0.0,0.0,0.0,0.0,,0.0,0.0,0.0,0.0,0.0,0.0,0.0,0.0,0.0,0.0,0.0,0.0,,0.0,0.0,0.0,0.0,0.0
2025-03-10_LAClippers_SacramentoKings,2025-03-10,LA Clippers,Sacramento Kings,50.0,50.0,0.0,0.0,0.0,0.0,AWAY,N/A,111,110,HOME,0.0,2025-11-25 12:39:00,0.0,0.0,0.0,0.0,0.0,0.0,0.0,0.0,0.0,0.0,0.0,,0.0,0.0,0.0,0.0,0.0,0.0,0.0,0.0,0.0,0.0,0.0,0.0,,0.0,0.0,0.0,0.0,0.0
2025-03-10_AtlantaHawks_Philadelphia76ers,2025-03-10,Atlanta Hawks,Philadelphia 76ers,50.0,50.0,0.0,0.0,0.0,0.0,AWAY,N/A,132,123,HOME,0.0,2025-11-25 12:39:00,0.0,0.0,0.0,0.0,0.0,0.0,0.0,0.0,0.0,0.0,0.0,,0.0,0.0,0.0,0.0,0.0,0.0,0.0,0.0,0.0,0.0,0.0,0.0,,0.0,0.0,0.0,0.0,0.0
2025-03-10_BostonCeltics_UtahJazz,2025-03-10,Boston Celtics,Utah Jazz,50.0,50.0,0.0,0.0,0.0,0.0,AWAY,N/A,114,108,HOME,0.0,2025-11-25 12:39:00,0.0,0.0,0.0,0.0,0.0,0.0,0.0,0.0,0.0,0.0,0.0,,0.0,0.0,0.0,0.0,0.0,0.0,0.0,0.0,0.0,0.0,0.0,0.0,,0.0,0.0,0.0,0.0,0.0
2025-03-10_BrooklynNets_LosAngelesLakers,2025-03-10,Brooklyn Nets,Los Angeles Lakers,50.0,50.0,0.0,0.0,0.0,0.0,AWAY,N/A,111,108,HOME,0.0,2025-11-25 12:39:00,0.0,0.0,0.0,0.0,0.0,0.0,0.0,0.0,0.0,0.0,0.0,,0.0,0.0,0.0,0.0,0.0,0.0,0.0,0.0,0.0,0.0,0.0,0.0,,0.0,0.0,0.0,0.0,0.0
2025-03-10_MiamiHeat_CharlotteHornets,2025-03-10,Miami Heat,Charlotte Hornets,50.0,50.0,0.0,0.0,0.0,0.0,AWAY,N/A,102,105,AWAY,1.0,2025-11-25 12:39:00,0.0,0.0,0.0,0.0,0.0,0.0,0.0,0.0,0.0,0.0,0.0,,0.0,0.0,0.0,0.0,0.0,0.0,0.0,0.0,0.0,0.0,0.0,0.0,,0.0,0.0,0.0,0.0,0.0
2025-03-10_TorontoRaptors_WashingtonWizards,2025-03-10,Toronto Raptors,Washington Wizards,50.0,50.0,0.0,0.0,0.0,0.0,AWAY,N/A,119,104,HOME,0.0,2025-11-25 12:39:00,0.0,0.0,0.0,0.0,0.0,0.0,0.0,0.0,0.0,0.0,0.0,,0.0,0.0,0.0,0.0,0.0,0.0,0.0,0.0,0.0,0.0,0.0,0.0,,0.0,0.0,0.0,0.0,0.0
2025-03-11_ChicagoBulls_IndianaPacers,2025-03-11,Chicago Bulls,Indiana Pacers,50.0,50.0,0.0,0.0,0.0,0.0,AWAY,N/A,121,103,HOME,0.0,2025-11-25 12:39:00,0.0,0.0,0.0,0.0,0.0,0.0,0.0,0.0,0.0,0.0,0.0,,0.0,0.0,0.0,0.0,0.0,0.0,0.0,0.0,0.0,0.0,0.0,0.0,,0.0,0.0,0.0,0.0,0.0
2025-03-11_HoustonRockets_OrlandoMagic,2025-03-11,Houston Rockets,Orlando Magic,50.0,50.0,0.0,0.0,0.0,0.0,AWAY,N/A,97,84,HOME,0.0,2025-11-25 12:39:00,0.0,0.0,0.0,0.0,0.0,0.0,0.0,0.0,0.0,0.0,0.0,,0.0,0.0,0.0,0.0,0.0,0.0,0.0,0.0,0.0,0.0,0.0,0.0,,0.0,0.0,0.0,0.0,0.0
2025-03-11_MemphisGrizzlies_PhoenixSuns,2025-03-11,Memphis Grizzlies,Phoenix Suns,50.0,50.0,0.0,0.0,0.0,0.0,AWAY,N/A,120,118,HOME,0.0,2025-11-25 12:39:00,0.0,0.0,0.0,0.0,0.0,0.0,0.0,0.0,0.0,0.0,0.0,,0.0,0.0,0.0,0.0,0.0,0.0,0.0,0.0,0.0,0.0,0.0,0.0,,0.0,0.0,0.0,0.0,0.0
2025-03-11_OklahomaCityThunder_DenverNuggets,2025-03-11,Oklahoma City Thunder,Denver Nuggets,50.0,50.0,0.0,0.0,0.0,0.0,AWAY,N/A,127,140,AWAY,1.0,2025-11-25 12:39:00,0.0,0.0,0.0,0.0,0.0,0.0,0.0,0.0,0.0,0.0,0.0,,0.0,0.0,0.0,0.0,0.0,0.0,0.0,0.0,0.0,0.0,0.0,0.0,,0.0,0.0,0.0,0.0,0.0
2025-03-11_SanAntonioSpurs_DallasMavericks,2025-03-11,San Antonio Spurs,Dallas Mavericks,50.0,50.0,0.0,0.0,0.0,0.0,AWAY,N/A,129,133,AWAY,1.0,2025-11-25 12:39:00,0.0,0.0,0.0,0.0,0.0,0.0,0.0,0.0,0.0,0.0,0.0,,0.0,0.0,0.0,0.0,0.0,0.0,0.0,0.0,0.0,0.0,0.0,0.0,,0.0,0.0,0.0,0.0,0.0
2025-03-11_GoldenStateWarriors_PortlandTrailBlazers,2025-03-11,Golden State Warriors,Portland Trail Blazers,50.0,50.0,0.0,0.0,0.0,0.0,AWAY,N/A,130,120,HOME,0.0,2025-11-25 12:39:00,0.0,0.0,0.0,0.0,0.0,0.0,0.0,0.0,0.0,0.0,0.0,,0.0,0.0,0.0,0.0,0.0,0.0,0.0,0.0,0.0,0.0,0.0,0.0,,0.0,0.0,0.0,0.0,0.0
2025-03-11_SacramentoKings_NewYorkKnicks,2025-03-11,Sacramento Kings,New York Knicks,50.0,50.0,0.0,0.0,0.0,0.0,AWAY,N/A,104,133,AWAY,1.0,2025-11-25 12:39:00,0.0,0.0,0.0,0.0,0.0,0.0,0.0,0.0,0.0,0.0,0.0,,0.0,0.0,0.0,0.0,0.0,0.0,0.0,0.0,0.0,0.0,0.0,0.0,,0.0,0.0,0.0,0.0,0.0
2025-03-11_ClevelandCavaliers_BrooklynNets,2025-03-11,Cleveland Cavaliers,Brooklyn Nets,50.0,50.0,0.0,0.0,0.0,0.0,AWAY,N/A,109,104,HOME,0.0,2025-11-25 12:39:00,0.0,0.0,0.0,0.0,0.0,0.0,0.0,0.0,0.0,0.0,0.0,,0.0,0.0,0.0,0.0,0.0,0.0,0.0,0.0,0.0,0.0,0.0,0.0,,0.0,0.0,0.0,0.0,0.0
2025-03-11_DetroitPistons_WashingtonWizards,2025-03-11,Detroit Pistons,Washington Wizards,50.0,50.0,0.0,0.0,0.0,0.0,AWAY,N/A,123,103,HOME,0.0,2025-11-25 12:39:00,0.0,0.0,0.0,0.0,0.0,0.0,0.0,0.0,0.0,0.0,0.0,,0.0,0.0,0.0,0.0,0.0,0.0,0.0,0.0,0.0,0.0,0.0,0.0,,0.0,0.0,0.0,0.0,0.0
2025-03-11_IndianaPacers_MilwaukeeBucks,2025-03-11,Indiana Pacers,Milwaukee Bucks,50.0,50.0,0.0,0.0,0.0,0.0,AWAY,N/A,115,114,HOME,0.0,2025-11-25 12:39:00,0.0,0.0,0.0,0.0,0.0,0.0,0.0,0.0,0.0,0.0,0.0,,0.0,0.0,0.0,0.0,0.0,0.0,0.0,0.0,0.0,0.0,0.0,0.0,,0.0,0.0,0.0,0.0,0.0
2025-03-12_NewOrleansPelicans_LAClippers,2025-03-12,New Orleans Pelicans,LA Clippers,50.0,50.0,0.0,0.0,0.0,0.0,AWAY,N/A,127,120,HOME,0.0,2025-11-25 12:39:00,0.0,0.0,0.0,0.0,0.0,0.0,0.0,0.0,0.0,0.0,0.0,,0.0,0.0,0.0,0.0,0.0,0.0,0.0,0.0,0.0,0.0,0.0,0.0,,0.0,0.0,0.0,0.0,0.0
2025-03-12_AtlantaHawks_CharlotteHornets,2025-03-12,Atlanta Hawks,Charlotte Hornets,50.0,50.0,0.0,0.0,0.0,0.0,AWAY,N/A,123,110,HOME,0.0,2025-11-25 12:39:00,0.0,0.0,0.0,0.0,0.0,0.0,0.0,0.0,0.0,0.0,0.0,,0.0,0.0,0.0,0.0,0.0,0.0,0.0,0.0,0.0,0.0,0.0,0.0,,0.0,0.0,0.0,0.0,0.0
2025-03-12_BostonCeltics_OklahomaCityThunder,2025-03-12,Boston Celtics,Oklahoma City Thunder,50.0,50.0,0.0,0.0,0.0,0.0,AWAY,N/A,112,118,AWAY,1.0,2025-11-25 12:39:00,0.0,0.0,0.0,0.0,0.0,0.0,0.0,0.0,0.0,0.0,0.0,,0.0,0.0,0.0,0.0,0.0,0.0,0.0,0.0,0.0,0.0,0.0,0.0,,0.0,0.0,0.0,0.0,0.0
2025-03-12_TorontoRaptors_Philadelphia76ers,2025-03-12,Toronto Raptors,Philadelphia 76ers,50.0,50.0,0.0,0.0,0.0,0.0,AWAY,N/A,118,105,HOME,0.0,2025-11-25 12:39:00,0.0,0.0,0.0,0.0,0.0,0.0,0.0,0.0,0.0,0.0,0.0,,0.0,0.0,0.0,0.0,0.0,0.0,0.0,0.0,0.0,0.0,0.0,0.0,,0.0,0.0,0.0,0.0,0.0
2025-03-13_MiamiHeat_LAClippers,2025-03-13,Miami Heat,LA Clippers,50.0,50.0,0.0,0.0,0.0,0.0,AWAY,N/A,104,119,AWAY,1.0,2025-11-25 12:39:00,0.0,0.0,0.0,0.0,0.0,0.0,0.0,0.0,0.0,0.0,0.0,,0.0,0.0,0.0,0.0,0.0,0.0,0.0,0.0,0.0,0.0,0.0,0.0,,0.0,0.0,0.0,0.0,0.0
2025-03-13_HoustonRockets_PhoenixSuns,2025-03-13,Houston Rockets,Phoenix Suns,50.0,50.0,0.0,0.0,0.0,0.0,AWAY,N/A,111,104,HOME,0.0,2025-11-25 12:39:00,0.0,0.0,0.0,0.0,0.0,0.0,0.0,0.0,0.0,0.0,0.0,,0.0,0.0,0.0,0.0,0.0,0.0,0.0,0.0,0.0,0.0,0.0,0.0,,0.0,0.0,0.0,0.0,0.0
2025-03-13_MemphisGrizzlies_UtahJazz,2025-03-13,Memphis Grizzlies,Utah Jazz,50.0,50.0,0.0,0.0,0.0,0.0,AWAY,N/A,122,115,HOME,0.0,2025-11-25 12:39:00,0.0,0.0,0.0,0.0,0.0,0.0,0.0,0.0,0.0,0.0,0.0,,0.0,0.0,0.0,0.0,0.0,0.0,0.0,0.0,0.0,0.0,0.0,0.0,,0.0,0.0,0.0,0.0,0.0
2025-03-13_SanAntonioSpurs_DallasMavericks,2025-03-13,San Antonio Spurs,Dallas Mavericks,50.0,50.0,0.0,0.0,0.0,0.0,AWAY,N/A,126,116,HOME,0.0,2025-11-25 12:39:00,0.0,0.0,0.0,0.0,0.0,0.0,0.0,0.0,0.0,0.0,0.0,,0.0,0.0,0.0,0.0,0.0,0.0,0.0,0.0,0.0,0.0,0.0,0.0,,0.0,0.0,0.0,0.0,0.0
2025-03-13_DenverNuggets_MinnesotaTimberwolves,2025-03-13,Denver Nuggets,Minnesota Timberwolves,50.0,50.0,0.0,0.0,0.0,0.0,AWAY,N/A,95,115,AWAY,1.0,2025-11-25 12:39:00,0.0,0.0,0.0,0.0,0.0,0.0,0.0,0.0,0.0,0.0,0.0,,0.0,0.0,0.0,0.0,0.0,0.0,0.0,0.0,0.0,0.0,0.0,0.0,,0.0,0.0,0.0,0.0,0.0
2025-03-13_PortlandTrailBlazers_NewYorkKnicks,2025-03-13,Portland Trail Blazers,New York Knicks,50.0,50.0,0.0,0.0,0.0,0.0,AWAY,N/A,113,114,AWAY,1.0,2025-11-25 12:39:00,0.0,0.0,0.0,0.0,0.0,0.0,0.0,0.0,0.0,0.0,0.0,,0.0,0.0,0.0,0.0,0.0,0.0,0.0,0.0,0.0,0.0,0.0,0.0,,0.0,0.0,0.0,0.0,0.0
2025-03-13_DetroitPistons_WashingtonWizards,2025-03-13,Detroit Pistons,Washington Wizards,50.0,50.0,0.0,0.0,0.0,0.0,AWAY,N/A,125,129,AWAY,1.0,2025-11-25 12:39:00,0.0,0.0,0.0,0.0,0.0,0.0,0.0,0.0,0.0,0.0,0.0,,0.0,0.0,0.0,0.0,0.0,0.0,0.0,0.0,0.0,0.0,0.0,0.0,,0.0,0.0,0.0,0.0,0.0
2025-03-13_MilwaukeeBucks_LosAngelesLakers,2025-03-13,Milwaukee Bucks,Los Angeles Lakers,50.0,50.0,0.0,0.0,0.0,0.0,AWAY,N/A,126,106,HOME,0.0,2025-11-25 12:39:00,0.0,0.0,0.0,0.0,0.0,0.0,0.0,0.0,0.0,0.0,0.0,,0.0,0.0,0.0,0.0,0.0,0.0,0.0,0.0,0.0,0.0,0.0,0.0,,0.0,0.0,0.0,0.0,0.0
2025-03-14_ChicagoBulls_BrooklynNets,2025-03-14,Chicago Bulls,Brooklyn Nets,50.0,50.0,0.0,0.0,0.0,0.0,AWAY,N/A,116,110,HOME,0.0,2025-11-25 12:39:00,0.0,0.0,0.0,0.0,0.0,0.0,0.0,0.0,0.0,0.0,0.0,,0.0,0.0,0.0,0.0,0.0,0.0,0.0,0.0,0.0,0.0,0.0,0.0,,0.0,0.0,0.0,0.0,0.0
2025-03-14_NewOrleansPelicans_OrlandoMagic,2025-03-14,New Orleans Pelicans,Orlando Magic,50.0,50.0,0.0,0.0,0.0,0.0,AWAY,N/A,93,113,AWAY,1.0,2025-11-25 12:39:00,0.0,0.0,0.0,0.0,0.0,0.0,0.0,0.0,0.0,0.0,0.0,,0.0,0.0,0.0,0.0,0.0,0.0,0.0,0.0,0.0,0.0,0.0,0.0,,0.0,0.0,0.0,0.0,0.0
2025-03-14_GoldenStateWarriors_SacramentoKings,2025-03-14,Golden State Warriors,Sacramento Kings,50.0,50.0,0.0,0.0,0.0,0.0,AWAY,N/A,130,104,HOME,0.0,2025-11-25 12:39:00,0.0,0.0,0.0,0.0,0.0,0.0,0.0,0.0,0.0,0.0,0.0,,0.0,0.0,0.0,0.0,0.0,0.0,0.0,0.0,0.0,0.0,0.0,0.0,,0.0,0.0,0.0,0.0,0.0
2025-03-14_MiamiHeat_BostonCeltics,2025-03-14,Miami Heat,Boston Celtics,50.0,50.0,0.0,0.0,0.0,0.0,AWAY,N/A,91,103,AWAY,1.0,2025-11-25 12:39:00,0.0,0.0,0.0,0.0,0.0,0.0,0.0,0.0,0.0,0.0,0.0,,0.0,0.0,0.0,0.0,0.0,0.0,0.0,0.0,0.0,0.0,0.0,0.0,,0.0,0.0,0.0,0.0,0.0
2025-03-14_Philadelphia76ers_IndianaPacers,2025-03-14,Philadelphia 76ers,Indiana Pacers,50.0,50.0,0.0,0.0,0.0,0.0,AWAY,N/A,100,112,AWAY,1.0,2025-11-25 12:39:00,0.0,0.0,0.0,0.0,0.0,0.0,0.0,0.0,0.0,0.0,0.0,,0.0,0.0,0.0,0.0,0.0,0.0,0.0,0.0,0.0,0.0,0.0,0.0,,0.0,0.0,0.0,0.0,0.0
2025-03-14_AtlantaHawks_LAClippers,2025-03-14,Atlanta Hawks,LA Clippers,50.0,50.0,0.0,0.0,0.0,0.0,AWAY,N/A,98,121,AWAY,1.0,2025-11-25 12:39:00,0.0,0.0,0.0,0.0,0.0,0.0,0.0,0.0,0.0,0.0,0.0,,0.0,0.0,0.0,0.0,0.0,0.0,0.0,0.0,0.0,0.0,0.0,0.0,,0.0,0.0,0.0,0.0,0.0
2025-03-15_HoustonRockets_DallasMavericks,2025-03-15,Houston Rockets,Dallas Mavericks,50.0,50.0,0.0,0.0,0.0,0.0,AWAY,N/A,133,96,HOME,0.0,2025-11-25 12:39:00,0.0,0.0,0.0,0.0,0.0,0.0,0.0,0.0,0.0,0.0,0.0,,0.0,0.0,0.0,0.0,0.0,0.0,0.0,0.0,0.0,0.0,0.0,0.0,,0.0,0.0,0.0,0.0,0.0
2025-03-15_MemphisGrizzlies_ClevelandCavaliers,2025-03-15,Memphis Grizzlies,Cleveland Cavaliers,50.0,50.0,0.0,0.0,0.0,0.0,AWAY,N/A,124,133,AWAY,1.0,2025-11-25 12:39:00,0.0,0.0,0.0,0.0,0.0,0.0,0.0,0.0,0.0,0.0,0.0,,0.0,0.0,0.0,0.0,0.0,0.0,0.0,0.0,0.0,0.0,0.0,0.0,,0.0,0.0,0.0,0.0,0.0
2025-03-15_MinnesotaTimberwolves_OrlandoMagic,2025-03-15,Minnesota Timberwolves,Orlando Magic,50.0,50.0,0.0,0.0,0.0,0.0,AWAY,N/A,118,111,HOME,0.0,2025-11-25 12:39:00,0.0,0.0,0.0,0.0,0.0,0.0,0.0,0.0,0.0,0.0,0.0,,0.0,0.0,0.0,0.0,0.0,0.0,0.0,0.0,0.0,0.0,0.0,0.0,,0.0,0.0,0.0,0.0,0.0
2025-03-15_SanAntonioSpurs_CharlotteHornets,2025-03-15,San Antonio Spurs,Charlotte Hornets,50.0,50.0,0.0,0.0,0.0,0.0,AWAY,N/A,134,145,AWAY,1.0,2025-11-25 12:39:00,0.0,0.0,0.0,0.0,0.0,0.0,0.0,0.0,0.0,0.0,0.0,,0.0,0.0,0.0,0.0,0.0,0.0,0.0,0.0,0.0,0.0,0.0,0.0,,0.0,0.0,0.0,0.0,0.0
2025-03-15_DenverNuggets_LosAngelesLakers,2025-03-15,Denver Nuggets,Los Angeles Lakers,50.0,50.0,0.0,0.0,0.0,0.0,AWAY,N/A,131,126,HOME,0.0,2025-11-25 12:39:00,0.0,0.0,0.0,0.0,0.0,0.0,0.0,0.0,0.0,0.0,0.0,,0.0,0.0,0.0,0.0,0.0,0.0,0.0,0.0,0.0,0.0,0.0,0.0,,0.0,0.0,0.0,0.0,0.0
2025-03-15_UtahJazz_TorontoRaptors,2025-03-15,Utah Jazz,Toronto Raptors,50.0,50.0,0.0,0.0,0.0,0.0,AWAY,N/A,118,126,AWAY,1.0,2025-11-25 12:39:00,0.0,0.0,0.0,0.0,0.0,0.0,0.0,0.0,0.0,0.0,0.0,,0.0,0.0,0.0,0.0,0.0,0.0,0.0,0.0,0.0,0.0,0.0,0.0,,0.0,0.0,0.0,0.0,0.0
2025-03-15_PhoenixSuns_SacramentoKings,2025-03-15,Phoenix Suns,Sacramento Kings,50.0,50.0,0.0,0.0,0.0,0.0,AWAY,N/A,122,106,HOME,0.0,2025-11-25 12:39:00,0.0,0.0,0.0,0.0,0.0,0.0,0.0,0.0,0.0,0.0,0.0,,0.0,0.0,0.0,0.0,0.0,0.0,0.0,0.0,0.0,0.0,0.0,0.0,,0.0,0.0,0.0,0.0,0.0
2025-03-15_BrooklynNets_BostonCeltics,2025-03-15,Brooklyn Nets,Boston Celtics,50.0,50.0,0.0,0.0,0.0,0.0,AWAY,N/A,113,115,AWAY,1.0,2025-11-25 12:39:00,0.0,0.0,0.0,0.0,0.0,0.0,0.0,0.0,0.0,0.0,0.0,,0.0,0.0,0.0,0.0,0.0,0.0,0.0,0.0,0.0,0.0,0.0,0.0,,0.0,0.0,0.0,0.0,0.0
2025-03-15_DetroitPistons_OklahomaCityThunder,2025-03-15,Detroit Pistons,Oklahoma City Thunder,50.0,50.0,0.0,0.0,0.0,0.0,AWAY,N/A,107,113,AWAY,1.0,2025-11-25 12:39:00,0.0,0.0,0.0,0.0,0.0,0.0,0.0,0.0,0.0,0.0,0.0,,0.0,0.0,0.0,0.0,0.0,0.0,0.0,0.0,0.0,0.0,0.0,0.0,,0.0,0.0,0.0,0.0,0.0
2025-03-16_HoustonRockets_ChicagoBulls,2025-03-16,Houston Rockets,Chicago Bulls,50.0,50.0,0.0,0.0,0.0,0.0,AWAY,N/A,117,114,HOME,0.0,2025-11-25 12:39:00,0.0,0.0,0.0,0.0,0.0,0.0,0.0,0.0,0.0,0.0,0.0,,0.0,0.0,0.0,0.0,0.0,0.0,0.0,0.0,0.0,0.0,0.0,0.0,,0.0,0.0,0.0,0.0,0.0
2025-03-16_MemphisGrizzlies_MiamiHeat,2025-03-16,Memphis Grizzlies,Miami Heat,50.0,50.0,0.0,0.0,0.0,0.0,AWAY,N/A,125,91,HOME,0.0,2025-11-25 12:39:00,0.0,0.0,0.0,0.0,0.0,0.0,0.0,0.0,0.0,0.0,0.0,,0.0,0.0,0.0,0.0,0.0,0.0,0.0,0.0,0.0,0.0,0.0,0.0,,0.0,0.0,0.0,0.0,0.0
2025-03-16_MilwaukeeBucks_IndianaPacers,2025-03-16,Milwaukee Bucks,Indiana Pacers,50.0,50.0,0.0,0.0,0.0,0.0,AWAY,N/A,126,119,HOME,0.0,2025-11-25 12:39:00,0.0,0.0,0.0,0.0,0.0,0.0,0.0,0.0,0.0,0.0,0.0,,0.0,0.0,0.0,0.0,0.0,0.0,0.0,0.0,0.0,0.0,0.0,0.0,,0.0,0.0,0.0,0.0,0.0
2025-03-16_SanAntonioSpurs_NewOrleansPelicans,2025-03-16,San Antonio Spurs,New Orleans Pelicans,50.0,50.0,0.0,0.0,0.0,0.0,AWAY,N/A,119,115,HOME,0.0,2025-11-25 12:39:00,0.0,0.0,0.0,0.0,0.0,0.0,0.0,0.0,0.0,0.0,0.0,,0.0,0.0,0.0,0.0,0.0,0.0,0.0,0.0,0.0,0.0,0.0,0.0,,0.0,0.0,0.0,0.0,0.0
2025-03-16_GoldenStateWarriors_NewYorkKnicks,2025-03-16,Golden State Warriors,New York Knicks,50.0,50.0,0.0,0.0,0.0,0.0,AWAY,N/A,97,94,HOME,0.0,2025-11-25 12:39:00,0.0,0.0,0.0,0.0,0.0,0.0,0.0,0.0,0.0,0.0,0.0,,0.0,0.0,0.0,0.0,0.0,0.0,0.0,0.0,0.0,0.0,0.0,0.0,,0.0,0.0,0.0,0.0,0.0
2025-03-16_DenverNuggets_WashingtonWizards,2025-03-16,Denver Nuggets,Washington Wizards,50.0,50.0,0.0,0.0,0.0,0.0,AWAY,N/A,123,126,AWAY,1.0,2025-11-25 12:39:00,0.0,0.0,0.0,0.0,0.0,0.0,0.0,0.0,0.0,0.0,0.0,,0.0,0.0,0.0,0.0,0.0,0.0,0.0,0.0,0.0,0.0,0.0,0.0,,0.0,0.0,0.0,0.0,0.0
2025-03-16_DallasMavericks_Philadelphia76ers,2025-03-16,Dallas Mavericks,Philadelphia 76ers,50.0,50.0,0.0,0.0,0.0,0.0,AWAY,N/A,125,130,AWAY,1.0,2025-11-25 12:39:00,0.0,0.0,0.0,0.0,0.0,0.0,0.0,0.0,0.0,0.0,0.0,,0.0,0.0,0.0,0.0,0.0,0.0,0.0,0.0,0.0,0.0,0.0,0.0,,0.0,0.0,0.0,0.0,0.0
2025-03-16_ClevelandCavaliers_OrlandoMagic,2025-03-16,Cleveland Cavaliers,Orlando Magic,50.0,50.0,0.0,0.0,0.0,0.0,AWAY,N/A,103,108,AWAY,1.0,2025-11-25 12:39:00,0.0,0.0,0.0,0.0,0.0,0.0,0.0,0.0,0.0,0.0,0.0,,0.0,0.0,0.0,0.0,0.0,0.0,0.0,0.0,0.0,0.0,0.0,0.0,,0.0,0.0,0.0,0.0,0.0
2025-03-16_LosAngelesLakers_PhoenixSuns,2025-03-16,Los Angeles Lakers,Phoenix Suns,50.0,50.0,0.0,0.0,0.0,0.0,AWAY,N/A,107,96,HOME,0.0,2025-11-25 12:39:00,0.0,0.0,0.0,0.0,0.0,0.0,0.0,0.0,0.0,0.0,0.0,,0.0,0.0,0.0,0.0,0.0,0.0,0.0,0.0,0.0,0.0,0.0,0.0,,0.0,0.0,0.0,0.0,0.0
2025-03-16_BrooklynNets_AtlantaHawks,2025-03-16,Brooklyn Nets,Atlanta Hawks,50.0,50.0,0.0,0.0,0.0,0.0,AWAY,N/A,122,114,HOME,0.0,2025-11-25 12:39:00,0.0,0.0,0.0,0.0,0.0,0.0,0.0,0.0,0.0,0.0,0.0,,0.0,0.0,0.0,0.0,0.0,0.0,0.0,0.0,0.0,0.0,0.0,0.0,,0.0,0.0,0.0,0.0,0.0
2025-03-16_PortlandTrailBlazers_TorontoRaptors,2025-03-16,Portland Trail Blazers,Toronto Raptors,50.0,50.0,0.0,0.0,0.0,0.0,AWAY,N/A,105,102,HOME,0.0,2025-11-25 12:39:00,0.0,0.0,0.0,0.0,0.0,0.0,0.0,0.0,0.0,0.0,0.0,,0.0,0.0,0.0,0.0,0.0,0.0,0.0,0.0,0.0,0.0,0.0,0.0,,0.0,0.0,0.0,0.0,0.0
2025-03-16_MinnesotaTimberwolves_UtahJazz,2025-03-16,Minnesota Timberwolves,Utah Jazz,50.0,50.0,0.0,0.0,0.0,0.0,AWAY,N/A,128,102,HOME,0.0,2025-11-25 12:39:00,0.0,0.0,0.0,0.0,0.0,0.0,0.0,0.0,0.0,0.0,0.0,,0.0,0.0,0.0,0.0,0.0,0.0,0.0,0.0,0.0,0.0,0.0,0.0,,0.0,0.0,0.0,0.0,0.0
2025-03-16_LAClippers_CharlotteHornets,2025-03-16,LA Clippers,Charlotte Hornets,50.0,50.0,0.0,0.0,0.0,0.0,AWAY,N/A,123,88,HOME,0.0,2025-11-25 12:39:00,0.0,0.0,0.0,0.0,0.0,0.0,0.0,0.0,0.0,0.0,0.0,,0.0,0.0,0.0,0.0,0.0,0.0,0.0,0.0,0.0,0.0,0.0,0.0,,0.0,0.0,0.0,0.0,0.0
2025-03-17_MilwaukeeBucks_OklahomaCityThunder,2025-03-17,Milwaukee Bucks,Oklahoma City Thunder,50.0,50.0,0.0,0.0,0.0,0.0,AWAY,N/A,105,121,AWAY,1.0,2025-11-25 12:39:00,0.0,0.0,0.0,0.0,0.0,0.0,0.0,0.0,0.0,0.0,0.0,,0.0,0.0,0.0,0.0,0.0,0.0,0.0,0.0,0.0,0.0,0.0,0.0,,0.0,0.0,0.0,0.0,0.0
2025-03-17_NewYorkKnicks_MiamiHeat,2025-03-17,New York Knicks,Miami Heat,50.0,50.0,0.0,0.0,0.0,0.0,AWAY,N/A,116,95,HOME,0.0,2025-11-25 12:39:00,0.0,0.0,0.0,0.0,0.0,0.0,0.0,0.0,0.0,0.0,0.0,,0.0,0.0,0.0,0.0,0.0,0.0,0.0,0.0,0.0,0.0,0.0,0.0,,0.0,0.0,0.0,0.0,0.0
2025-03-18_HoustonRockets_Philadelphia76ers,2025-03-18,Houston Rockets,Philadelphia 76ers,50.0,50.0,0.0,0.0,0.0,0.0,AWAY,N/A,144,137,HOME,0.0,2025-11-25 12:39:00,0.0,0.0,0.0,0.0,0.0,0.0,0.0,0.0,0.0,0.0,0.0,,0.0,0.0,0.0,0.0,0.0,0.0,0.0,0.0,0.0,0.0,0.0,0.0,,0.0,0.0,0.0,0.0,0.0
2025-03-18_MinnesotaTimberwolves_IndianaPacers,2025-03-18,Minnesota Timberwolves,Indiana Pacers,50.0,50.0,0.0,0.0,0.0,0.0,AWAY,N/A,130,132,AWAY,1.0,2025-11-25 12:39:00,0.0,0.0,0.0,0.0,0.0,0.0,0.0,0.0,0.0,0.0,0.0,,0.0,0.0,0.0,0.0,0.0,0.0,0.0,0.0,0.0,0.0,0.0,0.0,,0.0,0.0,0.0,0.0,0.0
2025-03-18_NewOrleansPelicans_DetroitPistons,2025-03-18,New Orleans Pelicans,Detroit Pistons,50.0,50.0,0.0,0.0,0.0,0.0,AWAY,N/A,81,127,AWAY,1.0,2025-11-25 12:39:00,0.0,0.0,0.0,0.0,0.0,0.0,0.0,0.0,0.0,0.0,0.0,,0.0,0.0,0.0,0.0,0.0,0.0,0.0,0.0,0.0,0.0,0.0,0.0,,0.0,0.0,0.0,0.0,0.0
2025-03-18_UtahJazz_ChicagoBulls,2025-03-18,Utah Jazz,Chicago Bulls,50.0,50.0,0.0,0.0,0.0,0.0,AWAY,N/A,97,111,AWAY,1.0,2025-11-25 12:39:00,0.0,0.0,0.0,0.0,0.0,0.0,0.0,0.0,0.0,0.0,0.0,,0.0,0.0,0.0,0.0,0.0,0.0,0.0,0.0,0.0,0.0,0.0,0.0,,0.0,0.0,0.0,0.0,0.0
2025-03-18_GoldenStateWarriors_DenverNuggets,2025-03-18,Golden State Warriors,Denver Nuggets,50.0,50.0,0.0,0.0,0.0,0.0,AWAY,N/A,105,114,AWAY,1.0,2025-11-25 12:39:00,0.0,0.0,0.0,0.0,0.0,0.0,0.0,0.0,0.0,0.0,0.0,,0.0,0.0,0.0,0.0,0.0,0.0,0.0,0.0,0.0,0.0,0.0,0.0,,0.0,0.0,0.0,0.0,0.0
2025-03-18_PhoenixSuns_TorontoRaptors,2025-03-18,Phoenix Suns,Toronto Raptors,50.0,50.0,0.0,0.0,0.0,0.0,AWAY,N/A,129,89,HOME,0.0,2025-11-25 12:39:00,0.0,0.0,0.0,0.0,0.0,0.0,0.0,0.0,0.0,0.0,0.0,,0.0,0.0,0.0,0.0,0.0,0.0,0.0,0.0,0.0,0.0,0.0,0.0,,0.0,0.0,0.0,0.0,0.0
2025-03-18_SacramentoKings_MemphisGrizzlies,2025-03-18,Sacramento Kings,Memphis Grizzlies,50.0,50.0,0.0,0.0,0.0,0.0,AWAY,N/A,132,122,HOME,0.0,2025-11-25 12:39:00,0.0,0.0,0.0,0.0,0.0,0.0,0.0,0.0,0.0,0.0,0.0,,0.0,0.0,0.0,0.0,0.0,0.0,0.0,0.0,0.0,0.0,0.0,0.0,,0.0,0.0,0.0,0.0,0.0
2025-03-18_PortlandTrailBlazers_WashingtonWizards,2025-03-18,Portland Trail Blazers,Washington Wizards,50.0,50.0,0.0,0.0,0.0,0.0,AWAY,N/A,112,97,HOME,0.0,2025-11-25 12:39:00,0.0,0.0,0.0,0.0,0.0,0.0,0.0,0.0,0.0,0.0,0.0,,0.0,0.0,0.0,0.0,0.0,0.0,0.0,0.0,0.0,0.0,0.0,0.0,,0.0,0.0,0.0,0.0,0.0
2025-03-18_LosAngelesLakers_SanAntonioSpurs,2025-03-18,Los Angeles Lakers,San Antonio Spurs,50.0,50.0,0.0,0.0,0.0,0.0,AWAY,N/A,125,109,HOME,0.0,2025-11-25 12:39:00,0.0,0.0,0.0,0.0,0.0,0.0,0.0,0.0,0.0,0.0,0.0,,0.0,0.0,0.0,0.0,0.0,0.0,0.0,0.0,0.0,0.0,0.0,0.0,,0.0,0.0,0.0,0.0,0.0
2025-03-18_CharlotteHornets_AtlantaHawks,2025-03-18,Charlotte Hornets,Atlanta Hawks,50.0,50.0,0.0,0.0,0.0,0.0,AWAY,N/A,102,134,AWAY,1.0,2025-11-25 12:39:00,0.0,0.0,0.0,0.0,0.0,0.0,0.0,0.0,0.0,0.0,0.0,,0.0,0.0,0.0,0.0,0.0,0.0,0.0,0.0,0.0,0.0,0.0,0.0,,0.0,0.0,0.0,0.0,0.0
2025-03-18_BostonCeltics_BrooklynNets,2025-03-18,Boston Celtics,Brooklyn Nets,50.0,50.0,0.0,0.0,0.0,0.0,AWAY,N/A,104,96,HOME,0.0,2025-11-25 12:39:00,0.0,0.0,0.0,0.0,0.0,0.0,0.0,0.0,0.0,0.0,0.0,,0.0,0.0,0.0,0.0,0.0,0.0,0.0,0.0,0.0,0.0,0.0,0.0,,0.0,0.0,0.0,0.0,0.0
2025-03-19_GoldenStateWarriors_MilwaukeeBucks,2025-03-19,Golden State Warriors,Milwaukee Bucks,50.0,50.0,0.0,0.0,0.0,0.0,AWAY,N/A,104,93,HOME,0.0,2025-11-25 12:39:00,0.0,0.0,0.0,0.0,0.0,0.0,0.0,0.0,0.0,0.0,0.0,,0.0,0.0,0.0,0.0,0.0,0.0,0.0,0.0,0.0,0.0,0.0,0.0,,0.0,0.0,0.0,0.0,0.0
2025-03-19_LAClippers_ClevelandCavaliers,2025-03-19,LA Clippers,Cleveland Cavaliers,50.0,50.0,0.0,0.0,0.0,0.0,AWAY,N/A,132,119,HOME,0.0,2025-11-25 12:39:00,0.0,0.0,0.0,0.0,0.0,0.0,0.0,0.0,0.0,0.0,0.0,,0.0,0.0,0.0,0.0,0.0,0.0,0.0,0.0,0.0,0.0,0.0,0.0,,0.0,0.0,0.0,0.0,0.0
2025-03-19_IndianaPacers_DallasMavericks,2025-03-19,Indiana Pacers,Dallas Mavericks,50.0,50.0,0.0,0.0,0.0,0.0,AWAY,N/A,135,131,HOME,0.0,2025-11-25 12:39:00,0.0,0.0,0.0,0.0,0.0,0.0,0.0,0.0,0.0,0.0,0.0,,0.0,0.0,0.0,0.0,0.0,0.0,0.0,0.0,0.0,0.0,0.0,0.0,,0.0,0.0,0.0,0.0,0.0
2025-03-19_OrlandoMagic_HoustonRockets,2025-03-19,Orlando Magic,Houston Rockets,50.0,50.0,0.0,0.0,0.0,0.0,AWAY,N/A,108,116,AWAY,1.0,2025-11-25 12:39:00,0.0,0.0,0.0,0.0,0.0,0.0,0.0,0.0,0.0,0.0,0.0,,0.0,0.0,0.0,0.0,0.0,0.0,0.0,0.0,0.0,0.0,0.0,0.0,,0.0,0.0,0.0,0.0,0.0
2025-03-19_MiamiHeat_DetroitPistons,2025-03-19,Miami Heat,Detroit Pistons,50.0,50.0,0.0,0.0,0.0,0.0,AWAY,N/A,113,116,AWAY,1.0,2025-11-25 12:39:00,0.0,0.0,0.0,0.0,0.0,0.0,0.0,0.0,0.0,0.0,0.0,,0.0,0.0,0.0,0.0,0.0,0.0,0.0,0.0,0.0,0.0,0.0,0.0,,0.0,0.0,0.0,0.0,0.0
2025-03-20_MinnesotaTimberwolves_NewOrleansPelicans,2025-03-20,Minnesota Timberwolves,New Orleans Pelicans,50.0,50.0,0.0,0.0,0.0,0.0,AWAY,N/A,115,119,AWAY,1.0,2025-11-25 12:39:00,0.0,0.0,0.0,0.0,0.0,0.0,0.0,0.0,0.0,0.0,0.0,,0.0,0.0,0.0,0.0,0.0,0.0,0.0,0.0,0.0,0.0,0.0,0.0,,0.0,0.0,0.0,0.0,0.0
2025-03-20_OklahomaCityThunder_Philadelphia76ers,2025-03-20,Oklahoma City Thunder,Philadelphia 76ers,50.0,50.0,0.0,0.0,0.0,0.0,AWAY,N/A,133,100,HOME,0.0,2025-11-25 12:39:00,0.0,0.0,0.0,0.0,0.0,0.0,0.0,0.0,0.0,0.0,0.0,,0.0,0.0,0.0,0.0,0.0,0.0,0.0,0.0,0.0,0.0,0.0,0.0,,0.0,0.0,0.0,0.0,0.0
2025-03-20_SanAntonioSpurs_NewYorkKnicks,2025-03-20,San Antonio Spurs,New York Knicks,50.0,50.0,0.0,0.0,0.0,0.0,AWAY,N/A,120,105,HOME,0.0,2025-11-25 12:39:00,0.0,0.0,0.0,0.0,0.0,0.0,0.0,0.0,0.0,0.0,0.0,,0.0,0.0,0.0,0.0,0.0,0.0,0.0,0.0,0.0,0.0,0.0,0.0,,0.0,0.0,0.0,0.0,0.0
2025-03-20_UtahJazz_WashingtonWizards,2025-03-20,Utah Jazz,Washington Wizards,50.0,50.0,0.0,0.0,0.0,0.0,AWAY,N/A,128,112,HOME,0.0,2025-11-25 12:39:00,0.0,0.0,0.0,0.0,0.0,0.0,0.0,0.0,0.0,0.0,0.0,,0.0,0.0,0.0,0.0,0.0,0.0,0.0,0.0,0.0,0.0,0.0,0.0,,0.0,0.0,0.0,0.0,0.0
2025-03-20_LosAngelesLakers_DenverNuggets,2025-03-20,Los Angeles Lakers,Denver Nuggets,50.0,50.0,0.0,0.0,0.0,0.0,AWAY,N/A,120,108,HOME,0.0,2025-11-25 12:39:00,0.0,0.0,0.0,0.0,0.0,0.0,0.0,0.0,0.0,0.0,0.0,,0.0,0.0,0.0,0.0,0.0,0.0,0.0,0.0,0.0,0.0,0.0,0.0,,0.0,0.0,0.0,0.0,0.0
2025-03-20_PhoenixSuns_ChicagoBulls,2025-03-20,Phoenix Suns,Chicago Bulls,50.0,50.0,0.0,0.0,0.0,0.0,AWAY,N/A,127,121,HOME,0.0,2025-11-25 12:39:00,0.0,0.0,0.0,0.0,0.0,0.0,0.0,0.0,0.0,0.0,0.0,,0.0,0.0,0.0,0.0,0.0,0.0,0.0,0.0,0.0,0.0,0.0,0.0,,0.0,0.0,0.0,0.0,0.0
2025-03-20_PortlandTrailBlazers_MemphisGrizzlies,2025-03-20,Portland Trail Blazers,Memphis Grizzlies,50.0,50.0,0.0,0.0,0.0,0.0,AWAY,N/A,115,99,HOME,0.0,2025-11-25 12:39:00,0.0,0.0,0.0,0.0,0.0,0.0,0.0,0.0,0.0,0.0,0.0,,0.0,0.0,0.0,0.0,0.0,0.0,0.0,0.0,0.0,0.0,0.0,0.0,,0.0,0.0,0.0,0.0,0.0
2025-03-20_SacramentoKings_ClevelandCavaliers,2025-03-20,Sacramento Kings,Cleveland Cavaliers,50.0,50.0,0.0,0.0,0.0,0.0,AWAY,N/A,123,119,HOME,0.0,2025-11-25 12:39:00,0.0,0.0,0.0,0.0,0.0,0.0,0.0,0.0,0.0,0.0,0.0,,0.0,0.0,0.0,0.0,0.0,0.0,0.0,0.0,0.0,0.0,0.0,0.0,,0.0,0.0,0.0,0.0,0.0
2025-03-20_CharlotteHornets_NewYorkKnicks,2025-03-20,Charlotte Hornets,New York Knicks,50.0,50.0,0.0,0.0,0.0,0.0,AWAY,N/A,115,98,HOME,0.0,2025-11-25 12:39:00,0.0,0.0,0.0,0.0,0.0,0.0,0.0,0.0,0.0,0.0,0.0,,0.0,0.0,0.0,0.0,0.0,0.0,0.0,0.0,0.0,0.0,0.0,0.0,,0.0,0.0,0.0,0.0,0.0
2025-03-20_IndianaPacers_BrooklynNets,2025-03-20,Indiana Pacers,Brooklyn Nets,50.0,50.0,0.0,0.0,0.0,0.0,AWAY,N/A,105,99,HOME,0.0,2025-11-25 12:39:00,0.0,0.0,0.0,0.0,0.0,0.0,0.0,0.0,0.0,0.0,0.0,,0.0,0.0,0.0,0.0,0.0,0.0,0.0,0.0,0.0,0.0,0.0,0.0,,0.0,0.0,0.0,0.0,0.0
2025-03-21_GoldenStateWarriors_TorontoRaptors,2025-03-21,Golden State Warriors,Toronto Raptors,50.0,50.0,0.0,0.0,0.0,0.0,AWAY,N/A,117,114,HOME,0.0,2025-11-25 12:39:00,0.0,0.0,0.0,0.0,0.0,0.0,0.0,0.0,0.0,0.0,0.0,,0.0,0.0,0.0,0.0,0.0,0.0,0.0,0.0,0.0,0.0,0.0,0.0,,0.0,0.0,0.0,0.0,0.0
2025-03-21_SacramentoKings_ChicagoBulls,2025-03-21,Sacramento Kings,Chicago Bulls,50.0,50.0,0.0,0.0,0.0,0.0,AWAY,N/A,116,128,AWAY,1.0,2025-11-25 12:39:00,0.0,0.0,0.0,0.0,0.0,0.0,0.0,0.0,0.0,0.0,0.0,,0.0,0.0,0.0,0.0,0.0,0.0,0.0,0.0,0.0,0.0,0.0,0.0,,0.0,0.0,0.0,0.0,0.0
2025-03-21_LosAngelesLakers_MilwaukeeBucks,2025-03-21,Los Angeles Lakers,Milwaukee Bucks,50.0,50.0,0.0,0.0,0.0,0.0,AWAY,N/A,89,118,AWAY,1.0,2025-11-25 12:39:00,0.0,0.0,0.0,0.0,0.0,0.0,0.0,0.0,0.0,0.0,0.0,,0.0,0.0,0.0,0.0,0.0,0.0,0.0,0.0,0.0,0.0,0.0,0.0,,0.0,0.0,0.0,0.0,0.0
2025-03-21_WashingtonWizards_OrlandoMagic,2025-03-21,Washington Wizards,Orlando Magic,50.0,50.0,0.0,0.0,0.0,0.0,AWAY,N/A,105,120,AWAY,1.0,2025-11-25 12:39:00,0.0,0.0,0.0,0.0,0.0,0.0,0.0,0.0,0.0,0.0,0.0,,0.0,0.0,0.0,0.0,0.0,0.0,0.0,0.0,0.0,0.0,0.0,0.0,,0.0,0.0,0.0,0.0,0.0
2025-03-22_MiamiHeat_HoustonRockets,2025-03-22,Miami Heat,Houston Rockets,50.0,50.0,0.0,0.0,0.0,0.0,AWAY,N/A,98,102,AWAY,1.0,2025-11-25 12:39:00,0.0,0.0,0.0,0.0,0.0,0.0,0.0,0.0,0.0,0.0,0.0,,0.0,0.0,0.0,0.0,0.0,0.0,0.0,0.0,0.0,0.0,0.0,0.0,,0.0,0.0,0.0,0.0,0.0
2025-03-22_MinnesotaTimberwolves_NewOrleansPelicans,2025-03-22,Minnesota Timberwolves,New Orleans Pelicans,50.0,50.0,0.0,0.0,0.0,0.0,AWAY,N/A,134,93,HOME,0.0,2025-11-25 12:39:00,0.0,0.0,0.0,0.0,0.0,0.0,0.0,0.0,0.0,0.0,0.0,,0.0,0.0,0.0,0.0,0.0,0.0,0.0,0.0,0.0,0.0,0.0,0.0,,0.0,0.0,0.0,0.0,0.0
2025-03-22_OklahomaCityThunder_CharlotteHornets,2025-03-22,Oklahoma City Thunder,Charlotte Hornets,50.0,50.0,0.0,0.0,0.0,0.0,AWAY,N/A,141,106,HOME,0.0,2025-11-25 12:39:00,0.0,0.0,0.0,0.0,0.0,0.0,0.0,0.0,0.0,0.0,0.0,,0.0,0.0,0.0,0.0,0.0,0.0,0.0,0.0,0.0,0.0,0.0,0.0,,0.0,0.0,0.0,0.0,0.0
2025-03-22_SanAntonioSpurs_Philadelphia76ers,2025-03-22,San Antonio Spurs,Philadelphia 76ers,50.0,50.0,0.0,0.0,0.0,0.0,AWAY,N/A,128,120,HOME,0.0,2025-11-25 12:39:00,0.0,0.0,0.0,0.0,0.0,0.0,0.0,0.0,0.0,0.0,0.0,,0.0,0.0,0.0,0.0,0.0,0.0,0.0,0.0,0.0,0.0,0.0,0.0,,0.0,0.0,0.0,0.0,0.0
2025-03-22_DallasMavericks_DetroitPistons,2025-03-22,Dallas Mavericks,Detroit Pistons,50.0,50.0,0.0,0.0,0.0,0.0,AWAY,N/A,123,117,HOME,0.0,2025-11-25 12:39:00,0.0,0.0,0.0,0.0,0.0,0.0,0.0,0.0,0.0,0.0,0.0,,0.0,0.0,0.0,0.0,0.0,0.0,0.0,0.0,0.0,0.0,0.0,0.0,,0.0,0.0,0.0,0.0,0.0
2025-03-22_UtahJazz_BostonCeltics,2025-03-22,Utah Jazz,Boston Celtics,50.0,50.0,0.0,0.0,0.0,0.0,AWAY,N/A,99,121,AWAY,1.0,2025-11-25 12:39:00,0.0,0.0,0.0,0.0,0.0,0.0,0.0,0.0,0.0,0.0,0.0,,0.0,0.0,0.0,0.0,0.0,0.0,0.0,0.0,0.0,0.0,0.0,0.0,,0.0,0.0,0.0,0.0,0.0
2025-03-22_PhoenixSuns_ClevelandCavaliers,2025-03-22,Phoenix Suns,Cleveland Cavaliers,50.0,50.0,0.0,0.0,0.0,0.0,AWAY,N/A,123,112,HOME,0.0,2025-11-25 12:39:00,0.0,0.0,0.0,0.0,0.0,0.0,0.0,0.0,0.0,0.0,0.0,,0.0,0.0,0.0,0.0,0.0,0.0,0.0,0.0,0.0,0.0,0.0,0.0,,0.0,0.0,0.0,0.0,0.0
2025-03-22_PortlandTrailBlazers_DenverNuggets,2025-03-22,Portland Trail Blazers,Denver Nuggets,50.0,50.0,0.0,0.0,0.0,0.0,AWAY,N/A,128,109,HOME,0.0,2025-11-25 12:39:00,0.0,0.0,0.0,0.0,0.0,0.0,0.0,0.0,0.0,0.0,0.0,,0.0,0.0,0.0,0.0,0.0,0.0,0.0,0.0,0.0,0.0,0.0,0.0,,0.0,0.0,0.0,0.0,0.0
2025-03-22_LAClippers_MemphisGrizzlies,2025-03-22,LA Clippers,Memphis Grizzlies,50.0,50.0,0.0,0.0,0.0,0.0,AWAY,N/A,128,108,HOME,0.0,2025-11-25 12:39:00,0.0,0.0,0.0,0.0,0.0,0.0,0.0,0.0,0.0,0.0,0.0,,0.0,0.0,0.0,0.0,0.0,0.0,0.0,0.0,0.0,0.0,0.0,0.0,,0.0,0.0,0.0,0.0,0.0
2025-03-22_IndianaPacers_BrooklynNets,2025-03-22,Indiana Pacers,Brooklyn Nets,50.0,50.0,0.0,0.0,0.0,0.0,AWAY,N/A,108,103,HOME,0.0,2025-11-25 12:39:00,0.0,0.0,0.0,0.0,0.0,0.0,0.0,0.0,0.0,0.0,0.0,,0.0,0.0,0.0,0.0,0.0,0.0,0.0,0.0,0.0,0.0,0.0,0.0,,0.0,0.0,0.0,0.0,0.0
2025-03-22_AtlantaHawks_GoldenStateWarriors,2025-03-22,Atlanta Hawks,Golden State Warriors,50.0,50.0,0.0,0.0,0.0,0.0,AWAY,N/A,124,115,HOME,0.0,2025-11-25 12:39:00,0.0,0.0,0.0,0.0,0.0,0.0,0.0,0.0,0.0,0.0,0.0,,0.0,0.0,0.0,0.0,0.0,0.0,0.0,0.0,0.0,0.0,0.0,0.0,,0.0,0.0,0.0,0.0,0.0
2025-03-23_NewYorkKnicks_WashingtonWizards,2025-03-23,New York Knicks,Washington Wizards,50.0,50.0,0.0,0.0,0.0,0.0,AWAY,N/A,122,103,HOME,0.0,2025-11-25 12:39:00,0.0,0.0,0.0,0.0,0.0,0.0,0.0,0.0,0.0,0.0,0.0,,0.0,0.0,0.0,0.0,0.0,0.0,0.0,0.0,0.0,0.0,0.0,0.0,,0.0,0.0,0.0,0.0,0.0
2025-03-23_SacramentoKings_MilwaukeeBucks,2025-03-23,Sacramento Kings,Milwaukee Bucks,50.0,50.0,0.0,0.0,0.0,0.0,AWAY,N/A,108,114,AWAY,1.0,2025-11-25 12:39:00,0.0,0.0,0.0,0.0,0.0,0.0,0.0,0.0,0.0,0.0,0.0,,0.0,0.0,0.0,0.0,0.0,0.0,0.0,0.0,0.0,0.0,0.0,0.0,,0.0,0.0,0.0,0.0,0.0
2025-03-23_LosAngelesLakers_ChicagoBulls,2025-03-23,Los Angeles Lakers,Chicago Bulls,50.0,50.0,0.0,0.0,0.0,0.0,AWAY,N/A,115,146,AWAY,1.0,2025-11-25 12:39:00,0.0,0.0,0.0,0.0,0.0,0.0,0.0,0.0,0.0,0.0,0.0,,0.0,0.0,0.0,0.0,0.0,0.0,0.0,0.0,0.0,0.0,0.0,0.0,,0.0,0.0,0.0,0.0,0.0
2025-03-23_DetroitPistons_NewOrleansPelicans,2025-03-23,Detroit Pistons,New Orleans Pelicans,50.0,50.0,0.0,0.0,0.0,0.0,AWAY,N/A,136,130,HOME,0.0,2025-11-25 12:39:00,0.0,0.0,0.0,0.0,0.0,0.0,0.0,0.0,0.0,0.0,0.0,,0.0,0.0,0.0,0.0,0.0,0.0,0.0,0.0,0.0,0.0,0.0,0.0,,0.0,0.0,0.0,0.0,0.0
2025-03-23_UtahJazz_ClevelandCavaliers,2025-03-23,Utah Jazz,Cleveland Cavaliers,50.0,50.0,0.0,0.0,0.0,0.0,AWAY,N/A,91,120,AWAY,1.0,2025-11-25 12:39:00,0.0,0.0,0.0,0.0,0.0,0.0,0.0,0.0,0.0,0.0,0.0,,0.0,0.0,0.0,0.0,0.0,0.0,0.0,0.0,0.0,0.0,0.0,0.0,,0.0,0.0,0.0,0.0,0.0
2025-03-23_AtlantaHawks_Philadelphia76ers,2025-03-23,Atlanta Hawks,Philadelphia 76ers,50.0,50.0,0.0,0.0,0.0,0.0,AWAY,N/A,132,119,HOME,0.0,2025-11-25 12:39:00,0.0,0.0,0.0,0.0,0.0,0.0,0.0,0.0,0.0,0.0,0.0,,0.0,0.0,0.0,0.0,0.0,0.0,0.0,0.0,0.0,0.0,0.0,0.0,,0.0,0.0,0.0,0.0,0.0
2025-03-23_MiamiHeat_CharlotteHornets,2025-03-23,Miami Heat,Charlotte Hornets,50.0,50.0,0.0,0.0,0.0,0.0,AWAY,N/A,122,105,HOME,0.0,2025-11-25 12:39:00,0.0,0.0,0.0,0.0,0.0,0.0,0.0,0.0,0.0,0.0,0.0,,0.0,0.0,0.0,0.0,0.0,0.0,0.0,0.0,0.0,0.0,0.0,0.0,,0.0,0.0,0.0,0.0,0.0
2025-03-23_TorontoRaptors_SanAntonioSpurs,2025-03-23,Toronto Raptors,San Antonio Spurs,50.0,50.0,0.0,0.0,0.0,0.0,AWAY,N/A,89,123,AWAY,1.0,2025-11-25 12:39:00,0.0,0.0,0.0,0.0,0.0,0.0,0.0,0.0,0.0,0.0,0.0,,0.0,0.0,0.0,0.0,0.0,0.0,0.0,0.0,0.0,0.0,0.0,0.0,,0.0,0.0,0.0,0.0,0.0
2025-03-23_PortlandTrailBlazers_BostonCeltics,2025-03-23,Portland Trail Blazers,Boston Celtics,50.0,50.0,0.0,0.0,0.0,0.0,AWAY,N/A,116,129,AWAY,1.0,2025-11-25 12:39:00,0.0,0.0,0.0,0.0,0.0,0.0,0.0,0.0,0.0,0.0,0.0,,0.0,0.0,0.0,0.0,0.0,0.0,0.0,0.0,0.0,0.0,0.0,0.0,,0.0,0.0,0.0,0.0,0.0
2025-03-23_HoustonRockets_DenverNuggets,2025-03-23,Houston Rockets,Denver Nuggets,50.0,50.0,0.0,0.0,0.0,0.0,AWAY,N/A,111,116,AWAY,1.0,2025-11-25 12:39:00,0.0,0.0,0.0,0.0,0.0,0.0,0.0,0.0,0.0,0.0,0.0,,0.0,0.0,0.0,0.0,0.0,0.0,0.0,0.0,0.0,0.0,0.0,0.0,,0.0,0.0,0.0,0.0,0.0
2025-03-24_LAClippers_OklahomaCityThunder,2025-03-24,LA Clippers,Oklahoma City Thunder,50.0,50.0,0.0,0.0,0.0,0.0,AWAY,N/A,101,103,AWAY,1.0,2025-11-25 12:39:00,0.0,0.0,0.0,0.0,0.0,0.0,0.0,0.0,0.0,0.0,0.0,,0.0,0.0,0.0,0.0,0.0,0.0,0.0,0.0,0.0,0.0,0.0,0.0,,0.0,0.0,0.0,0.0,0.0
2025-03-24_IndianaPacers_MinnesotaTimberwolves,2025-03-24,Indiana Pacers,Minnesota Timberwolves,50.0,50.0,0.0,0.0,0.0,0.0,AWAY,N/A,119,103,HOME,0.0,2025-11-25 12:39:00,0.0,0.0,0.0,0.0,0.0,0.0,0.0,0.0,0.0,0.0,0.0,,0.0,0.0,0.0,0.0,0.0,0.0,0.0,0.0,0.0,0.0,0.0,0.0,,0.0,0.0,0.0,0.0,0.0
2025-03-24_OrlandoMagic_LosAngelesLakers,2025-03-24,Orlando Magic,Los Angeles Lakers,50.0,50.0,0.0,0.0,0.0,0.0,AWAY,N/A,118,106,HOME,0.0,2025-11-25 12:39:00,0.0,0.0,0.0,0.0,0.0,0.0,0.0,0.0,0.0,0.0,0.0,,0.0,0.0,0.0,0.0,0.0,0.0,0.0,0.0,0.0,0.0,0.0,0.0,,0.0,0.0,0.0,0.0,0.0
2025-03-24_WashingtonWizards_TorontoRaptors,2025-03-24,Washington Wizards,Toronto Raptors,50.0,50.0,0.0,0.0,0.0,0.0,AWAY,N/A,104,112,AWAY,1.0,2025-11-25 12:39:00,0.0,0.0,0.0,0.0,0.0,0.0,0.0,0.0,0.0,0.0,0.0,,0.0,0.0,0.0,0.0,0.0,0.0,0.0,0.0,0.0,0.0,0.0,0.0,,0.0,0.0,0.0,0.0,0.0
2025-03-24_BrooklynNets_DallasMavericks,2025-03-24,Brooklyn Nets,Dallas Mavericks,50.0,50.0,0.0,0.0,0.0,0.0,AWAY,N/A,101,120,AWAY,1.0,2025-11-25 12:39:00,0.0,0.0,0.0,0.0,0.0,0.0,0.0,0.0,0.0,0.0,0.0,,0.0,0.0,0.0,0.0,0.0,0.0,0.0,0.0,0.0,0.0,0.0,0.0,,0.0,0.0,0.0,0.0,0.0
2025-03-25_NewOrleansPelicans_Philadelphia76ers,2025-03-25,New Orleans Pelicans,Philadelphia 76ers,50.0,50.0,0.0,0.0,0.0,0.0,AWAY,N/A,112,99,HOME,0.0,2025-11-25 12:39:00,0.0,0.0,0.0,0.0,0.0,0.0,0.0,0.0,0.0,0.0,0.0,,0.0,0.0,0.0,0.0,0.0,0.0,0.0,0.0,0.0,0.0,0.0,0.0,,0.0,0.0,0.0,0.0,0.0
2025-03-25_DenverNuggets_ChicagoBulls,2025-03-25,Denver Nuggets,Chicago Bulls,50.0,50.0,0.0,0.0,0.0,0.0,AWAY,N/A,119,129,AWAY,1.0,2025-11-25 12:39:00,0.0,0.0,0.0,0.0,0.0,0.0,0.0,0.0,0.0,0.0,0.0,,0.0,0.0,0.0,0.0,0.0,0.0,0.0,0.0,0.0,0.0,0.0,0.0,,0.0,0.0,0.0,0.0,0.0
2025-03-25_PhoenixSuns_MilwaukeeBucks,2025-03-25,Phoenix Suns,Milwaukee Bucks,50.0,50.0,0.0,0.0,0.0,0.0,AWAY,N/A,108,106,HOME,0.0,2025-11-25 12:39:00,0.0,0.0,0.0,0.0,0.0,0.0,0.0,0.0,0.0,0.0,0.0,,0.0,0.0,0.0,0.0,0.0,0.0,0.0,0.0,0.0,0.0,0.0,0.0,,0.0,0.0,0.0,0.0,0.0
2025-03-25_SacramentoKings_BostonCeltics,2025-03-25,Sacramento Kings,Boston Celtics,50.0,50.0,0.0,0.0,0.0,0.0,AWAY,N/A,95,113,AWAY,1.0,2025-11-25 12:39:00,0.0,0.0,0.0,0.0,0.0,0.0,0.0,0.0,0.0,0.0,0.0,,0.0,0.0,0.0,0.0,0.0,0.0,0.0,0.0,0.0,0.0,0.0,0.0,,0.0,0.0,0.0,0.0,0.0
2025-03-25_CharlotteHornets_OrlandoMagic,2025-03-25,Charlotte Hornets,Orlando Magic,50.0,50.0,0.0,0.0,0.0,0.0,AWAY,N/A,104,111,AWAY,1.0,2025-11-25 12:39:00,0.0,0.0,0.0,0.0,0.0,0.0,0.0,0.0,0.0,0.0,0.0,,0.0,0.0,0.0,0.0,0.0,0.0,0.0,0.0,0.0,0.0,0.0,0.0,,0.0,0.0,0.0,0.0,0.0
2025-03-25_DetroitPistons_SanAntonioSpurs,2025-03-25,Detroit Pistons,San Antonio Spurs,50.0,50.0,0.0,0.0,0.0,0.0,AWAY,N/A,122,96,HOME,0.0,2025-11-25 12:39:00,0.0,0.0,0.0,0.0,0.0,0.0,0.0,0.0,0.0,0.0,0.0,,0.0,0.0,0.0,0.0,0.0,0.0,0.0,0.0,0.0,0.0,0.0,0.0,,0.0,0.0,0.0,0.0,0.0
2025-03-25_MiamiHeat_GoldenStateWarriors,2025-03-25,Miami Heat,Golden State Warriors,50.0,50.0,0.0,0.0,0.0,0.0,AWAY,N/A,112,86,HOME,0.0,2025-11-25 12:39:00,0.0,0.0,0.0,0.0,0.0,0.0,0.0,0.0,0.0,0.0,0.0,,0.0,0.0,0.0,0.0,0.0,0.0,0.0,0.0,0.0,0.0,0.0,0.0,,0.0,0.0,0.0,0.0,0.0
2025-03-25_NewYorkKnicks_DallasMavericks,2025-03-25,New York Knicks,Dallas Mavericks,50.0,50.0,0.0,0.0,0.0,0.0,AWAY,N/A,128,113,HOME,0.0,2025-11-25 12:39:00,0.0,0.0,0.0,0.0,0.0,0.0,0.0,0.0,0.0,0.0,0.0,,0.0,0.0,0.0,0.0,0.0,0.0,0.0,0.0,0.0,0.0,0.0,0.0,,0.0,0.0,0.0,0.0,0.0
2025-03-26_HoustonRockets_AtlantaHawks,2025-03-26,Houston Rockets,Atlanta Hawks,50.0,50.0,0.0,0.0,0.0,0.0,AWAY,N/A,121,114,HOME,0.0,2025-11-25 12:39:00,0.0,0.0,0.0,0.0,0.0,0.0,0.0,0.0,0.0,0.0,0.0,,0.0,0.0,0.0,0.0,0.0,0.0,0.0,0.0,0.0,0.0,0.0,0.0,,0.0,0.0,0.0,0.0,0.0
2025-03-26_UtahJazz_MemphisGrizzlies,2025-03-26,Utah Jazz,Memphis Grizzlies,50.0,50.0,0.0,0.0,0.0,0.0,AWAY,N/A,103,140,AWAY,1.0,2025-11-25 12:39:00,0.0,0.0,0.0,0.0,0.0,0.0,0.0,0.0,0.0,0.0,0.0,,0.0,0.0,0.0,0.0,0.0,0.0,0.0,0.0,0.0,0.0,0.0,0.0,,0.0,0.0,0.0,0.0,0.0
2025-03-26_PortlandTrailBlazers_ClevelandCavaliers,2025-03-26,Portland Trail Blazers,Cleveland Cavaliers,50.0,50.0,0.0,0.0,0.0,0.0,AWAY,N/A,111,122,AWAY,1.0,2025-11-25 12:39:00,0.0,0.0,0.0,0.0,0.0,0.0,0.0,0.0,0.0,0.0,0.0,,0.0,0.0,0.0,0.0,0.0,0.0,0.0,0.0,0.0,0.0,0.0,0.0,,0.0,0.0,0.0,0.0,0.0
2025-03-26_SacramentoKings_OklahomaCityThunder,2025-03-26,Sacramento Kings,Oklahoma City Thunder,50.0,50.0,0.0,0.0,0.0,0.0,AWAY,N/A,105,121,AWAY,1.0,2025-11-25 12:39:00,0.0,0.0,0.0,0.0,0.0,0.0,0.0,0.0,0.0,0.0,0.0,,0.0,0.0,0.0,0.0,0.0,0.0,0.0,0.0,0.0,0.0,0.0,0.0,,0.0,0.0,0.0,0.0,0.0
2025-03-26_Philadelphia76ers_WashingtonWizards,2025-03-26,Philadelphia 76ers,Washington Wizards,50.0,50.0,0.0,0.0,0.0,0.0,AWAY,N/A,114,119,AWAY,1.0,2025-11-25 12:39:00,0.0,0.0,0.0,0.0,0.0,0.0,0.0,0.0,0.0,0.0,0.0,,0.0,0.0,0.0,0.0,0.0,0.0,0.0,0.0,0.0,0.0,0.0,0.0,,0.0,0.0,0.0,0.0,0.0
2025-03-26_BrooklynNets_TorontoRaptors,2025-03-26,Brooklyn Nets,Toronto Raptors,50.0,50.0,0.0,0.0,0.0,0.0,AWAY,N/A,86,116,AWAY,1.0,2025-11-25 12:39:00,0.0,0.0,0.0,0.0,0.0,0.0,0.0,0.0,0.0,0.0,0.0,,0.0,0.0,0.0,0.0,0.0,0.0,0.0,0.0,0.0,0.0,0.0,0.0,,0.0,0.0,0.0,0.0,0.0
2025-03-26_IndianaPacers_LosAngelesLakers,2025-03-26,Indiana Pacers,Los Angeles Lakers,50.0,50.0,0.0,0.0,0.0,0.0,AWAY,N/A,119,120,AWAY,1.0,2025-11-25 12:39:00,0.0,0.0,0.0,0.0,0.0,0.0,0.0,0.0,0.0,0.0,0.0,,0.0,0.0,0.0,0.0,0.0,0.0,0.0,0.0,0.0,0.0,0.0,0.0,,0.0,0.0,0.0,0.0,0.0
2025-03-26_NewYorkKnicks_LAClippers,2025-03-26,New York Knicks,LA Clippers,50.0,50.0,0.0,0.0,0.0,0.0,AWAY,N/A,113,126,AWAY,1.0,2025-11-25 12:39:00,0.0,0.0,0.0,0.0,0.0,0.0,0.0,0.0,0.0,0.0,0.0,,0.0,0.0,0.0,0.0,0.0,0.0,0.0,0.0,0.0,0.0,0.0,0.0,,0.0,0.0,0.0,0.0,0.0
2025-03-27_DenverNuggets_MilwaukeeBucks,2025-03-27,Denver Nuggets,Milwaukee Bucks,50.0,50.0,0.0,0.0,0.0,0.0,AWAY,N/A,127,117,HOME,0.0,2025-11-25 12:39:00,0.0,0.0,0.0,0.0,0.0,0.0,0.0,0.0,0.0,0.0,0.0,,0.0,0.0,0.0,0.0,0.0,0.0,0.0,0.0,0.0,0.0,0.0,0.0,,0.0,0.0,0.0,0.0,0.0
2025-03-27_PhoenixSuns_BostonCeltics,2025-03-27,Phoenix Suns,Boston Celtics,50.0,50.0,0.0,0.0,0.0,0.0,AWAY,N/A,102,132,AWAY,1.0,2025-11-25 12:39:00,0.0,0.0,0.0,0.0,0.0,0.0,0.0,0.0,0.0,0.0,0.0,,0.0,0.0,0.0,0.0,0.0,0.0,0.0,0.0,0.0,0.0,0.0,0.0,,0.0,0.0,0.0,0.0,0.0
2025-03-27_ClevelandCavaliers_SanAntonioSpurs,2025-03-27,Cleveland Cavaliers,San Antonio Spurs,50.0,50.0,0.0,0.0,0.0,0.0,AWAY,N/A,124,116,HOME,0.0,2025-11-25 12:39:00,0.0,0.0,0.0,0.0,0.0,0.0,0.0,0.0,0.0,0.0,0.0,,0.0,0.0,0.0,0.0,0.0,0.0,0.0,0.0,0.0,0.0,0.0,0.0,,0.0,0.0,0.0,0.0,0.0
2025-03-27_OrlandoMagic_DallasMavericks,2025-03-27,Orlando Magic,Dallas Mavericks,50.0,50.0,0.0,0.0,0.0,0.0,AWAY,N/A,92,101,AWAY,1.0,2025-11-25 12:39:00,0.0,0.0,0.0,0.0,0.0,0.0,0.0,0.0,0.0,0.0,0.0,,0.0,0.0,0.0,0.0,0.0,0.0,0.0,0.0,0.0,0.0,0.0,0.0,,0.0,0.0,0.0,0.0,0.0
2025-03-27_WashingtonWizards_IndianaPacers,2025-03-27,Washington Wizards,Indiana Pacers,50.0,50.0,0.0,0.0,0.0,0.0,AWAY,N/A,109,162,AWAY,1.0,2025-11-25 12:39:00,0.0,0.0,0.0,0.0,0.0,0.0,0.0,0.0,0.0,0.0,0.0,,0.0,0.0,0.0,0.0,0.0,0.0,0.0,0.0,0.0,0.0,0.0,0.0,,0.0,0.0,0.0,0.0,0.0
2025-03-27_MiamiHeat_AtlantaHawks,2025-03-27,Miami Heat,Atlanta Hawks,50.0,50.0,0.0,0.0,0.0,0.0,AWAY,N/A,122,112,HOME,0.0,2025-11-25 12:39:00,0.0,0.0,0.0,0.0,0.0,0.0,0.0,0.0,0.0,0.0,0.0,,0.0,0.0,0.0,0.0,0.0,0.0,0.0,0.0,0.0,0.0,0.0,0.0,,0.0,0.0,0.0,0.0,0.0
2025-03-28_ChicagoBulls_LosAngelesLakers,2025-03-28,Chicago Bulls,Los Angeles Lakers,50.0,50.0,0.0,0.0,0.0,0.0,AWAY,N/A,119,117,HOME,0.0,2025-11-25 12:39:00,0.0,0.0,0.0,0.0,0.0,0.0,0.0,0.0,0.0,0.0,0.0,,0.0,0.0,0.0,0.0,0.0,0.0,0.0,0.0,0.0,0.0,0.0,0.0,,0.0,0.0,0.0,0.0,0.0
2025-03-28_OklahomaCityThunder_MemphisGrizzlies,2025-03-28,Oklahoma City Thunder,Memphis Grizzlies,50.0,50.0,0.0,0.0,0.0,0.0,AWAY,N/A,125,104,HOME,0.0,2025-11-25 12:39:00,0.0,0.0,0.0,0.0,0.0,0.0,0.0,0.0,0.0,0.0,0.0,,0.0,0.0,0.0,0.0,0.0,0.0,0.0,0.0,0.0,0.0,0.0,0.0,,0.0,0.0,0.0,0.0,0.0
2025-03-28_UtahJazz_HoustonRockets,2025-03-28,Utah Jazz,Houston Rockets,50.0,50.0,0.0,0.0,0.0,0.0,AWAY,N/A,110,121,AWAY,1.0,2025-11-25 12:39:00,0.0,0.0,0.0,0.0,0.0,0.0,0.0,0.0,0.0,0.0,0.0,,0.0,0.0,0.0,0.0,0.0,0.0,0.0,0.0,0.0,0.0,0.0,0.0,,0.0,0.0,0.0,0.0,0.0
2025-03-28_SacramentoKings_PortlandTrailBlazers,2025-03-28,Sacramento Kings,Portland Trail Blazers,50.0,50.0,0.0,0.0,0.0,0.0,AWAY,N/A,128,107,HOME,0.0,2025-11-25 12:39:00,0.0,0.0,0.0,0.0,0.0,0.0,0.0,0.0,0.0,0.0,0.0,,0.0,0.0,0.0,0.0,0.0,0.0,0.0,0.0,0.0,0.0,0.0,0.0,,0.0,0.0,0.0,0.0,0.0
2025-03-28_DetroitPistons_ClevelandCavaliers,2025-03-28,Detroit Pistons,Cleveland Cavaliers,50.0,50.0,0.0,0.0,0.0,0.0,AWAY,N/A,133,122,HOME,0.0,2025-11-25 12:39:00,0.0,0.0,0.0,0.0,0.0,0.0,0.0,0.0,0.0,0.0,0.0,,0.0,0.0,0.0,0.0,0.0,0.0,0.0,0.0,0.0,0.0,0.0,0.0,,0.0,0.0,0.0,0.0,0.0
2025-03-28_BrooklynNets_LAClippers,2025-03-28,Brooklyn Nets,LA Clippers,50.0,50.0,0.0,0.0,0.0,0.0,AWAY,N/A,100,132,AWAY,1.0,2025-11-25 12:39:01,0.0,0.0,0.0,0.0,0.0,0.0,0.0,0.0,0.0,0.0,0.0,,0.0,0.0,0.0,0.0,0.0,0.0,0.0,0.0,0.0,0.0,0.0,0.0,,0.0,0.0,0.0,0.0,0.0
2025-03-28_TorontoRaptors_CharlotteHornets,2025-03-28,Toronto Raptors,Charlotte Hornets,50.0,50.0,0.0,0.0,0.0,0.0,AWAY,N/A,108,97,HOME,0.0,2025-11-25 12:39:01,0.0,0.0,0.0,0.0,0.0,0.0,0.0,0.0,0.0,0.0,0.0,,0.0,0.0,0.0,0.0,0.0,0.0,0.0,0.0,0.0,0.0,0.0,0.0,,0.0,0.0,0.0,0.0,0.0
2025-03-29_MilwaukeeBucks_NewYorkKnicks,2025-03-29,Milwaukee Bucks,New York Knicks,50.0,50.0,0.0,0.0,0.0,0.0,AWAY,N/A,107,116,AWAY,1.0,2025-11-25 12:39:01,0.0,0.0,0.0,0.0,0.0,0.0,0.0,0.0,0.0,0.0,0.0,,0.0,0.0,0.0,0.0,0.0,0.0,0.0,0.0,0.0,0.0,0.0,0.0,,0.0,0.0,0.0,0.0,0.0
2025-03-29_MinnesotaTimberwolves_PhoenixSuns,2025-03-29,Minnesota Timberwolves,Phoenix Suns,50.0,50.0,0.0,0.0,0.0,0.0,AWAY,N/A,124,109,HOME,0.0,2025-11-25 12:39:01,0.0,0.0,0.0,0.0,0.0,0.0,0.0,0.0,0.0,0.0,0.0,,0.0,0.0,0.0,0.0,0.0,0.0,0.0,0.0,0.0,0.0,0.0,0.0,,0.0,0.0,0.0,0.0,0.0
2025-03-29_NewOrleansPelicans_GoldenStateWarriors,2025-03-29,New Orleans Pelicans,Golden State Warriors,50.0,50.0,0.0,0.0,0.0,0.0,AWAY,N/A,95,111,AWAY,1.0,2025-11-25 12:39:01,0.0,0.0,0.0,0.0,0.0,0.0,0.0,0.0,0.0,0.0,0.0,,0.0,0.0,0.0,0.0,0.0,0.0,0.0,0.0,0.0,0.0,0.0,0.0,,0.0,0.0,0.0,0.0,0.0
2025-03-29_DenverNuggets_UtahJazz,2025-03-29,Denver Nuggets,Utah Jazz,50.0,50.0,0.0,0.0,0.0,0.0,AWAY,N/A,129,93,HOME,0.0,2025-11-25 12:39:01,0.0,0.0,0.0,0.0,0.0,0.0,0.0,0.0,0.0,0.0,0.0,,0.0,0.0,0.0,0.0,0.0,0.0,0.0,0.0,0.0,0.0,0.0,0.0,,0.0,0.0,0.0,0.0,0.0
2025-03-29_OrlandoMagic_SacramentoKings,2025-03-29,Orlando Magic,Sacramento Kings,50.0,50.0,0.0,0.0,0.0,0.0,AWAY,N/A,121,91,HOME,0.0,2025-11-25 12:39:01,0.0,0.0,0.0,0.0,0.0,0.0,0.0,0.0,0.0,0.0,0.0,,0.0,0.0,0.0,0.0,0.0,0.0,0.0,0.0,0.0,0.0,0.0,0.0,,0.0,0.0,0.0,0.0,0.0
2025-03-29_WashingtonWizards_BrooklynNets,2025-03-29,Washington Wizards,Brooklyn Nets,50.0,50.0,0.0,0.0,0.0,0.0,AWAY,N/A,112,115,AWAY,1.0,2025-11-25 12:39:01,0.0,0.0,0.0,0.0,0.0,0.0,0.0,0.0,0.0,0.0,0.0,,0.0,0.0,0.0,0.0,0.0,0.0,0.0,0.0,0.0,0.0,0.0,0.0,,0.0,0.0,0.0,0.0,0.0
2025-03-29_Philadelphia76ers_MiamiHeat,2025-03-29,Philadelphia 76ers,Miami Heat,50.0,50.0,0.0,0.0,0.0,0.0,AWAY,N/A,95,118,AWAY,1.0,2025-11-25 12:39:01,0.0,0.0,0.0,0.0,0.0,0.0,0.0,0.0,0.0,0.0,0.0,,0.0,0.0,0.0,0.0,0.0,0.0,0.0,0.0,0.0,0.0,0.0,0.0,,0.0,0.0,0.0,0.0,0.0
2025-03-30_ChicagoBulls_DallasMavericks,2025-03-30,Chicago Bulls,Dallas Mavericks,50.0,50.0,0.0,0.0,0.0,0.0,AWAY,N/A,119,120,AWAY,1.0,2025-11-25 12:39:01,0.0,0.0,0.0,0.0,0.0,0.0,0.0,0.0,0.0,0.0,0.0,,0.0,0.0,0.0,0.0,0.0,0.0,0.0,0.0,0.0,0.0,0.0,0.0,,0.0,0.0,0.0,0.0,0.0
2025-03-30_MemphisGrizzlies_LosAngelesLakers,2025-03-30,Memphis Grizzlies,Los Angeles Lakers,50.0,50.0,0.0,0.0,0.0,0.0,AWAY,N/A,127,134,AWAY,1.0,2025-11-25 12:39:01,0.0,0.0,0.0,0.0,0.0,0.0,0.0,0.0,0.0,0.0,0.0,,0.0,0.0,0.0,0.0,0.0,0.0,0.0,0.0,0.0,0.0,0.0,0.0,,0.0,0.0,0.0,0.0,0.0
2025-03-30_OklahomaCityThunder_IndianaPacers,2025-03-30,Oklahoma City Thunder,Indiana Pacers,50.0,50.0,0.0,0.0,0.0,0.0,AWAY,N/A,132,111,HOME,0.0,2025-11-25 12:39:01,0.0,0.0,0.0,0.0,0.0,0.0,0.0,0.0,0.0,0.0,0.0,,0.0,0.0,0.0,0.0,0.0,0.0,0.0,0.0,0.0,0.0,0.0,0.0,,0.0,0.0,0.0,0.0,0.0
2025-03-30_SanAntonioSpurs_BostonCeltics,2025-03-30,San Antonio Spurs,Boston Celtics,50.0,50.0,0.0,0.0,0.0,0.0,AWAY,N/A,111,121,AWAY,1.0,2025-11-25 12:39:01,0.0,0.0,0.0,0.0,0.0,0.0,0.0,0.0,0.0,0.0,0.0,,0.0,0.0,0.0,0.0,0.0,0.0,0.0,0.0,0.0,0.0,0.0,0.0,,0.0,0.0,0.0,0.0,0.0
2025-03-30_ClevelandCavaliers_LAClippers,2025-03-30,Cleveland Cavaliers,LA Clippers,50.0,50.0,0.0,0.0,0.0,0.0,AWAY,N/A,127,122,HOME,0.0,2025-11-25 12:39:01,0.0,0.0,0.0,0.0,0.0,0.0,0.0,0.0,0.0,0.0,0.0,,0.0,0.0,0.0,0.0,0.0,0.0,0.0,0.0,0.0,0.0,0.0,0.0,,0.0,0.0,0.0,0.0,0.0
2025-03-30_NewYorkKnicks_PortlandTrailBlazers,2025-03-30,New York Knicks,Portland Trail Blazers,50.0,50.0,0.0,0.0,0.0,0.0,AWAY,N/A,110,93,HOME,0.0,2025-11-25 12:39:01,0.0,0.0,0.0,0.0,0.0,0.0,0.0,0.0,0.0,0.0,0.0,,0.0,0.0,0.0,0.0,0.0,0.0,0.0,0.0,0.0,0.0,0.0,0.0,,0.0,0.0,0.0,0.0,0.0
2025-03-30_MilwaukeeBucks_AtlantaHawks,2025-03-30,Milwaukee Bucks,Atlanta Hawks,50.0,50.0,0.0,0.0,0.0,0.0,AWAY,N/A,124,145,AWAY,1.0,2025-11-25 12:39:01,0.0,0.0,0.0,0.0,0.0,0.0,0.0,0.0,0.0,0.0,0.0,,0.0,0.0,0.0,0.0,0.0,0.0,0.0,0.0,0.0,0.0,0.0,0.0,,0.0,0.0,0.0,0.0,0.0
2025-03-30_MinnesotaTimberwolves_DetroitPistons,2025-03-30,Minnesota Timberwolves,Detroit Pistons,50.0,50.0,0.0,0.0,0.0,0.0,AWAY,N/A,123,104,HOME,0.0,2025-11-25 12:39:01,0.0,0.0,0.0,0.0,0.0,0.0,0.0,0.0,0.0,0.0,0.0,,0.0,0.0,0.0,0.0,0.0,0.0,0.0,0.0,0.0,0.0,0.0,0.0,,0.0,0.0,0.0,0.0,0.0
2025-03-30_NewOrleansPelicans_CharlotteHornets,2025-03-30,New Orleans Pelicans,Charlotte Hornets,50.0,50.0,0.0,0.0,0.0,0.0,AWAY,N/A,98,94,HOME,0.0,2025-11-25 12:39:01,0.0,0.0,0.0,0.0,0.0,0.0,0.0,0.0,0.0,0.0,0.0,,0.0,0.0,0.0,0.0,0.0,0.0,0.0,0.0,0.0,0.0,0.0,0.0,,0.0,0.0,0.0,0.0,0.0
2025-03-30_SanAntonioSpurs_GoldenStateWarriors,2025-03-30,San Antonio Spurs,Golden State Warriors,50.0,50.0,0.0,0.0,0.0,0.0,AWAY,N/A,106,148,AWAY,1.0,2025-11-25 12:39:01,0.0,0.0,0.0,0.0,0.0,0.0,0.0,0.0,0.0,0.0,0.0,,0.0,0.0,0.0,0.0,0.0,0.0,0.0,0.0,0.0,0.0,0.0,0.0,,0.0,0.0,0.0,0.0,0.0
2025-03-30_Philadelphia76ers_TorontoRaptors,2025-03-30,Philadelphia 76ers,Toronto Raptors,50.0,50.0,0.0,0.0,0.0,0.0,AWAY,N/A,109,127,AWAY,1.0,2025-11-25 12:39:01,0.0,0.0,0.0,0.0,0.0,0.0,0.0,0.0,0.0,0.0,0.0,,0.0,0.0,0.0,0.0,0.0,0.0,0.0,0.0,0.0,0.0,0.0,0.0,,0.0,0.0,0.0,0.0,0.0
2025-03-31_PhoenixSuns_HoustonRockets,2025-03-31,Phoenix Suns,Houston Rockets,50.0,50.0,0.0,0.0,0.0,0.0,AWAY,N/A,109,148,AWAY,1.0,2025-11-25 12:39:01,0.0,0.0,0.0,0.0,0.0,0.0,0.0,0.0,0.0,0.0,0.0,,0.0,0.0,0.0,0.0,0.0,0.0,0.0,0.0,0.0,0.0,0.0,0.0,,0.0,0.0,0.0,0.0,0.0
2025-03-31_CharlotteHornets_UtahJazz,2025-03-31,Charlotte Hornets,Utah Jazz,50.0,50.0,0.0,0.0,0.0,0.0,AWAY,N/A,110,106,HOME,0.0,2025-11-25 12:39:01,0.0,0.0,0.0,0.0,0.0,0.0,0.0,0.0,0.0,0.0,0.0,,0.0,0.0,0.0,0.0,0.0,0.0,0.0,0.0,0.0,0.0,0.0,0.0,,0.0,0.0,0.0,0.0,0.0
2025-03-31_IndianaPacers_SacramentoKings,2025-03-31,Indiana Pacers,Sacramento Kings,50.0,50.0,0.0,0.0,0.0,0.0,AWAY,N/A,111,109,HOME,0.0,2025-11-25 12:39:01,0.0,0.0,0.0,0.0,0.0,0.0,0.0,0.0,0.0,0.0,0.0,,0.0,0.0,0.0,0.0,0.0,0.0,0.0,0.0,0.0,0.0,0.0,0.0,,0.0,0.0,0.0,0.0,0.0
2025-03-31_OrlandoMagic_LAClippers,2025-03-31,Orlando Magic,LA Clippers,50.0,50.0,0.0,0.0,0.0,0.0,AWAY,N/A,87,96,AWAY,1.0,2025-11-25 12:39:01,0.0,0.0,0.0,0.0,0.0,0.0,0.0,0.0,0.0,0.0,0.0,,0.0,0.0,0.0,0.0,0.0,0.0,0.0,0.0,0.0,0.0,0.0,0.0,,0.0,0.0,0.0,0.0,0.0
2025-03-31_WashingtonWizards_MiamiHeat,2025-03-31,Washington Wizards,Miami Heat,50.0,50.0,0.0,0.0,0.0,0.0,AWAY,N/A,94,120,AWAY,1.0,2025-11-25 12:39:01,0.0,0.0,0.0,0.0,0.0,0.0,0.0,0.0,0.0,0.0,0.0,,0.0,0.0,0.0,0.0,0.0,0.0,0.0,0.0,0.0,0.0,0.0,0.0,,0.0,0.0,0.0,0.0,0.0
2025-03-31_MemphisGrizzlies_BostonCeltics,2025-03-31,Memphis Grizzlies,Boston Celtics,50.0,50.0,0.0,0.0,0.0,0.0,AWAY,N/A,103,117,AWAY,1.0,2025-11-25 12:39:01,0.0,0.0,0.0,0.0,0.0,0.0,0.0,0.0,0.0,0.0,0.0,,0.0,0.0,0.0,0.0,0.0,0.0,0.0,0.0,0.0,0.0,0.0,0.0,,0.0,0.0,0.0,0.0,0.0
2025-04-01_OklahomaCityThunder_ChicagoBulls,2025-04-01,Oklahoma City Thunder,Chicago Bulls,50.0,50.0,0.0,0.0,0.0,0.0,AWAY,N/A,145,117,HOME,0.0,2025-11-25 12:39:01,0.0,0.0,0.0,0.0,0.0,0.0,0.0,0.0,0.0,0.0,0.0,,0.0,0.0,0.0,0.0,0.0,0.0,0.0,0.0,0.0,0.0,0.0,0.0,,0.0,0.0,0.0,0.0,0.0
2025-04-01_DallasMavericks_BrooklynNets,2025-04-01,Dallas Mavericks,Brooklyn Nets,50.0,50.0,0.0,0.0,0.0,0.0,AWAY,N/A,109,113,AWAY,1.0,2025-11-25 12:39:01,0.0,0.0,0.0,0.0,0.0,0.0,0.0,0.0,0.0,0.0,0.0,,0.0,0.0,0.0,0.0,0.0,0.0,0.0,0.0,0.0,0.0,0.0,0.0,,0.0,0.0,0.0,0.0,0.0
2025-04-01_LosAngelesLakers_HoustonRockets,2025-04-01,Los Angeles Lakers,Houston Rockets,50.0,50.0,0.0,0.0,0.0,0.0,AWAY,N/A,104,98,HOME,0.0,2025-11-25 12:39:01,0.0,0.0,0.0,0.0,0.0,0.0,0.0,0.0,0.0,0.0,0.0,,0.0,0.0,0.0,0.0,0.0,0.0,0.0,0.0,0.0,0.0,0.0,0.0,,0.0,0.0,0.0,0.0,0.0
2025-04-01_AtlantaHawks_PortlandTrailBlazers,2025-04-01,Atlanta Hawks,Portland Trail Blazers,50.0,50.0,0.0,0.0,0.0,0.0,AWAY,N/A,113,127,AWAY,1.0,2025-11-25 12:39:01,0.0,0.0,0.0,0.0,0.0,0.0,0.0,0.0,0.0,0.0,0.0,,0.0,0.0,0.0,0.0,0.0,0.0,0.0,0.0,0.0,0.0,0.0,0.0,,0.0,0.0,0.0,0.0,0.0
2025-04-01_NewYorkKnicks_Philadelphia76ers,2025-04-01,New York Knicks,Philadelphia 76ers,50.0,50.0,0.0,0.0,0.0,0.0,AWAY,N/A,105,91,HOME,0.0,2025-11-25 12:39:01,0.0,0.0,0.0,0.0,0.0,0.0,0.0,0.0,0.0,0.0,0.0,,0.0,0.0,0.0,0.0,0.0,0.0,0.0,0.0,0.0,0.0,0.0,0.0,,0.0,0.0,0.0,0.0,0.0
2025-04-01_MilwaukeeBucks_PhoenixSuns,2025-04-01,Milwaukee Bucks,Phoenix Suns,50.0,50.0,0.0,0.0,0.0,0.0,AWAY,N/A,133,123,HOME,0.0,2025-11-25 12:39:01,0.0,0.0,0.0,0.0,0.0,0.0,0.0,0.0,0.0,0.0,0.0,,0.0,0.0,0.0,0.0,0.0,0.0,0.0,0.0,0.0,0.0,0.0,0.0,,0.0,0.0,0.0,0.0,0.0
2025-04-02_SanAntonioSpurs_OrlandoMagic,2025-04-02,San Antonio Spurs,Orlando Magic,50.0,50.0,0.0,0.0,0.0,0.0,AWAY,N/A,105,116,AWAY,1.0,2025-11-25 12:39:01,0.0,0.0,0.0,0.0,0.0,0.0,0.0,0.0,0.0,0.0,0.0,,0.0,0.0,0.0,0.0,0.0,0.0,0.0,0.0,0.0,0.0,0.0,0.0,,0.0,0.0,0.0,0.0,0.0
2025-04-02_ChicagoBulls_TorontoRaptors,2025-04-02,Chicago Bulls,Toronto Raptors,50.0,50.0,0.0,0.0,0.0,0.0,AWAY,N/A,137,118,HOME,0.0,2025-11-25 12:39:01,0.0,0.0,0.0,0.0,0.0,0.0,0.0,0.0,0.0,0.0,0.0,,0.0,0.0,0.0,0.0,0.0,0.0,0.0,0.0,0.0,0.0,0.0,0.0,,0.0,0.0,0.0,0.0,0.0
2025-04-02_MemphisGrizzlies_GoldenStateWarriors,2025-04-02,Memphis Grizzlies,Golden State Warriors,50.0,50.0,0.0,0.0,0.0,0.0,AWAY,N/A,125,134,AWAY,1.0,2025-11-25 12:39:01,0.0,0.0,0.0,0.0,0.0,0.0,0.0,0.0,0.0,0.0,0.0,,0.0,0.0,0.0,0.0,0.0,0.0,0.0,0.0,0.0,0.0,0.0,0.0,,0.0,0.0,0.0,0.0,0.0
2025-04-02_DenverNuggets_MinnesotaTimberwolves,2025-04-02,Denver Nuggets,Minnesota Timberwolves,50.0,50.0,0.0,0.0,0.0,0.0,AWAY,N/A,139,140,AWAY,1.0,2025-11-25 12:39:01,0.0,0.0,0.0,0.0,0.0,0.0,0.0,0.0,0.0,0.0,0.0,,0.0,0.0,0.0,0.0,0.0,0.0,0.0,0.0,0.0,0.0,0.0,0.0,,0.0,0.0,0.0,0.0,0.0
2025-04-02_ClevelandCavaliers_NewYorkKnicks,2025-04-02,Cleveland Cavaliers,New York Knicks,50.0,50.0,0.0,0.0,0.0,0.0,AWAY,N/A,124,105,HOME,0.0,2025-11-25 12:39:01,0.0,0.0,0.0,0.0,0.0,0.0,0.0,0.0,0.0,0.0,0.0,,0.0,0.0,0.0,0.0,0.0,0.0,0.0,0.0,0.0,0.0,0.0,0.0,,0.0,0.0,0.0,0.0,0.0
2025-04-02_IndianaPacers_CharlotteHornets,2025-04-02,Indiana Pacers,Charlotte Hornets,50.0,50.0,0.0,0.0,0.0,0.0,AWAY,N/A,119,105,HOME,0.0,2025-11-25 12:39:01,0.0,0.0,0.0,0.0,0.0,0.0,0.0,0.0,0.0,0.0,0.0,,0.0,0.0,0.0,0.0,0.0,0.0,0.0,0.0,0.0,0.0,0.0,0.0,,0.0,0.0,0.0,0.0,0.0
2025-04-02_WashingtonWizards_SacramentoKings,2025-04-02,Washington Wizards,Sacramento Kings,50.0,50.0,0.0,0.0,0.0,0.0,AWAY,N/A,116,111,HOME,0.0,2025-11-25 12:39:01,0.0,0.0,0.0,0.0,0.0,0.0,0.0,0.0,0.0,0.0,0.0,,0.0,0.0,0.0,0.0,0.0,0.0,0.0,0.0,0.0,0.0,0.0,0.0,,0.0,0.0,0.0,0.0,0.0
2025-04-02_BostonCeltics_MiamiHeat,2025-04-02,Boston Celtics,Miami Heat,50.0,50.0,0.0,0.0,0.0,0.0,AWAY,N/A,103,124,AWAY,1.0,2025-11-25 12:39:01,0.0,0.0,0.0,0.0,0.0,0.0,0.0,0.0,0.0,0.0,0.0,,0.0,0.0,0.0,0.0,0.0,0.0,0.0,0.0,0.0,0.0,0.0,0.0,,0.0,0.0,0.0,0.0,0.0
2025-04-03_HoustonRockets_UtahJazz,2025-04-03,Houston Rockets,Utah Jazz,50.0,50.0,0.0,0.0,0.0,0.0,AWAY,N/A,143,105,HOME,0.0,2025-11-25 12:39:01,0.0,0.0,0.0,0.0,0.0,0.0,0.0,0.0,0.0,0.0,0.0,,0.0,0.0,0.0,0.0,0.0,0.0,0.0,0.0,0.0,0.0,0.0,0.0,,0.0,0.0,0.0,0.0,0.0
2025-04-03_DallasMavericks_AtlantaHawks,2025-04-03,Dallas Mavericks,Atlanta Hawks,50.0,50.0,0.0,0.0,0.0,0.0,AWAY,N/A,120,118,HOME,0.0,2025-11-25 12:39:01,0.0,0.0,0.0,0.0,0.0,0.0,0.0,0.0,0.0,0.0,0.0,,0.0,0.0,0.0,0.0,0.0,0.0,0.0,0.0,0.0,0.0,0.0,0.0,,0.0,0.0,0.0,0.0,0.0
2025-04-03_DenverNuggets_SanAntonioSpurs,2025-04-03,Denver Nuggets,San Antonio Spurs,50.0,50.0,0.0,0.0,0.0,0.0,AWAY,N/A,106,113,AWAY,1.0,2025-11-25 12:39:01,0.0,0.0,0.0,0.0,0.0,0.0,0.0,0.0,0.0,0.0,0.0,,0.0,0.0,0.0,0.0,0.0,0.0,0.0,0.0,0.0,0.0,0.0,0.0,,0.0,0.0,0.0,0.0,0.0
2025-04-03_OklahomaCityThunder_DetroitPistons,2025-04-03,Oklahoma City Thunder,Detroit Pistons,50.0,50.0,0.0,0.0,0.0,0.0,AWAY,N/A,119,103,HOME,0.0,2025-11-25 12:39:01,0.0,0.0,0.0,0.0,0.0,0.0,0.0,0.0,0.0,0.0,0.0,,0.0,0.0,0.0,0.0,0.0,0.0,0.0,0.0,0.0,0.0,0.0,0.0,,0.0,0.0,0.0,0.0,0.0
2025-04-03_LAClippers_NewOrleansPelicans,2025-04-03,LA Clippers,New Orleans Pelicans,50.0,50.0,0.0,0.0,0.0,0.0,AWAY,N/A,114,98,HOME,0.0,2025-11-25 12:39:01,0.0,0.0,0.0,0.0,0.0,0.0,0.0,0.0,0.0,0.0,0.0,,0.0,0.0,0.0,0.0,0.0,0.0,0.0,0.0,0.0,0.0,0.0,0.0,,0.0,0.0,0.0,0.0,0.0
2025-04-03_WashingtonWizards_OrlandoMagic,2025-04-03,Washington Wizards,Orlando Magic,50.0,50.0,0.0,0.0,0.0,0.0,AWAY,N/A,97,109,AWAY,1.0,2025-11-25 12:39:01,0.0,0.0,0.0,0.0,0.0,0.0,0.0,0.0,0.0,0.0,0.0,,0.0,0.0,0.0,0.0,0.0,0.0,0.0,0.0,0.0,0.0,0.0,0.0,,0.0,0.0,0.0,0.0,0.0
2025-04-03_Philadelphia76ers_MilwaukeeBucks,2025-04-03,Philadelphia 76ers,Milwaukee Bucks,50.0,50.0,0.0,0.0,0.0,0.0,AWAY,N/A,113,126,AWAY,1.0,2025-11-25 12:39:01,0.0,0.0,0.0,0.0,0.0,0.0,0.0,0.0,0.0,0.0,0.0,,0.0,0.0,0.0,0.0,0.0,0.0,0.0,0.0,0.0,0.0,0.0,0.0,,0.0,0.0,0.0,0.0,0.0
2025-04-03_BrooklynNets_MinnesotaTimberwolves,2025-04-03,Brooklyn Nets,Minnesota Timberwolves,50.0,50.0,0.0,0.0,0.0,0.0,AWAY,N/A,90,105,AWAY,1.0,2025-11-25 12:39:01,0.0,0.0,0.0,0.0,0.0,0.0,0.0,0.0,0.0,0.0,0.0,,0.0,0.0,0.0,0.0,0.0,0.0,0.0,0.0,0.0,0.0,0.0,0.0,,0.0,0.0,0.0,0.0,0.0
2025-04-03_MiamiHeat_MemphisGrizzlies,2025-04-03,Miami Heat,Memphis Grizzlies,50.0,50.0,0.0,0.0,0.0,0.0,AWAY,N/A,108,110,AWAY,1.0,2025-11-25 12:39:01,0.0,0.0,0.0,0.0,0.0,0.0,0.0,0.0,0.0,0.0,0.0,,0.0,0.0,0.0,0.0,0.0,0.0,0.0,0.0,0.0,0.0,0.0,0.0,,0.0,0.0,0.0,0.0,0.0
2025-04-03_TorontoRaptors_PortlandTrailBlazers,2025-04-03,Toronto Raptors,Portland Trail Blazers,50.0,50.0,0.0,0.0,0.0,0.0,AWAY,N/A,103,112,AWAY,1.0,2025-11-25 12:39:01,0.0,0.0,0.0,0.0,0.0,0.0,0.0,0.0,0.0,0.0,0.0,,0.0,0.0,0.0,0.0,0.0,0.0,0.0,0.0,0.0,0.0,0.0,0.0,,0.0,0.0,0.0,0.0,0.0
2025-04-04_LosAngelesLakers_GoldenStateWarriors,2025-04-04,Los Angeles Lakers,Golden State Warriors,50.0,50.0,0.0,0.0,0.0,0.0,AWAY,N/A,116,123,AWAY,1.0,2025-11-25 12:39:01,0.0,0.0,0.0,0.0,0.0,0.0,0.0,0.0,0.0,0.0,0.0,,0.0,0.0,0.0,0.0,0.0,0.0,0.0,0.0,0.0,0.0,0.0,0.0,,0.0,0.0,0.0,0.0,0.0
2025-04-04_CharlotteHornets_SacramentoKings,2025-04-04,Charlotte Hornets,Sacramento Kings,50.0,50.0,0.0,0.0,0.0,0.0,AWAY,N/A,102,125,AWAY,1.0,2025-11-25 12:39:01,0.0,0.0,0.0,0.0,0.0,0.0,0.0,0.0,0.0,0.0,0.0,,0.0,0.0,0.0,0.0,0.0,0.0,0.0,0.0,0.0,0.0,0.0,0.0,,0.0,0.0,0.0,0.0,0.0
2025-04-04_IndianaPacers_UtahJazz,2025-04-04,Indiana Pacers,Utah Jazz,50.0,50.0,0.0,0.0,0.0,0.0,AWAY,N/A,140,112,HOME,0.0,2025-11-25 12:39:01,0.0,0.0,0.0,0.0,0.0,0.0,0.0,0.0,0.0,0.0,0.0,,0.0,0.0,0.0,0.0,0.0,0.0,0.0,0.0,0.0,0.0,0.0,0.0,,0.0,0.0,0.0,0.0,0.0
2025-04-04_BostonCeltics_PhoenixSuns,2025-04-04,Boston Celtics,Phoenix Suns,50.0,50.0,0.0,0.0,0.0,0.0,AWAY,N/A,123,103,HOME,0.0,2025-11-25 12:39:01,0.0,0.0,0.0,0.0,0.0,0.0,0.0,0.0,0.0,0.0,0.0,,0.0,0.0,0.0,0.0,0.0,0.0,0.0,0.0,0.0,0.0,0.0,0.0,,0.0,0.0,0.0,0.0,0.0
2025-04-04_TorontoRaptors_DetroitPistons,2025-04-04,Toronto Raptors,Detroit Pistons,50.0,50.0,0.0,0.0,0.0,0.0,AWAY,N/A,105,117,AWAY,1.0,2025-11-25 12:39:01,0.0,0.0,0.0,0.0,0.0,0.0,0.0,0.0,0.0,0.0,0.0,,0.0,0.0,0.0,0.0,0.0,0.0,0.0,0.0,0.0,0.0,0.0,0.0,,0.0,0.0,0.0,0.0,0.0
2025-04-05_ChicagoBulls_PortlandTrailBlazers,2025-04-05,Chicago Bulls,Portland Trail Blazers,50.0,50.0,0.0,0.0,0.0,0.0,AWAY,N/A,118,113,HOME,0.0,2025-11-25 12:39:01,0.0,0.0,0.0,0.0,0.0,0.0,0.0,0.0,0.0,0.0,0.0,,0.0,0.0,0.0,0.0,0.0,0.0,0.0,0.0,0.0,0.0,0.0,0.0,,0.0,0.0,0.0,0.0,0.0
2025-04-05_HoustonRockets_OklahomaCityThunder,2025-04-05,Houston Rockets,Oklahoma City Thunder,50.0,50.0,0.0,0.0,0.0,0.0,AWAY,N/A,125,111,HOME,0.0,2025-11-25 12:39:01,0.0,0.0,0.0,0.0,0.0,0.0,0.0,0.0,0.0,0.0,0.0,,0.0,0.0,0.0,0.0,0.0,0.0,0.0,0.0,0.0,0.0,0.0,0.0,,0.0,0.0,0.0,0.0,0.0
2025-04-05_SanAntonioSpurs_ClevelandCavaliers,2025-04-05,San Antonio Spurs,Cleveland Cavaliers,50.0,50.0,0.0,0.0,0.0,0.0,AWAY,N/A,113,114,AWAY,1.0,2025-11-25 12:39:01,0.0,0.0,0.0,0.0,0.0,0.0,0.0,0.0,0.0,0.0,0.0,,0.0,0.0,0.0,0.0,0.0,0.0,0.0,0.0,0.0,0.0,0.0,0.0,,0.0,0.0,0.0,0.0,0.0
2025-04-05_GoldenStateWarriors_DenverNuggets,2025-04-05,Golden State Warriors,Denver Nuggets,50.0,50.0,0.0,0.0,0.0,0.0,AWAY,N/A,118,104,HOME,0.0,2025-11-25 12:39:01,0.0,0.0,0.0,0.0,0.0,0.0,0.0,0.0,0.0,0.0,0.0,,0.0,0.0,0.0,0.0,0.0,0.0,0.0,0.0,0.0,0.0,0.0,0.0,,0.0,0.0,0.0,0.0,0.0
2025-04-05_LosAngelesLakers_NewOrleansPelicans,2025-04-05,Los Angeles Lakers,New Orleans Pelicans,50.0,50.0,0.0,0.0,0.0,0.0,AWAY,N/A,124,108,HOME,0.0,2025-11-25 12:39:01,0.0,0.0,0.0,0.0,0.0,0.0,0.0,0.0,0.0,0.0,0.0,,0.0,0.0,0.0,0.0,0.0,0.0,0.0,0.0,0.0,0.0,0.0,0.0,,0.0,0.0,0.0,0.0,0.0
2025-04-05_LAClippers_DallasMavericks,2025-04-05,LA Clippers,Dallas Mavericks,50.0,50.0,0.0,0.0,0.0,0.0,AWAY,N/A,114,91,HOME,0.0,2025-11-25 12:39:01,0.0,0.0,0.0,0.0,0.0,0.0,0.0,0.0,0.0,0.0,0.0,,0.0,0.0,0.0,0.0,0.0,0.0,0.0,0.0,0.0,0.0,0.0,0.0,,0.0,0.0,0.0,0.0,0.0
2025-04-05_AtlantaHawks_NewYorkKnicks,2025-04-05,Atlanta Hawks,New York Knicks,50.0,50.0,0.0,0.0,0.0,0.0,AWAY,N/A,105,121,AWAY,1.0,2025-11-25 12:39:01,0.0,0.0,0.0,0.0,0.0,0.0,0.0,0.0,0.0,0.0,0.0,,0.0,0.0,0.0,0.0,0.0,0.0,0.0,0.0,0.0,0.0,0.0,0.0,,0.0,0.0,0.0,0.0,0.0
2025-04-05_DetroitPistons_MemphisGrizzlies,2025-04-05,Detroit Pistons,Memphis Grizzlies,50.0,50.0,0.0,0.0,0.0,0.0,AWAY,N/A,103,109,AWAY,1.0,2025-11-25 12:39:01,0.0,0.0,0.0,0.0,0.0,0.0,0.0,0.0,0.0,0.0,0.0,,0.0,0.0,0.0,0.0,0.0,0.0,0.0,0.0,0.0,0.0,0.0,0.0,,0.0,0.0,0.0,0.0,0.0
2025-04-05_Philadelphia76ers_MinnesotaTimberwolves,2025-04-05,Philadelphia 76ers,Minnesota Timberwolves,50.0,50.0,0.0,0.0,0.0,0.0,AWAY,N/A,109,114,AWAY,1.0,2025-11-25 12:39:01,0.0,0.0,0.0,0.0,0.0,0.0,0.0,0.0,0.0,0.0,0.0,,0.0,0.0,0.0,0.0,0.0,0.0,0.0,0.0,0.0,0.0,0.0,0.0,,0.0,0.0,0.0,0.0,0.0
2025-04-06_MiamiHeat_MilwaukeeBucks,2025-04-06,Miami Heat,Milwaukee Bucks,50.0,50.0,0.0,0.0,0.0,0.0,AWAY,N/A,115,121,AWAY,1.0,2025-11-25 12:39:01,0.0,0.0,0.0,0.0,0.0,0.0,0.0,0.0,0.0,0.0,0.0,,0.0,0.0,0.0,0.0,0.0,0.0,0.0,0.0,0.0,0.0,0.0,0.0,,0.0,0.0,0.0,0.0,0.0
2025-04-06_LAClippers_DallasMavericks,2025-04-06,LA Clippers,Dallas Mavericks,50.0,50.0,0.0,0.0,0.0,0.0,AWAY,N/A,135,104,HOME,0.0,2025-11-25 12:39:01,0.0,0.0,0.0,0.0,0.0,0.0,0.0,0.0,0.0,0.0,0.0,,0.0,0.0,0.0,0.0,0.0,0.0,0.0,0.0,0.0,0.0,0.0,0.0,,0.0,0.0,0.0,0.0,0.0
2025-04-06_CharlotteHornets_ChicagoBulls,2025-04-06,Charlotte Hornets,Chicago Bulls,50.0,50.0,0.0,0.0,0.0,0.0,AWAY,N/A,117,131,AWAY,1.0,2025-11-25 12:39:01,0.0,0.0,0.0,0.0,0.0,0.0,0.0,0.0,0.0,0.0,0.0,,0.0,0.0,0.0,0.0,0.0,0.0,0.0,0.0,0.0,0.0,0.0,0.0,,0.0,0.0,0.0,0.0,0.0
2025-04-06_BrooklynNets_TorontoRaptors,2025-04-06,Brooklyn Nets,Toronto Raptors,50.0,50.0,0.0,0.0,0.0,0.0,AWAY,N/A,109,120,AWAY,1.0,2025-11-25 12:39:01,0.0,0.0,0.0,0.0,0.0,0.0,0.0,0.0,0.0,0.0,0.0,,0.0,0.0,0.0,0.0,0.0,0.0,0.0,0.0,0.0,0.0,0.0,0.0,,0.0,0.0,0.0,0.0,0.0
2025-04-06_OklahomaCityThunder_LosAngelesLakers,2025-04-06,Oklahoma City Thunder,Los Angeles Lakers,50.0,50.0,0.0,0.0,0.0,0.0,AWAY,N/A,99,126,AWAY,1.0,2025-11-25 12:39:01,0.0,0.0,0.0,0.0,0.0,0.0,0.0,0.0,0.0,0.0,0.0,,0.0,0.0,0.0,0.0,0.0,0.0,0.0,0.0,0.0,0.0,0.0,0.0,,0.0,0.0,0.0,0.0,0.0
2025-04-06_AtlantaHawks_UtahJazz,2025-04-06,Atlanta Hawks,Utah Jazz,50.0,50.0,0.0,0.0,0.0,0.0,AWAY,N/A,147,134,HOME,0.0,2025-11-25 12:39:01,0.0,0.0,0.0,0.0,0.0,0.0,0.0,0.0,0.0,0.0,0.0,,0.0,0.0,0.0,0.0,0.0,0.0,0.0,0.0,0.0,0.0,0.0,0.0,,0.0,0.0,0.0,0.0,0.0
2025-04-06_BostonCeltics_WashingtonWizards,2025-04-06,Boston Celtics,Washington Wizards,50.0,50.0,0.0,0.0,0.0,0.0,AWAY,N/A,124,90,HOME,0.0,2025-11-25 12:39:01,0.0,0.0,0.0,0.0,0.0,0.0,0.0,0.0,0.0,0.0,0.0,,0.0,0.0,0.0,0.0,0.0,0.0,0.0,0.0,0.0,0.0,0.0,0.0,,0.0,0.0,0.0,0.0,0.0
2025-04-06_ClevelandCavaliers_SacramentoKings,2025-04-06,Cleveland Cavaliers,Sacramento Kings,50.0,50.0,0.0,0.0,0.0,0.0,AWAY,N/A,113,120,AWAY,1.0,2025-11-25 12:39:01,0.0,0.0,0.0,0.0,0.0,0.0,0.0,0.0,0.0,0.0,0.0,,0.0,0.0,0.0,0.0,0.0,0.0,0.0,0.0,0.0,0.0,0.0,0.0,,0.0,0.0,0.0,0.0,0.0
2025-04-06_PortlandTrailBlazers_SanAntonioSpurs,2025-04-06,Portland Trail Blazers,San Antonio Spurs,50.0,50.0,0.0,0.0,0.0,0.0,AWAY,N/A,120,109,HOME,0.0,2025-11-25 12:39:01,0.0,0.0,0.0,0.0,0.0,0.0,0.0,0.0,0.0,0.0,0.0,,0.0,0.0,0.0,0.0,0.0,0.0,0.0,0.0,0.0,0.0,0.0,0.0,,0.0,0.0,0.0,0.0,0.0
2025-04-06_NewYorkKnicks_PhoenixSuns,2025-04-06,New York Knicks,Phoenix Suns,50.0,50.0,0.0,0.0,0.0,0.0,AWAY,N/A,112,98,HOME,0.0,2025-11-25 12:39:01,0.0,0.0,0.0,0.0,0.0,0.0,0.0,0.0,0.0,0.0,0.0,,0.0,0.0,0.0,0.0,0.0,0.0,0.0,0.0,0.0,0.0,0.0,0.0,,0.0,0.0,0.0,0.0,0.0
2025-04-07_DenverNuggets_IndianaPacers,2025-04-07,Denver Nuggets,Indiana Pacers,50.0,50.0,0.0,0.0,0.0,0.0,AWAY,N/A,120,125,AWAY,1.0,2025-11-25 12:39:01,0.0,0.0,0.0,0.0,0.0,0.0,0.0,0.0,0.0,0.0,0.0,,0.0,0.0,0.0,0.0,0.0,0.0,0.0,0.0,0.0,0.0,0.0,0.0,,0.0,0.0,0.0,0.0,0.0
2025-04-07_GoldenStateWarriors_HoustonRockets,2025-04-07,Golden State Warriors,Houston Rockets,50.0,50.0,0.0,0.0,0.0,0.0,AWAY,N/A,96,106,AWAY,1.0,2025-11-25 12:39:01,0.0,0.0,0.0,0.0,0.0,0.0,0.0,0.0,0.0,0.0,0.0,,0.0,0.0,0.0,0.0,0.0,0.0,0.0,0.0,0.0,0.0,0.0,0.0,,0.0,0.0,0.0,0.0,0.0
2025-04-07_NewOrleansPelicans_MilwaukeeBucks,2025-04-07,New Orleans Pelicans,Milwaukee Bucks,50.0,50.0,0.0,0.0,0.0,0.0,AWAY,N/A,107,111,AWAY,1.0,2025-11-25 12:39:01,0.0,0.0,0.0,0.0,0.0,0.0,0.0,0.0,0.0,0.0,0.0,,0.0,0.0,0.0,0.0,0.0,0.0,0.0,0.0,0.0,0.0,0.0,0.0,,0.0,0.0,0.0,0.0,0.0
2025-04-07_DetroitPistons_SacramentoKings,2025-04-07,Detroit Pistons,Sacramento Kings,50.0,50.0,0.0,0.0,0.0,0.0,AWAY,N/A,117,127,AWAY,1.0,2025-11-25 12:39:01,0.0,0.0,0.0,0.0,0.0,0.0,0.0,0.0,0.0,0.0,0.0,,0.0,0.0,0.0,0.0,0.0,0.0,0.0,0.0,0.0,0.0,0.0,0.0,,0.0,0.0,0.0,0.0,0.0
2025-04-07_MiamiHeat_Philadelphia76ers,2025-04-07,Miami Heat,Philadelphia 76ers,50.0,50.0,0.0,0.0,0.0,0.0,AWAY,N/A,117,105,HOME,0.0,2025-11-25 12:39:01,0.0,0.0,0.0,0.0,0.0,0.0,0.0,0.0,0.0,0.0,0.0,,0.0,0.0,0.0,0.0,0.0,0.0,0.0,0.0,0.0,0.0,0.0,0.0,,0.0,0.0,0.0,0.0,0.0
2025-04-08_CharlotteHornets_MemphisGrizzlies,2025-04-08,Charlotte Hornets,Memphis Grizzlies,50.0,50.0,0.0,0.0,0.0,0.0,AWAY,N/A,100,124,AWAY,1.0,2025-11-25 12:39:01,0.0,0.0,0.0,0.0,0.0,0.0,0.0,0.0,0.0,0.0,0.0,,0.0,0.0,0.0,0.0,0.0,0.0,0.0,0.0,0.0,0.0,0.0,0.0,,0.0,0.0,0.0,0.0,0.0
2025-04-08_ClevelandCavaliers_ChicagoBulls,2025-04-08,Cleveland Cavaliers,Chicago Bulls,50.0,50.0,0.0,0.0,0.0,0.0,AWAY,N/A,135,113,HOME,0.0,2025-11-25 12:39:01,0.0,0.0,0.0,0.0,0.0,0.0,0.0,0.0,0.0,0.0,0.0,,0.0,0.0,0.0,0.0,0.0,0.0,0.0,0.0,0.0,0.0,0.0,0.0,,0.0,0.0,0.0,0.0,0.0
2025-04-08_IndianaPacers_WashingtonWizards,2025-04-08,Indiana Pacers,Washington Wizards,50.0,50.0,0.0,0.0,0.0,0.0,AWAY,N/A,104,98,HOME,0.0,2025-11-25 12:39:01,0.0,0.0,0.0,0.0,0.0,0.0,0.0,0.0,0.0,0.0,0.0,,0.0,0.0,0.0,0.0,0.0,0.0,0.0,0.0,0.0,0.0,0.0,0.0,,0.0,0.0,0.0,0.0,0.0
2025-04-08_OrlandoMagic_AtlantaHawks,2025-04-08,Orlando Magic,Atlanta Hawks,50.0,50.0,0.0,0.0,0.0,0.0,AWAY,N/A,119,112,HOME,0.0,2025-11-25 12:39:01,0.0,0.0,0.0,0.0,0.0,0.0,0.0,0.0,0.0,0.0,0.0,,0.0,0.0,0.0,0.0,0.0,0.0,0.0,0.0,0.0,0.0,0.0,0.0,,0.0,0.0,0.0,0.0,0.0
2025-04-08_BrooklynNets_NewOrleansPelicans,2025-04-08,Brooklyn Nets,New Orleans Pelicans,50.0,50.0,0.0,0.0,0.0,0.0,AWAY,N/A,119,114,HOME,0.0,2025-11-25 12:39:01,0.0,0.0,0.0,0.0,0.0,0.0,0.0,0.0,0.0,0.0,0.0,,0.0,0.0,0.0,0.0,0.0,0.0,0.0,0.0,0.0,0.0,0.0,0.0,,0.0,0.0,0.0,0.0,0.0
2025-04-08_NewYorkKnicks_BostonCeltics,2025-04-08,New York Knicks,Boston Celtics,50.0,50.0,0.0,0.0,0.0,0.0,AWAY,N/A,117,119,AWAY,1.0,2025-11-25 12:39:01,0.0,0.0,0.0,0.0,0.0,0.0,0.0,0.0,0.0,0.0,0.0,,0.0,0.0,0.0,0.0,0.0,0.0,0.0,0.0,0.0,0.0,0.0,0.0,,0.0,0.0,0.0,0.0,0.0
2025-04-09_MilwaukeeBucks_MinnesotaTimberwolves,2025-04-09,Milwaukee Bucks,Minnesota Timberwolves,50.0,50.0,0.0,0.0,0.0,0.0,AWAY,N/A,110,103,HOME,0.0,2025-11-25 12:39:01,0.0,0.0,0.0,0.0,0.0,0.0,0.0,0.0,0.0,0.0,0.0,,0.0,0.0,0.0,0.0,0.0,0.0,0.0,0.0,0.0,0.0,0.0,0.0,,0.0,0.0,0.0,0.0,0.0
2025-04-09_OklahomaCityThunder_LosAngelesLakers,2025-04-09,Oklahoma City Thunder,Los Angeles Lakers,50.0,50.0,0.0,0.0,0.0,0.0,AWAY,N/A,136,120,HOME,0.0,2025-11-25 12:39:01,0.0,0.0,0.0,0.0,0.0,0.0,0.0,0.0,0.0,0.0,0.0,,0.0,0.0,0.0,0.0,0.0,0.0,0.0,0.0,0.0,0.0,0.0,0.0,,0.0,0.0,0.0,0.0,0.0
2025-04-09_PhoenixSuns_GoldenStateWarriors,2025-04-09,Phoenix Suns,Golden State Warriors,50.0,50.0,0.0,0.0,0.0,0.0,AWAY,N/A,95,133,AWAY,1.0,2025-11-25 12:39:01,0.0,0.0,0.0,0.0,0.0,0.0,0.0,0.0,0.0,0.0,0.0,,0.0,0.0,0.0,0.0,0.0,0.0,0.0,0.0,0.0,0.0,0.0,0.0,,0.0,0.0,0.0,0.0,0.0
2025-04-09_LAClippers_SanAntonioSpurs,2025-04-09,LA Clippers,San Antonio Spurs,50.0,50.0,0.0,0.0,0.0,0.0,AWAY,N/A,122,117,HOME,0.0,2025-11-25 12:39:01,0.0,0.0,0.0,0.0,0.0,0.0,0.0,0.0,0.0,0.0,0.0,,0.0,0.0,0.0,0.0,0.0,0.0,0.0,0.0,0.0,0.0,0.0,0.0,,0.0,0.0,0.0,0.0,0.0
2025-04-09_OrlandoMagic_BostonCeltics,2025-04-09,Orlando Magic,Boston Celtics,50.0,50.0,0.0,0.0,0.0,0.0,AWAY,N/A,96,76,HOME,0.0,2025-11-25 12:39:01,0.0,0.0,0.0,0.0,0.0,0.0,0.0,0.0,0.0,0.0,0.0,,0.0,0.0,0.0,0.0,0.0,0.0,0.0,0.0,0.0,0.0,0.0,0.0,,0.0,0.0,0.0,0.0,0.0
2025-04-09_WashingtonWizards_Philadelphia76ers,2025-04-09,Washington Wizards,Philadelphia 76ers,50.0,50.0,0.0,0.0,0.0,0.0,AWAY,N/A,103,122,AWAY,1.0,2025-11-25 12:39:01,0.0,0.0,0.0,0.0,0.0,0.0,0.0,0.0,0.0,0.0,0.0,,0.0,0.0,0.0,0.0,0.0,0.0,0.0,0.0,0.0,0.0,0.0,0.0,,0.0,0.0,0.0,0.0,0.0
2025-04-09_TorontoRaptors_CharlotteHornets,2025-04-09,Toronto Raptors,Charlotte Hornets,50.0,50.0,0.0,0.0,0.0,0.0,AWAY,N/A,126,96,HOME,0.0,2025-11-25 12:39:01,0.0,0.0,0.0,0.0,0.0,0.0,0.0,0.0,0.0,0.0,0.0,,0.0,0.0,0.0,0.0,0.0,0.0,0.0,0.0,0.0,0.0,0.0,0.0,,0.0,0.0,0.0,0.0,0.0
2025-04-09_DallasMavericks_LosAngelesLakers,2025-04-09,Dallas Mavericks,Los Angeles Lakers,50.0,50.0,0.0,0.0,0.0,0.0,AWAY,N/A,97,112,AWAY,1.0,2025-11-25 12:39:01,0.0,0.0,0.0,0.0,0.0,0.0,0.0,0.0,0.0,0.0,0.0,,0.0,0.0,0.0,0.0,0.0,0.0,0.0,0.0,0.0,0.0,0.0,0.0,,0.0,0.0,0.0,0.0,0.0
2025-04-10_ChicagoBulls_MiamiHeat,2025-04-10,Chicago Bulls,Miami Heat,50.0,50.0,0.0,0.0,0.0,0.0,AWAY,N/A,119,111,HOME,0.0,2025-11-25 12:39:01,0.0,0.0,0.0,0.0,0.0,0.0,0.0,0.0,0.0,0.0,0.0,,0.0,0.0,0.0,0.0,0.0,0.0,0.0,0.0,0.0,0.0,0.0,0.0,,0.0,0.0,0.0,0.0,0.0
2025-04-10_UtahJazz_PortlandTrailBlazers,2025-04-10,Utah Jazz,Portland Trail Blazers,50.0,50.0,0.0,0.0,0.0,0.0,AWAY,N/A,133,126,HOME,0.0,2025-11-25 12:39:01,0.0,0.0,0.0,0.0,0.0,0.0,0.0,0.0,0.0,0.0,0.0,,0.0,0.0,0.0,0.0,0.0,0.0,0.0,0.0,0.0,0.0,0.0,0.0,,0.0,0.0,0.0,0.0,0.0
2025-04-10_GoldenStateWarriors_SanAntonioSpurs,2025-04-10,Golden State Warriors,San Antonio Spurs,50.0,50.0,0.0,0.0,0.0,0.0,AWAY,N/A,111,114,AWAY,1.0,2025-11-25 12:39:01,0.0,0.0,0.0,0.0,0.0,0.0,0.0,0.0,0.0,0.0,0.0,,0.0,0.0,0.0,0.0,0.0,0.0,0.0,0.0,0.0,0.0,0.0,0.0,,0.0,0.0,0.0,0.0,0.0
2025-04-10_PhoenixSuns_OklahomaCityThunder,2025-04-10,Phoenix Suns,Oklahoma City Thunder,50.0,50.0,0.0,0.0,0.0,0.0,AWAY,N/A,112,125,AWAY,1.0,2025-11-25 12:39:01,0.0,0.0,0.0,0.0,0.0,0.0,0.0,0.0,0.0,0.0,0.0,,0.0,0.0,0.0,0.0,0.0,0.0,0.0,0.0,0.0,0.0,0.0,0.0,,0.0,0.0,0.0,0.0,0.0
2025-04-10_SacramentoKings_DenverNuggets,2025-04-10,Sacramento Kings,Denver Nuggets,50.0,50.0,0.0,0.0,0.0,0.0,AWAY,N/A,116,124,AWAY,1.0,2025-11-25 12:39:01,0.0,0.0,0.0,0.0,0.0,0.0,0.0,0.0,0.0,0.0,0.0,,0.0,0.0,0.0,0.0,0.0,0.0,0.0,0.0,0.0,0.0,0.0,0.0,,0.0,0.0,0.0,0.0,0.0
2025-04-10_LAClippers_HoustonRockets,2025-04-10,LA Clippers,Houston Rockets,50.0,50.0,0.0,0.0,0.0,0.0,AWAY,N/A,134,117,HOME,0.0,2025-11-25 12:39:01,0.0,0.0,0.0,0.0,0.0,0.0,0.0,0.0,0.0,0.0,0.0,,0.0,0.0,0.0,0.0,0.0,0.0,0.0,0.0,0.0,0.0,0.0,0.0,,0.0,0.0,0.0,0.0,0.0
2025-04-10_DetroitPistons_NewYorkKnicks,2025-04-10,Detroit Pistons,New York Knicks,50.0,50.0,0.0,0.0,0.0,0.0,AWAY,N/A,115,106,HOME,0.0,2025-11-25 12:39:01,0.0,0.0,0.0,0.0,0.0,0.0,0.0,0.0,0.0,0.0,0.0,,0.0,0.0,0.0,0.0,0.0,0.0,0.0,0.0,0.0,0.0,0.0,0.0,,0.0,0.0,0.0,0.0,0.0
2025-04-10_IndianaPacers_ClevelandCavaliers,2025-04-10,Indiana Pacers,Cleveland Cavaliers,50.0,50.0,0.0,0.0,0.0,0.0,AWAY,N/A,114,112,HOME,0.0,2025-11-25 12:39:01,0.0,0.0,0.0,0.0,0.0,0.0,0.0,0.0,0.0,0.0,0.0,,0.0,0.0,0.0,0.0,0.0,0.0,0.0,0.0,0.0,0.0,0.0,0.0,,0.0,0.0,0.0,0.0,0.0
2025-04-10_BrooklynNets_AtlantaHawks,2025-04-10,Brooklyn Nets,Atlanta Hawks,50.0,50.0,0.0,0.0,0.0,0.0,AWAY,N/A,109,133,AWAY,1.0,2025-11-25 12:39:01,0.0,0.0,0.0,0.0,0.0,0.0,0.0,0.0,0.0,0.0,0.0,,0.0,0.0,0.0,0.0,0.0,0.0,0.0,0.0,0.0,0.0,0.0,0.0,,0.0,0.0,0.0,0.0,0.0
2025-04-11_MilwaukeeBucks_NewOrleansPelicans,2025-04-11,Milwaukee Bucks,New Orleans Pelicans,50.0,50.0,0.0,0.0,0.0,0.0,AWAY,N/A,136,111,HOME,0.0,2025-11-25 12:39:01,0.0,0.0,0.0,0.0,0.0,0.0,0.0,0.0,0.0,0.0,0.0,,0.0,0.0,0.0,0.0,0.0,0.0,0.0,0.0,0.0,0.0,0.0,0.0,,0.0,0.0,0.0,0.0,0.0
2025-04-11_MemphisGrizzlies_MinnesotaTimberwolves,2025-04-11,Memphis Grizzlies,Minnesota Timberwolves,50.0,50.0,0.0,0.0,0.0,0.0,AWAY,N/A,125,141,AWAY,1.0,2025-11-25 12:39:01,0.0,0.0,0.0,0.0,0.0,0.0,0.0,0.0,0.0,0.0,0.0,,0.0,0.0,0.0,0.0,0.0,0.0,0.0,0.0,0.0,0.0,0.0,0.0,,0.0,0.0,0.0,0.0,0.0
2025-04-11_DetroitPistons_MilwaukeeBucks,2025-04-11,Detroit Pistons,Milwaukee Bucks,50.0,50.0,0.0,0.0,0.0,0.0,AWAY,N/A,119,125,AWAY,1.0,2025-11-25 12:39:01,0.0,0.0,0.0,0.0,0.0,0.0,0.0,0.0,0.0,0.0,0.0,,0.0,0.0,0.0,0.0,0.0,0.0,0.0,0.0,0.0,0.0,0.0,0.0,,0.0,0.0,0.0,0.0,0.0
2025-04-11_IndianaPacers_OrlandoMagic,2025-04-11,Indiana Pacers,Orlando Magic,50.0,50.0,0.0,0.0,0.0,0.0,AWAY,N/A,115,129,AWAY,1.0,2025-11-25 12:39:01,0.0,0.0,0.0,0.0,0.0,0.0,0.0,0.0,0.0,0.0,0.0,,0.0,0.0,0.0,0.0,0.0,0.0,0.0,0.0,0.0,0.0,0.0,0.0,,0.0,0.0,0.0,0.0,0.0
2025-04-11_Philadelphia76ers_AtlantaHawks,2025-04-11,Philadelphia 76ers,Atlanta Hawks,50.0,50.0,0.0,0.0,0.0,0.0,AWAY,N/A,110,124,AWAY,1.0,2025-11-25 12:39:01,0.0,0.0,0.0,0.0,0.0,0.0,0.0,0.0,0.0,0.0,0.0,,0.0,0.0,0.0,0.0,0.0,0.0,0.0,0.0,0.0,0.0,0.0,0.0,,0.0,0.0,0.0,0.0,0.0
2025-04-11_BostonCeltics_CharlotteHornets,2025-04-11,Boston Celtics,Charlotte Hornets,50.0,50.0,0.0,0.0,0.0,0.0,AWAY,N/A,130,94,HOME,0.0,2025-11-25 12:39:01,0.0,0.0,0.0,0.0,0.0,0.0,0.0,0.0,0.0,0.0,0.0,,0.0,0.0,0.0,0.0,0.0,0.0,0.0,0.0,0.0,0.0,0.0,0.0,,0.0,0.0,0.0,0.0,0.0
2025-04-11_NewYorkKnicks_ClevelandCavaliers,2025-04-11,New York Knicks,Cleveland Cavaliers,50.0,50.0,0.0,0.0,0.0,0.0,AWAY,N/A,102,108,AWAY,1.0,2025-11-25 12:39:01,0.0,0.0,0.0,0.0,0.0,0.0,0.0,0.0,0.0,0.0,0.0,,0.0,0.0,0.0,0.0,0.0,0.0,0.0,0.0,0.0,0.0,0.0,0.0,,0.0,0.0,0.0,0.0,0.0
2025-04-12_ChicagoBulls_WashingtonWizards,2025-04-12,Chicago Bulls,Washington Wizards,50.0,50.0,0.0,0.0,0.0,0.0,AWAY,N/A,119,89,HOME,0.0,2025-11-25 12:39:01,0.0,0.0,0.0,0.0,0.0,0.0,0.0,0.0,0.0,0.0,0.0,,0.0,0.0,0.0,0.0,0.0,0.0,0.0,0.0,0.0,0.0,0.0,0.0,,0.0,0.0,0.0,0.0,0.0
2025-04-12_NewOrleansPelicans_MiamiHeat,2025-04-12,New Orleans Pelicans,Miami Heat,50.0,50.0,0.0,0.0,0.0,0.0,AWAY,N/A,104,153,AWAY,1.0,2025-11-25 12:39:01,0.0,0.0,0.0,0.0,0.0,0.0,0.0,0.0,0.0,0.0,0.0,,0.0,0.0,0.0,0.0,0.0,0.0,0.0,0.0,0.0,0.0,0.0,0.0,,0.0,0.0,0.0,0.0,0.0
2025-04-12_DallasMavericks_TorontoRaptors,2025-04-12,Dallas Mavericks,Toronto Raptors,50.0,50.0,0.0,0.0,0.0,0.0,AWAY,N/A,124,102,HOME,0.0,2025-11-25 12:39:01,0.0,0.0,0.0,0.0,0.0,0.0,0.0,0.0,0.0,0.0,0.0,,0.0,0.0,0.0,0.0,0.0,0.0,0.0,0.0,0.0,0.0,0.0,0.0,,0.0,0.0,0.0,0.0,0.0
2025-04-12_MinnesotaTimberwolves_BrooklynNets,2025-04-12,Minnesota Timberwolves,Brooklyn Nets,50.0,50.0,0.0,0.0,0.0,0.0,AWAY,N/A,117,91,HOME,0.0,2025-11-25 12:39:01,0.0,0.0,0.0,0.0,0.0,0.0,0.0,0.0,0.0,0.0,0.0,,0.0,0.0,0.0,0.0,0.0,0.0,0.0,0.0,0.0,0.0,0.0,0.0,,0.0,0.0,0.0,0.0,0.0
2025-04-12_DenverNuggets_MemphisGrizzlies,2025-04-12,Denver Nuggets,Memphis Grizzlies,50.0,50.0,0.0,0.0,0.0,0.0,AWAY,N/A,117,109,HOME,0.0,2025-11-25 12:39:01,0.0,0.0,0.0,0.0,0.0,0.0,0.0,0.0,0.0,0.0,0.0,,0.0,0.0,0.0,0.0,0.0,0.0,0.0,0.0,0.0,0.0,0.0,0.0,,0.0,0.0,0.0,0.0,0.0
2025-04-12_UtahJazz_OklahomaCityThunder,2025-04-12,Utah Jazz,Oklahoma City Thunder,50.0,50.0,0.0,0.0,0.0,0.0,AWAY,N/A,111,145,AWAY,1.0,2025-11-25 12:39:01,0.0,0.0,0.0,0.0,0.0,0.0,0.0,0.0,0.0,0.0,0.0,,0.0,0.0,0.0,0.0,0.0,0.0,0.0,0.0,0.0,0.0,0.0,0.0,,0.0,0.0,0.0,0.0,0.0
2025-04-12_PhoenixSuns_SanAntonioSpurs,2025-04-12,Phoenix Suns,San Antonio Spurs,50.0,50.0,0.0,0.0,0.0,0.0,AWAY,N/A,117,98,HOME,0.0,2025-11-25 12:39:01,0.0,0.0,0.0,0.0,0.0,0.0,0.0,0.0,0.0,0.0,0.0,,0.0,0.0,0.0,0.0,0.0,0.0,0.0,0.0,0.0,0.0,0.0,0.0,,0.0,0.0,0.0,0.0,0.0
2025-04-12_PortlandTrailBlazers_GoldenStateWarriors,2025-04-12,Portland Trail Blazers,Golden State Warriors,50.0,50.0,0.0,0.0,0.0,0.0,AWAY,N/A,86,103,AWAY,1.0,2025-11-25 12:39:01,0.0,0.0,0.0,0.0,0.0,0.0,0.0,0.0,0.0,0.0,0.0,,0.0,0.0,0.0,0.0,0.0,0.0,0.0,0.0,0.0,0.0,0.0,0.0,,0.0,0.0,0.0,0.0,0.0
2025-04-12_SacramentoKings_LAClippers,2025-04-12,Sacramento Kings,LA Clippers,50.0,50.0,0.0,0.0,0.0,0.0,AWAY,N/A,100,101,AWAY,1.0,2025-11-25 12:39:01,0.0,0.0,0.0,0.0,0.0,0.0,0.0,0.0,0.0,0.0,0.0,,0.0,0.0,0.0,0.0,0.0,0.0,0.0,0.0,0.0,0.0,0.0,0.0,,0.0,0.0,0.0,0.0,0.0
2025-04-12_LosAngelesLakers_HoustonRockets,2025-04-12,Los Angeles Lakers,Houston Rockets,50.0,50.0,0.0,0.0,0.0,0.0,AWAY,N/A,140,109,HOME,0.0,2025-11-25 12:39:01,0.0,0.0,0.0,0.0,0.0,0.0,0.0,0.0,0.0,0.0,0.0,,0.0,0.0,0.0,0.0,0.0,0.0,0.0,0.0,0.0,0.0,0.0,0.0,,0.0,0.0,0.0,0.0,0.0
2025-04-13_AtlantaHawks_OrlandoMagic,2025-04-13,Atlanta Hawks,Orlando Magic,50.0,50.0,0.0,0.0,0.0,0.0,AWAY,N/A,117,105,HOME,0.0,2025-11-25 12:39:01,0.0,0.0,0.0,0.0,0.0,0.0,0.0,0.0,0.0,0.0,0.0,,0.0,0.0,0.0,0.0,0.0,0.0,0.0,0.0,0.0,0.0,0.0,0.0,,0.0,0.0,0.0,0.0,0.0
2025-04-13_BostonCeltics_CharlotteHornets,2025-04-13,Boston Celtics,Charlotte Hornets,50.0,50.0,0.0,0.0,0.0,0.0,AWAY,N/A,93,86,HOME,0.0,2025-11-25 12:39:01,0.0,0.0,0.0,0.0,0.0,0.0,0.0,0.0,0.0,0.0,0.0,,0.0,0.0,0.0,0.0,0.0,0.0,0.0,0.0,0.0,0.0,0.0,0.0,,0.0,0.0,0.0,0.0,0.0
2025-04-13_BrooklynNets_NewYorkKnicks,2025-04-13,Brooklyn Nets,New York Knicks,50.0,50.0,0.0,0.0,0.0,0.0,AWAY,N/A,105,113,AWAY,1.0,2025-11-25 12:39:01,0.0,0.0,0.0,0.0,0.0,0.0,0.0,0.0,0.0,0.0,0.0,,0.0,0.0,0.0,0.0,0.0,0.0,0.0,0.0,0.0,0.0,0.0,0.0,,0.0,0.0,0.0,0.0,0.0
2025-04-13_ClevelandCavaliers_IndianaPacers,2025-04-13,Cleveland Cavaliers,Indiana Pacers,50.0,50.0,0.0,0.0,0.0,0.0,AWAY,N/A,118,126,AWAY,1.0,2025-11-25 12:39:01,0.0,0.0,0.0,0.0,0.0,0.0,0.0,0.0,0.0,0.0,0.0,,0.0,0.0,0.0,0.0,0.0,0.0,0.0,0.0,0.0,0.0,0.0,0.0,,0.0,0.0,0.0,0.0,0.0
2025-04-13_MiamiHeat_WashingtonWizards,2025-04-13,Miami Heat,Washington Wizards,50.0,50.0,0.0,0.0,0.0,0.0,AWAY,N/A,118,119,AWAY,1.0,2025-11-25 12:39:01,0.0,0.0,0.0,0.0,0.0,0.0,0.0,0.0,0.0,0.0,0.0,,0.0,0.0,0.0,0.0,0.0,0.0,0.0,0.0,0.0,0.0,0.0,0.0,,0.0,0.0,0.0,0.0,0.0
2025-04-13_Philadelphia76ers_ChicagoBulls,2025-04-13,Philadelphia 76ers,Chicago Bulls,50.0,50.0,0.0,0.0,0.0,0.0,AWAY,N/A,102,122,AWAY,1.0,2025-11-25 12:39:01,0.0,0.0,0.0,0.0,0.0,0.0,0.0,0.0,0.0,0.0,0.0,,0.0,0.0,0.0,0.0,0.0,0.0,0.0,0.0,0.0,0.0,0.0,0.0,,0.0,0.0,0.0,0.0,0.0
2025-04-13_MilwaukeeBucks_DetroitPistons,2025-04-13,Milwaukee Bucks,Detroit Pistons,50.0,50.0,0.0,0.0,0.0,0.0,AWAY,N/A,140,133,HOME,0.0,2025-11-25 12:39:01,0.0,0.0,0.0,0.0,0.0,0.0,0.0,0.0,0.0,0.0,0.0,,0.0,0.0,0.0,0.0,0.0,0.0,0.0,0.0,0.0,0.0,0.0,0.0,,0.0,0.0,0.0,0.0,0.0
2025-04-13_HoustonRockets_DenverNuggets,2025-04-13,Houston Rockets,Denver Nuggets,50.0,50.0,0.0,0.0,0.0,0.0,AWAY,N/A,111,126,AWAY,1.0,2025-11-25 12:39:01,0.0,0.0,0.0,0.0,0.0,0.0,0.0,0.0,0.0,0.0,0.0,,0.0,0.0,0.0,0.0,0.0,0.0,0.0,0.0,0.0,0.0,0.0,0.0,,0.0,0.0,0.0,0.0,0.0
2025-04-13_MemphisGrizzlies_DallasMavericks,2025-04-13,Memphis Grizzlies,Dallas Mavericks,50.0,50.0,0.0,0.0,0.0,0.0,AWAY,N/A,132,97,HOME,0.0,2025-11-25 12:39:01,0.0,0.0,0.0,0.0,0.0,0.0,0.0,0.0,0.0,0.0,0.0,,0.0,0.0,0.0,0.0,0.0,0.0,0.0,0.0,0.0,0.0,0.0,0.0,,0.0,0.0,0.0,0.0,0.0
2025-04-13_MinnesotaTimberwolves_UtahJazz,2025-04-13,Minnesota Timberwolves,Utah Jazz,50.0,50.0,0.0,0.0,0.0,0.0,AWAY,N/A,116,105,HOME,0.0,2025-11-25 12:39:01,0.0,0.0,0.0,0.0,0.0,0.0,0.0,0.0,0.0,0.0,0.0,,0.0,0.0,0.0,0.0,0.0,0.0,0.0,0.0,0.0,0.0,0.0,0.0,,0.0,0.0,0.0,0.0,0.0
2025-04-13_NewOrleansPelicans_OklahomaCityThunder,2025-04-13,New Orleans Pelicans,Oklahoma City Thunder,50.0,50.0,0.0,0.0,0.0,0.0,AWAY,N/A,100,115,AWAY,1.0,2025-11-25 12:39:01,0.0,0.0,0.0,0.0,0.0,0.0,0.0,0.0,0.0,0.0,0.0,,0.0,0.0,0.0,0.0,0.0,0.0,0.0,0.0,0.0,0.0,0.0,0.0,,0.0,0.0,0.0,0.0,0.0
2025-04-13_SanAntonioSpurs_TorontoRaptors,2025-04-13,San Antonio Spurs,Toronto Raptors,50.0,50.0,0.0,0.0,0.0,0.0,AWAY,N/A,125,118,HOME,0.0,2025-11-25 12:39:01,0.0,0.0,0.0,0.0,0.0,0.0,0.0,0.0,0.0,0.0,0.0,,0.0,0.0,0.0,0.0,0.0,0.0,0.0,0.0,0.0,0.0,0.0,0.0,,0.0,0.0,0.0,0.0,0.0
2025-04-13_GoldenStateWarriors_LAClippers,2025-04-13,Golden State Warriors,LA Clippers,50.0,50.0,0.0,0.0,0.0,0.0,AWAY,N/A,119,124,AWAY,1.0,2025-11-25 12:39:01,0.0,0.0,0.0,0.0,0.0,0.0,0.0,0.0,0.0,0.0,0.0,,0.0,0.0,0.0,0.0,0.0,0.0,0.0,0.0,0.0,0.0,0.0,0.0,,0.0,0.0,0.0,0.0,0.0
2025-04-13_PortlandTrailBlazers_LosAngelesLakers,2025-04-13,Portland Trail Blazers,Los Angeles Lakers,50.0,50.0,0.0,0.0,0.0,0.0,AWAY,N/A,109,81,HOME,0.0,2025-11-25 12:39:01,0.0,0.0,0.0,0.0,0.0,0.0,0.0,0.0,0.0,0.0,0.0,,0.0,0.0,0.0,0.0,0.0,0.0,0.0,0.0,0.0,0.0,0.0,0.0,,0.0,0.0,0.0,0.0,0.0
2025-04-13_SacramentoKings_PhoenixSuns,2025-04-13,Sacramento Kings,Phoenix Suns,50.0,50.0,0.0,0.0,0.0,0.0,AWAY,N/A,109,98,HOME,0.0,2025-11-25 12:39:01,0.0,0.0,0.0,0.0,0.0,0.0,0.0,0.0,0.0,0.0,0.0,,0.0,0.0,0.0,0.0,0.0,0.0,0.0,0.0,0.0,0.0,0.0,0.0,,0.0,0.0,0.0,0.0,0.0
2025-04-15_OrlandoMagic_AtlantaHawks,2025-04-15,Orlando Magic,Atlanta Hawks,50.0,50.0,0.0,0.0,0.0,0.0,AWAY,N/A,120,95,HOME,0.0,2025-11-25 12:39:01,0.0,0.0,0.0,0.0,0.0,0.0,0.0,0.0,0.0,0.0,0.0,,0.0,0.0,0.0,0.0,0.0,0.0,0.0,0.0,0.0,0.0,0.0,0.0,,0.0,0.0,0.0,0.0,0.0
2025-04-16_GoldenStateWarriors_MemphisGrizzlies,2025-04-16,Golden State Warriors,Memphis Grizzlies,50.0,50.0,0.0,0.0,0.0,0.0,AWAY,N/A,121,116,HOME,0.0,2025-11-25 12:39:01,0.0,0.0,0.0,0.0,0.0,0.0,0.0,0.0,0.0,0.0,0.0,,0.0,0.0,0.0,0.0,0.0,0.0,0.0,0.0,0.0,0.0,0.0,0.0,,0.0,0.0,0.0,0.0,0.0
2025-04-16_ChicagoBulls_MiamiHeat,2025-04-16,Chicago Bulls,Miami Heat,50.0,50.0,0.0,0.0,0.0,0.0,AWAY,N/A,90,109,AWAY,1.0,2025-11-25 12:39:01,0.0,0.0,0.0,0.0,0.0,0.0,0.0,0.0,0.0,0.0,0.0,,0.0,0.0,0.0,0.0,0.0,0.0,0.0,0.0,0.0,0.0,0.0,0.0,,0.0,0.0,0.0,0.0,0.0
2025-04-17_SacramentoKings_DallasMavericks,2025-04-17,Sacramento Kings,Dallas Mavericks,50.0,50.0,0.0,0.0,0.0,0.0,AWAY,N/A,106,120,AWAY,1.0,2025-11-25 12:39:01,0.0,0.0,0.0,0.0,0.0,0.0,0.0,0.0,0.0,0.0,0.0,,0.0,0.0,0.0,0.0,0.0,0.0,0.0,0.0,0.0,0.0,0.0,0.0,,0.0,0.0,0.0,0.0,0.0
2025-04-18_AtlantaHawks_MiamiHeat,2025-04-18,Atlanta Hawks,Miami Heat,50.0,50.0,0.0,0.0,0.0,0.0,AWAY,N/A,114,123,AWAY,1.0,2025-11-25 12:39:01,0.0,0.0,0.0,0.0,0.0,0.0,0.0,0.0,0.0,0.0,0.0,,0.0,0.0,0.0,0.0,0.0,0.0,0.0,0.0,0.0,0.0,0.0,0.0,,0.0,0.0,0.0,0.0,0.0
2025-04-19_MemphisGrizzlies_DallasMavericks,2025-04-19,Memphis Grizzlies,Dallas Mavericks,50.0,50.0,0.0,0.0,0.0,0.0,AWAY,N/A,120,106,HOME,0.0,2025-11-25 12:39:01,0.0,0.0,0.0,0.0,0.0,0.0,0.0,0.0,0.0,0.0,0.0,,0.0,0.0,0.0,0.0,0.0,0.0,0.0,0.0,0.0,0.0,0.0,0.0,,0.0,0.0,0.0,0.0,0.0
2025-04-19_IndianaPacers_MilwaukeeBucks,2025-04-19,Indiana Pacers,Milwaukee Bucks,50.0,50.0,0.0,0.0,0.0,0.0,AWAY,N/A,117,98,HOME,0.0,2025-11-25 12:39:01,0.0,0.0,0.0,0.0,0.0,0.0,0.0,0.0,0.0,0.0,0.0,,0.0,0.0,0.0,0.0,0.0,0.0,0.0,0.0,0.0,0.0,0.0,0.0,,0.0,0.0,0.0,0.0,0.0
2025-04-19_DenverNuggets_LAClippers,2025-04-19,Denver Nuggets,LA Clippers,50.0,50.0,0.0,0.0,0.0,0.0,AWAY,N/A,112,110,HOME,0.0,2025-11-25 12:39:01,0.0,0.0,0.0,0.0,0.0,0.0,0.0,0.0,0.0,0.0,0.0,,0.0,0.0,0.0,0.0,0.0,0.0,0.0,0.0,0.0,0.0,0.0,0.0,,0.0,0.0,0.0,0.0,0.0
2025-04-19_NewYorkKnicks_DetroitPistons,2025-04-19,New York Knicks,Detroit Pistons,50.0,50.0,0.0,0.0,0.0,0.0,AWAY,N/A,123,112,HOME,0.0,2025-11-25 12:39:01,0.0,0.0,0.0,0.0,0.0,0.0,0.0,0.0,0.0,0.0,0.0,,0.0,0.0,0.0,0.0,0.0,0.0,0.0,0.0,0.0,0.0,0.0,0.0,,0.0,0.0,0.0,0.0,0.0
2025-04-20_LosAngelesLakers_MinnesotaTimberwolves,2025-04-20,Los Angeles Lakers,Minnesota Timberwolves,50.0,50.0,0.0,0.0,0.0,0.0,AWAY,N/A,95,117,AWAY,1.0,2025-11-25 12:39:01,0.0,0.0,0.0,0.0,0.0,0.0,0.0,0.0,0.0,0.0,0.0,,0.0,0.0,0.0,0.0,0.0,0.0,0.0,0.0,0.0,0.0,0.0,0.0,,0.0,0.0,0.0,0.0,0.0
2025-04-20_OklahomaCityThunder_MemphisGrizzlies,2025-04-20,Oklahoma City Thunder,Memphis Grizzlies,50.0,50.0,0.0,0.0,0.0,0.0,AWAY,N/A,131,80,HOME,0.0,2025-11-25 12:39:01,0.0,0.0,0.0,0.0,0.0,0.0,0.0,0.0,0.0,0.0,0.0,,0.0,0.0,0.0,0.0,0.0,0.0,0.0,0.0,0.0,0.0,0.0,0.0,,0.0,0.0,0.0,0.0,0.0
2025-04-20_BostonCeltics_OrlandoMagic,2025-04-20,Boston Celtics,Orlando Magic,50.0,50.0,0.0,0.0,0.0,0.0,AWAY,N/A,103,86,HOME,0.0,2025-11-25 12:39:01,0.0,0.0,0.0,0.0,0.0,0.0,0.0,0.0,0.0,0.0,0.0,,0.0,0.0,0.0,0.0,0.0,0.0,0.0,0.0,0.0,0.0,0.0,0.0,,0.0,0.0,0.0,0.0,0.0
2025-04-20_ClevelandCavaliers_MiamiHeat,2025-04-20,Cleveland Cavaliers,Miami Heat,50.0,50.0,0.0,0.0,0.0,0.0,AWAY,N/A,121,100,HOME,0.0,2025-11-25 12:39:01,0.0,0.0,0.0,0.0,0.0,0.0,0.0,0.0,0.0,0.0,0.0,,0.0,0.0,0.0,0.0,0.0,0.0,0.0,0.0,0.0,0.0,0.0,0.0,,0.0,0.0,0.0,0.0,0.0
2025-04-21_HoustonRockets_GoldenStateWarriors,2025-04-21,Houston Rockets,Golden State Warriors,50.0,50.0,0.0,0.0,0.0,0.0,AWAY,N/A,85,95,AWAY,1.0,2025-11-25 12:39:01,0.0,0.0,0.0,0.0,0.0,0.0,0.0,0.0,0.0,0.0,0.0,,0.0,0.0,0.0,0.0,0.0,0.0,0.0,0.0,0.0,0.0,0.0,0.0,,0.0,0.0,0.0,0.0,0.0
2025-04-21_NewYorkKnicks_DetroitPistons,2025-04-21,New York Knicks,Detroit Pistons,50.0,50.0,0.0,0.0,0.0,0.0,AWAY,N/A,94,100,AWAY,1.0,2025-11-25 12:39:01,0.0,0.0,0.0,0.0,0.0,0.0,0.0,0.0,0.0,0.0,0.0,,0.0,0.0,0.0,0.0,0.0,0.0,0.0,0.0,0.0,0.0,0.0,0.0,,0.0,0.0,0.0,0.0,0.0
2025-04-22_DenverNuggets_LAClippers,2025-04-22,Denver Nuggets,LA Clippers,50.0,50.0,0.0,0.0,0.0,0.0,AWAY,N/A,102,105,AWAY,1.0,2025-11-25 12:39:01,0.0,0.0,0.0,0.0,0.0,0.0,0.0,0.0,0.0,0.0,0.0,,0.0,0.0,0.0,0.0,0.0,0.0,0.0,0.0,0.0,0.0,0.0,0.0,,0.0,0.0,0.0,0.0,0.0
2025-04-22_IndianaPacers_MilwaukeeBucks,2025-04-22,Indiana Pacers,Milwaukee Bucks,50.0,50.0,0.0,0.0,0.0,0.0,AWAY,N/A,123,115,HOME,0.0,2025-11-25 12:39:01,0.0,0.0,0.0,0.0,0.0,0.0,0.0,0.0,0.0,0.0,0.0,,0.0,0.0,0.0,0.0,0.0,0.0,0.0,0.0,0.0,0.0,0.0,0.0,,0.0,0.0,0.0,0.0,0.0
2025-04-22_OklahomaCityThunder_MemphisGrizzlies,2025-04-22,Oklahoma City Thunder,Memphis Grizzlies,50.0,50.0,0.0,0.0,0.0,0.0,AWAY,N/A,118,99,HOME,0.0,2025-11-25 12:39:01,0.0,0.0,0.0,0.0,0.0,0.0,0.0,0.0,0.0,0.0,0.0,,0.0,0.0,0.0,0.0,0.0,0.0,0.0,0.0,0.0,0.0,0.0,0.0,,0.0,0.0,0.0,0.0,0.0
2025-04-23_LosAngelesLakers_MinnesotaTimberwolves,2025-04-23,Los Angeles Lakers,Minnesota Timberwolves,50.0,50.0,0.0,0.0,0.0,0.0,AWAY,N/A,94,85,HOME,0.0,2025-11-25 12:39:01,0.0,0.0,0.0,0.0,0.0,0.0,0.0,0.0,0.0,0.0,0.0,,0.0,0.0,0.0,0.0,0.0,0.0,0.0,0.0,0.0,0.0,0.0,0.0,,0.0,0.0,0.0,0.0,0.0
2025-04-23_BostonCeltics_OrlandoMagic,2025-04-23,Boston Celtics,Orlando Magic,50.0,50.0,0.0,0.0,0.0,0.0,AWAY,N/A,109,100,HOME,0.0,2025-11-25 12:39:01,0.0,0.0,0.0,0.0,0.0,0.0,0.0,0.0,0.0,0.0,0.0,,0.0,0.0,0.0,0.0,0.0,0.0,0.0,0.0,0.0,0.0,0.0,0.0,,0.0,0.0,0.0,0.0,0.0
2025-04-23_ClevelandCavaliers_MiamiHeat,2025-04-23,Cleveland Cavaliers,Miami Heat,50.0,50.0,0.0,0.0,0.0,0.0,AWAY,N/A,121,112,HOME,0.0,2025-11-25 12:39:01,0.0,0.0,0.0,0.0,0.0,0.0,0.0,0.0,0.0,0.0,0.0,,0.0,0.0,0.0,0.0,0.0,0.0,0.0,0.0,0.0,0.0,0.0,0.0,,0.0,0.0,0.0,0.0,0.0
2025-04-24_HoustonRockets_GoldenStateWarriors,2025-04-24,Houston Rockets,Golden State Warriors,50.0,50.0,0.0,0.0,0.0,0.0,AWAY,N/A,109,94,HOME,0.0,2025-11-25 12:39:01,0.0,0.0,0.0,0.0,0.0,0.0,0.0,0.0,0.0,0.0,0.0,,0.0,0.0,0.0,0.0,0.0,0.0,0.0,0.0,0.0,0.0,0.0,0.0,,0.0,0.0,0.0,0.0,0.0
2025-04-24_DetroitPistons_NewYorkKnicks,2025-04-24,Detroit Pistons,New York Knicks,50.0,50.0,0.0,0.0,0.0,0.0,AWAY,N/A,116,118,AWAY,1.0,2025-11-25 12:39:01,0.0,0.0,0.0,0.0,0.0,0.0,0.0,0.0,0.0,0.0,0.0,,0.0,0.0,0.0,0.0,0.0,0.0,0.0,0.0,0.0,0.0,0.0,0.0,,0.0,0.0,0.0,0.0,0.0
2025-04-25_MemphisGrizzlies_OklahomaCityThunder,2025-04-25,Memphis Grizzlies,Oklahoma City Thunder,50.0,50.0,0.0,0.0,0.0,0.0,AWAY,N/A,108,114,AWAY,1.0,2025-11-25 12:39:01,0.0,0.0,0.0,0.0,0.0,0.0,0.0,0.0,0.0,0.0,0.0,,0.0,0.0,0.0,0.0,0.0,0.0,0.0,0.0,0.0,0.0,0.0,0.0,,0.0,0.0,0.0,0.0,0.0
2025-04-25_LAClippers_DenverNuggets,2025-04-25,LA Clippers,Denver Nuggets,50.0,50.0,0.0,0.0,0.0,0.0,AWAY,N/A,117,83,HOME,0.0,2025-11-25 12:39:01,0.0,0.0,0.0,0.0,0.0,0.0,0.0,0.0,0.0,0.0,0.0,,0.0,0.0,0.0,0.0,0.0,0.0,0.0,0.0,0.0,0.0,0.0,0.0,,0.0,0.0,0.0,0.0,0.0
2025-04-25_OrlandoMagic_BostonCeltics,2025-04-25,Orlando Magic,Boston Celtics,50.0,50.0,0.0,0.0,0.0,0.0,AWAY,N/A,95,93,HOME,0.0,2025-11-25 12:39:01,0.0,0.0,0.0,0.0,0.0,0.0,0.0,0.0,0.0,0.0,0.0,,0.0,0.0,0.0,0.0,0.0,0.0,0.0,0.0,0.0,0.0,0.0,0.0,,0.0,0.0,0.0,0.0,0.0
2025-04-26_MilwaukeeBucks_IndianaPacers,2025-04-26,Milwaukee Bucks,Indiana Pacers,50.0,50.0,0.0,0.0,0.0,0.0,AWAY,N/A,117,101,HOME,0.0,2025-11-25 12:39:01,0.0,0.0,0.0,0.0,0.0,0.0,0.0,0.0,0.0,0.0,0.0,,0.0,0.0,0.0,0.0,0.0,0.0,0.0,0.0,0.0,0.0,0.0,0.0,,0.0,0.0,0.0,0.0,0.0
2025-04-26_MinnesotaTimberwolves_LosAngelesLakers,2025-04-26,Minnesota Timberwolves,Los Angeles Lakers,50.0,50.0,0.0,0.0,0.0,0.0,AWAY,N/A,116,104,HOME,0.0,2025-11-25 12:39:01,0.0,0.0,0.0,0.0,0.0,0.0,0.0,0.0,0.0,0.0,0.0,,0.0,0.0,0.0,0.0,0.0,0.0,0.0,0.0,0.0,0.0,0.0,0.0,,0.0,0.0,0.0,0.0,0.0
2025-04-26_MiamiHeat_ClevelandCavaliers,2025-04-26,Miami Heat,Cleveland Cavaliers,50.0,50.0,0.0,0.0,0.0,0.0,AWAY,N/A,87,124,AWAY,1.0,2025-11-25 12:39:01,0.0,0.0,0.0,0.0,0.0,0.0,0.0,0.0,0.0,0.0,0.0,,0.0,0.0,0.0,0.0,0.0,0.0,0.0,0.0,0.0,0.0,0.0,0.0,,0.0,0.0,0.0,0.0,0.0
2025-04-26_MemphisGrizzlies_OklahomaCityThunder,2025-04-26,Memphis Grizzlies,Oklahoma City Thunder,50.0,50.0,0.0,0.0,0.0,0.0,AWAY,N/A,115,117,AWAY,1.0,2025-11-25 12:39:01,0.0,0.0,0.0,0.0,0.0,0.0,0.0,0.0,0.0,0.0,0.0,,0.0,0.0,0.0,0.0,0.0,0.0,0.0,0.0,0.0,0.0,0.0,0.0,,0.0,0.0,0.0,0.0,0.0
2025-04-26_LAClippers_DenverNuggets,2025-04-26,LA Clippers,Denver Nuggets,50.0,50.0,0.0,0.0,0.0,0.0,AWAY,N/A,99,101,AWAY,1.0,2025-11-25 12:39:01,0.0,0.0,0.0,0.0,0.0,0.0,0.0,0.0,0.0,0.0,0.0,,0.0,0.0,0.0,0.0,0.0,0.0,0.0,0.0,0.0,0.0,0.0,0.0,,0.0,0.0,0.0,0.0,0.0
2025-04-27_GoldenStateWarriors_HoustonRockets,2025-04-27,Golden State Warriors,Houston Rockets,50.0,50.0,0.0,0.0,0.0,0.0,AWAY,N/A,104,93,HOME,0.0,2025-11-25 12:39:01,0.0,0.0,0.0,0.0,0.0,0.0,0.0,0.0,0.0,0.0,0.0,,0.0,0.0,0.0,0.0,0.0,0.0,0.0,0.0,0.0,0.0,0.0,0.0,,0.0,0.0,0.0,0.0,0.0
2025-04-27_DetroitPistons_NewYorkKnicks,2025-04-27,Detroit Pistons,New York Knicks,50.0,50.0,0.0,0.0,0.0,0.0,AWAY,N/A,93,94,AWAY,1.0,2025-11-25 12:39:01,0.0,0.0,0.0,0.0,0.0,0.0,0.0,0.0,0.0,0.0,0.0,,0.0,0.0,0.0,0.0,0.0,0.0,0.0,0.0,0.0,0.0,0.0,0.0,,0.0,0.0,0.0,0.0,0.0
2025-04-27_MinnesotaTimberwolves_LosAngelesLakers,2025-04-27,Minnesota Timberwolves,Los Angeles Lakers,50.0,50.0,0.0,0.0,0.0,0.0,AWAY,N/A,116,113,HOME,0.0,2025-11-25 12:39:01,0.0,0.0,0.0,0.0,0.0,0.0,0.0,0.0,0.0,0.0,0.0,,0.0,0.0,0.0,0.0,0.0,0.0,0.0,0.0,0.0,0.0,0.0,0.0,,0.0,0.0,0.0,0.0,0.0
2025-04-27_OrlandoMagic_BostonCeltics,2025-04-27,Orlando Magic,Boston Celtics,50.0,50.0,0.0,0.0,0.0,0.0,AWAY,N/A,98,107,AWAY,1.0,2025-11-25 12:39:01,0.0,0.0,0.0,0.0,0.0,0.0,0.0,0.0,0.0,0.0,0.0,,0.0,0.0,0.0,0.0,0.0,0.0,0.0,0.0,0.0,0.0,0.0,0.0,,0.0,0.0,0.0,0.0,0.0
2025-04-28_MilwaukeeBucks_IndianaPacers,2025-04-28,Milwaukee Bucks,Indiana Pacers,50.0,50.0,0.0,0.0,0.0,0.0,AWAY,N/A,103,129,AWAY,1.0,2025-11-25 12:39:01,0.0,0.0,0.0,0.0,0.0,0.0,0.0,0.0,0.0,0.0,0.0,,0.0,0.0,0.0,0.0,0.0,0.0,0.0,0.0,0.0,0.0,0.0,0.0,,0.0,0.0,0.0,0.0,0.0
2025-04-28_MiamiHeat_ClevelandCavaliers,2025-04-28,Miami Heat,Cleveland Cavaliers,50.0,50.0,0.0,0.0,0.0,0.0,AWAY,N/A,83,138,AWAY,1.0,2025-11-25 12:39:01,0.0,0.0,0.0,0.0,0.0,0.0,0.0,0.0,0.0,0.0,0.0,,0.0,0.0,0.0,0.0,0.0,0.0,0.0,0.0,0.0,0.0,0.0,0.0,,0.0,0.0,0.0,0.0,0.0
2025-04-29_GoldenStateWarriors_HoustonRockets,2025-04-29,Golden State Warriors,Houston Rockets,50.0,50.0,0.0,0.0,0.0,0.0,AWAY,N/A,109,106,HOME,0.0,2025-11-25 12:39:01,0.0,0.0,0.0,0.0,0.0,0.0,0.0,0.0,0.0,0.0,0.0,,0.0,0.0,0.0,0.0,0.0,0.0,0.0,0.0,0.0,0.0,0.0,0.0,,0.0,0.0,0.0,0.0,0.0
2025-04-29_IndianaPacers_MilwaukeeBucks,2025-04-29,Indiana Pacers,Milwaukee Bucks,50.0,50.0,0.0,0.0,0.0,0.0,AWAY,N/A,119,118,HOME,0.0,2025-11-25 12:39:01,0.0,0.0,0.0,0.0,0.0,0.0,0.0,0.0,0.0,0.0,0.0,,0.0,0.0,0.0,0.0,0.0,0.0,0.0,0.0,0.0,0.0,0.0,0.0,,0.0,0.0,0.0,0.0,0.0
2025-04-29_NewYorkKnicks_DetroitPistons,2025-04-29,New York Knicks,Detroit Pistons,50.0,50.0,0.0,0.0,0.0,0.0,AWAY,N/A,103,106,AWAY,1.0,2025-11-25 12:39:01,0.0,0.0,0.0,0.0,0.0,0.0,0.0,0.0,0.0,0.0,0.0,,0.0,0.0,0.0,0.0,0.0,0.0,0.0,0.0,0.0,0.0,0.0,0.0,,0.0,0.0,0.0,0.0,0.0
2025-04-30_BostonCeltics_OrlandoMagic,2025-04-30,Boston Celtics,Orlando Magic,50.0,50.0,0.0,0.0,0.0,0.0,AWAY,N/A,120,89,HOME,0.0,2025-11-25 12:39:01,0.0,0.0,0.0,0.0,0.0,0.0,0.0,0.0,0.0,0.0,0.0,,0.0,0.0,0.0,0.0,0.0,0.0,0.0,0.0,0.0,0.0,0.0,0.0,,0.0,0.0,0.0,0.0,0.0
2025-04-30_DenverNuggets_LAClippers,2025-04-30,Denver Nuggets,LA Clippers,50.0,50.0,0.0,0.0,0.0,0.0,AWAY,N/A,131,115,HOME,0.0,2025-11-25 12:39:01,0.0,0.0,0.0,0.0,0.0,0.0,0.0,0.0,0.0,0.0,0.0,,0.0,0.0,0.0,0.0,0.0,0.0,0.0,0.0,0.0,0.0,0.0,0.0,,0.0,0.0,0.0,0.0,0.0
2025-04-30_HoustonRockets_GoldenStateWarriors,2025-04-30,Houston Rockets,Golden State Warriors,50.0,50.0,0.0,0.0,0.0,0.0,AWAY,N/A,131,116,HOME,0.0,2025-11-25 12:39:01,0.0,0.0,0.0,0.0,0.0,0.0,0.0,0.0,0.0,0.0,0.0,,0.0,0.0,0.0,0.0,0.0,0.0,0.0,0.0,0.0,0.0,0.0,0.0,,0.0,0.0,0.0,0.0,0.0
2025-05-01_LosAngelesLakers_MinnesotaTimberwolves,2025-05-01,Los Angeles Lakers,Minnesota Timberwolves,50.0,50.0,0.0,0.0,0.0,0.0,AWAY,N/A,96,103,AWAY,1.0,2025-11-25 12:39:01,0.0,0.0,0.0,0.0,0.0,0.0,0.0,0.0,0.0,0.0,0.0,,0.0,0.0,0.0,0.0,0.0,0.0,0.0,0.0,0.0,0.0,0.0,0.0,,0.0,0.0,0.0,0.0,0.0
2025-05-01_DetroitPistons_NewYorkKnicks,2025-05-01,Detroit Pistons,New York Knicks,50.0,50.0,0.0,0.0,0.0,0.0,AWAY,N/A,113,116,AWAY,1.0,2025-11-25 12:39:01,0.0,0.0,0.0,0.0,0.0,0.0,0.0,0.0,0.0,0.0,0.0,,0.0,0.0,0.0,0.0,0.0,0.0,0.0,0.0,0.0,0.0,0.0,0.0,,0.0,0.0,0.0,0.0,0.0
2025-05-02_LAClippers_DenverNuggets,2025-05-02,LA Clippers,Denver Nuggets,50.0,50.0,0.0,0.0,0.0,0.0,AWAY,N/A,111,105,HOME,0.0,2025-11-25 12:39:01,0.0,0.0,0.0,0.0,0.0,0.0,0.0,0.0,0.0,0.0,0.0,,0.0,0.0,0.0,0.0,0.0,0.0,0.0,0.0,0.0,0.0,0.0,0.0,,0.0,0.0,0.0,0.0,0.0
2025-05-03_GoldenStateWarriors_HoustonRockets,2025-05-03,Golden State Warriors,Houston Rockets,50.0,50.0,0.0,0.0,0.0,0.0,AWAY,N/A,107,115,AWAY,1.0,2025-11-25 12:39:01,0.0,0.0,0.0,0.0,0.0,0.0,0.0,0.0,0.0,0.0,0.0,,0.0,0.0,0.0,0.0,0.0,0.0,0.0,0.0,0.0,0.0,0.0,0.0,,0.0,0.0,0.0,0.0,0.0
2025-05-03_DenverNuggets_LAClippers,2025-05-03,Denver Nuggets,LA Clippers,50.0,50.0,0.0,0.0,0.0,0.0,AWAY,N/A,120,101,HOME,0.0,2025-11-25 12:39:01,0.0,0.0,0.0,0.0,0.0,0.0,0.0,0.0,0.0,0.0,0.0,,0.0,0.0,0.0,0.0,0.0,0.0,0.0,0.0,0.0,0.0,0.0,0.0,,0.0,0.0,0.0,0.0,0.0
2025-05-04_ClevelandCavaliers_IndianaPacers,2025-05-04,Cleveland Cavaliers,Indiana Pacers,50.0,50.0,0.0,0.0,0.0,0.0,AWAY,N/A,112,121,AWAY,1.0,2025-11-25 12:39:01,0.0,0.0,0.0,0.0,0.0,0.0,0.0,0.0,0.0,0.0,0.0,,0.0,0.0,0.0,0.0,0.0,0.0,0.0,0.0,0.0,0.0,0.0,0.0,,0.0,0.0,0.0,0.0,0.0
2025-05-05_HoustonRockets_GoldenStateWarriors,2025-05-05,Houston Rockets,Golden State Warriors,50.0,50.0,0.0,0.0,0.0,0.0,AWAY,N/A,89,103,AWAY,1.0,2025-11-25 12:39:01,0.0,0.0,0.0,0.0,0.0,0.0,0.0,0.0,0.0,0.0,0.0,,0.0,0.0,0.0,0.0,0.0,0.0,0.0,0.0,0.0,0.0,0.0,0.0,,0.0,0.0,0.0,0.0,0.0
2025-05-05_BostonCeltics_NewYorkKnicks,2025-05-05,Boston Celtics,New York Knicks,50.0,50.0,0.0,0.0,0.0,0.0,AWAY,N/A,105,108,AWAY,1.0,2025-11-25 12:39:01,0.0,0.0,0.0,0.0,0.0,0.0,0.0,0.0,0.0,0.0,0.0,,0.0,0.0,0.0,0.0,0.0,0.0,0.0,0.0,0.0,0.0,0.0,0.0,,0.0,0.0,0.0,0.0,0.0
2025-05-06_OklahomaCityThunder_DenverNuggets,2025-05-06,Oklahoma City Thunder,Denver Nuggets,50.0,50.0,0.0,0.0,0.0,0.0,AWAY,N/A,119,121,AWAY,1.0,2025-11-25 12:39:01,0.0,0.0,0.0,0.0,0.0,0.0,0.0,0.0,0.0,0.0,0.0,,0.0,0.0,0.0,0.0,0.0,0.0,0.0,0.0,0.0,0.0,0.0,0.0,,0.0,0.0,0.0,0.0,0.0
2025-05-06_ClevelandCavaliers_IndianaPacers,2025-05-06,Cleveland Cavaliers,Indiana Pacers,50.0,50.0,0.0,0.0,0.0,0.0,AWAY,N/A,119,120,AWAY,1.0,2025-11-25 12:39:01,0.0,0.0,0.0,0.0,0.0,0.0,0.0,0.0,0.0,0.0,0.0,,0.0,0.0,0.0,0.0,0.0,0.0,0.0,0.0,0.0,0.0,0.0,0.0,,0.0,0.0,0.0,0.0,0.0
2025-05-07_MinnesotaTimberwolves_GoldenStateWarriors,2025-05-07,Minnesota Timberwolves,Golden State Warriors,50.0,50.0,0.0,0.0,0.0,0.0,AWAY,N/A,88,99,AWAY,1.0,2025-11-25 12:39:01,0.0,0.0,0.0,0.0,0.0,0.0,0.0,0.0,0.0,0.0,0.0,,0.0,0.0,0.0,0.0,0.0,0.0,0.0,0.0,0.0,0.0,0.0,0.0,,0.0,0.0,0.0,0.0,0.0
2025-05-07_BostonCeltics_NewYorkKnicks,2025-05-07,Boston Celtics,New York Knicks,50.0,50.0,0.0,0.0,0.0,0.0,AWAY,N/A,90,91,AWAY,1.0,2025-11-25 12:39:01,0.0,0.0,0.0,0.0,0.0,0.0,0.0,0.0,0.0,0.0,0.0,,0.0,0.0,0.0,0.0,0.0,0.0,0.0,0.0,0.0,0.0,0.0,0.0,,0.0,0.0,0.0,0.0,0.0
2025-05-08_OklahomaCityThunder_DenverNuggets,2025-05-08,Oklahoma City Thunder,Denver Nuggets,50.0,50.0,0.0,0.0,0.0,0.0,AWAY,N/A,149,106,HOME,0.0,2025-11-25 12:39:01,0.0,0.0,0.0,0.0,0.0,0.0,0.0,0.0,0.0,0.0,0.0,,0.0,0.0,0.0,0.0,0.0,0.0,0.0,0.0,0.0,0.0,0.0,0.0,,0.0,0.0,0.0,0.0,0.0
2025-05-09_MinnesotaTimberwolves_GoldenStateWarriors,2025-05-09,Minnesota Timberwolves,Golden State Warriors,50.0,50.0,0.0,0.0,0.0,0.0,AWAY,N/A,117,93,HOME,0.0,2025-11-25 12:39:01,0.0,0.0,0.0,0.0,0.0,0.0,0.0,0.0,0.0,0.0,0.0,,0.0,0.0,0.0,0.0,0.0,0.0,0.0,0.0,0.0,0.0,0.0,0.0,,0.0,0.0,0.0,0.0,0.0
2025-05-09_IndianaPacers_ClevelandCavaliers,2025-05-09,Indiana Pacers,Cleveland Cavaliers,50.0,50.0,0.0,0.0,0.0,0.0,AWAY,N/A,104,126,AWAY,1.0,2025-11-25 12:39:01,0.0,0.0,0.0,0.0,0.0,0.0,0.0,0.0,0.0,0.0,0.0,,0.0,0.0,0.0,0.0,0.0,0.0,0.0,0.0,0.0,0.0,0.0,0.0,,0.0,0.0,0.0,0.0,0.0
2025-05-10_DenverNuggets_OklahomaCityThunder,2025-05-10,Denver Nuggets,Oklahoma City Thunder,50.0,50.0,0.0,0.0,0.0,0.0,AWAY,N/A,113,104,HOME,0.0,2025-11-25 12:39:01,0.0,0.0,0.0,0.0,0.0,0.0,0.0,0.0,0.0,0.0,0.0,,0.0,0.0,0.0,0.0,0.0,0.0,0.0,0.0,0.0,0.0,0.0,0.0,,0.0,0.0,0.0,0.0,0.0
2025-05-10_NewYorkKnicks_BostonCeltics,2025-05-10,New York Knicks,Boston Celtics,50.0,50.0,0.0,0.0,0.0,0.0,AWAY,N/A,93,115,AWAY,1.0,2025-11-25 12:39:01,0.0,0.0,0.0,0.0,0.0,0.0,0.0,0.0,0.0,0.0,0.0,,0.0,0.0,0.0,0.0,0.0,0.0,0.0,0.0,0.0,0.0,0.0,0.0,,0.0,0.0,0.0,0.0,0.0
2025-05-11_GoldenStateWarriors_MinnesotaTimberwolves,2025-05-11,Golden State Warriors,Minnesota Timberwolves,50.0,50.0,0.0,0.0,0.0,0.0,AWAY,N/A,97,102,AWAY,1.0,2025-11-25 12:39:01,0.0,0.0,0.0,0.0,0.0,0.0,0.0,0.0,0.0,0.0,0.0,,0.0,0.0,0.0,0.0,0.0,0.0,0.0,0.0,0.0,0.0,0.0,0.0,,0.0,0.0,0.0,0.0,0.0
2025-05-11_DenverNuggets_OklahomaCityThunder,2025-05-11,Denver Nuggets,Oklahoma City Thunder,50.0,50.0,0.0,0.0,0.0,0.0,AWAY,N/A,87,92,AWAY,1.0,2025-11-25 12:39:01,0.0,0.0,0.0,0.0,0.0,0.0,0.0,0.0,0.0,0.0,0.0,,0.0,0.0,0.0,0.0,0.0,0.0,0.0,0.0,0.0,0.0,0.0,0.0,,0.0,0.0,0.0,0.0,0.0
2025-05-12_IndianaPacers_ClevelandCavaliers,2025-05-12,Indiana Pacers,Cleveland Cavaliers,50.0,50.0,0.0,0.0,0.0,0.0,AWAY,N/A,129,109,HOME,0.0,2025-11-25 12:39:01,0.0,0.0,0.0,0.0,0.0,0.0,0.0,0.0,0.0,0.0,0.0,,0.0,0.0,0.0,0.0,0.0,0.0,0.0,0.0,0.0,0.0,0.0,0.0,,0.0,0.0,0.0,0.0,0.0
2025-05-12_NewYorkKnicks_BostonCeltics,2025-05-12,New York Knicks,Boston Celtics,50.0,50.0,0.0,0.0,0.0,0.0,AWAY,N/A,121,113,HOME,0.0,2025-11-25 12:39:01,0.0,0.0,0.0,0.0,0.0,0.0,0.0,0.0,0.0,0.0,0.0,,0.0,0.0,0.0,0.0,0.0,0.0,0.0,0.0,0.0,0.0,0.0,0.0,,0.0,0.0,0.0,0.0,0.0
2025-05-13_GoldenStateWarriors_MinnesotaTimberwolves,2025-05-13,Golden State Warriors,Minnesota Timberwolves,50.0,50.0,0.0,0.0,0.0,0.0,AWAY,N/A,110,117,AWAY,1.0,2025-11-25 12:39:01,0.0,0.0,0.0,0.0,0.0,0.0,0.0,0.0,0.0,0.0,0.0,,0.0,0.0,0.0,0.0,0.0,0.0,0.0,0.0,0.0,0.0,0.0,0.0,,0.0,0.0,0.0,0.0,0.0
2025-05-13_ClevelandCavaliers_IndianaPacers,2025-05-13,Cleveland Cavaliers,Indiana Pacers,50.0,50.0,0.0,0.0,0.0,0.0,AWAY,N/A,105,114,AWAY,1.0,2025-11-25 12:39:01,0.0,0.0,0.0,0.0,0.0,0.0,0.0,0.0,0.0,0.0,0.0,,0.0,0.0,0.0,0.0,0.0,0.0,0.0,0.0,0.0,0.0,0.0,0.0,,0.0,0.0,0.0,0.0,0.0
2025-05-14_OklahomaCityThunder_DenverNuggets,2025-05-14,Oklahoma City Thunder,Denver Nuggets,50.0,50.0,0.0,0.0,0.0,0.0,AWAY,N/A,112,105,HOME,0.0,2025-11-25 12:39:01,0.0,0.0,0.0,0.0,0.0,0.0,0.0,0.0,0.0,0.0,0.0,,0.0,0.0,0.0,0.0,0.0,0.0,0.0,0.0,0.0,0.0,0.0,0.0,,0.0,0.0,0.0,0.0,0.0
2025-05-14_BostonCeltics_NewYorkKnicks,2025-05-14,Boston Celtics,New York Knicks,50.0,50.0,0.0,0.0,0.0,0.0,AWAY,N/A,127,102,HOME,0.0,2025-11-25 12:39:01,0.0,0.0,0.0,0.0,0.0,0.0,0.0,0.0,0.0,0.0,0.0,,0.0,0.0,0.0,0.0,0.0,0.0,0.0,0.0,0.0,0.0,0.0,0.0,,0.0,0.0,0.0,0.0,0.0
2025-05-15_MinnesotaTimberwolves_GoldenStateWarriors,2025-05-15,Minnesota Timberwolves,Golden State Warriors,50.0,50.0,0.0,0.0,0.0,0.0,AWAY,N/A,121,110,HOME,0.0,2025-11-25 12:39:01,0.0,0.0,0.0,0.0,0.0,0.0,0.0,0.0,0.0,0.0,0.0,,0.0,0.0,0.0,0.0,0.0,0.0,0.0,0.0,0.0,0.0,0.0,0.0,,0.0,0.0,0.0,0.0,0.0
2025-05-16_DenverNuggets_OklahomaCityThunder,2025-05-16,Denver Nuggets,Oklahoma City Thunder,50.0,50.0,0.0,0.0,0.0,0.0,AWAY,N/A,119,107,HOME,0.0,2025-11-25 12:39:01,0.0,0.0,0.0,0.0,0.0,0.0,0.0,0.0,0.0,0.0,0.0,,0.0,0.0,0.0,0.0,0.0,0.0,0.0,0.0,0.0,0.0,0.0,0.0,,0.0,0.0,0.0,0.0,0.0
2025-05-17_NewYorkKnicks_BostonCeltics,2025-05-17,New York Knicks,Boston Celtics,50.0,50.0,0.0,0.0,0.0,0.0,AWAY,N/A,119,81,HOME,0.0,2025-11-25 12:39:01,0.0,0.0,0.0,0.0,0.0,0.0,0.0,0.0,0.0,0.0,0.0,,0.0,0.0,0.0,0.0,0.0,0.0,0.0,0.0,0.0,0.0,0.0,0.0,,0.0,0.0,0.0,0.0,0.0
2025-05-18_OklahomaCityThunder_DenverNuggets,2025-05-18,Oklahoma City Thunder,Denver Nuggets,50.0,50.0,0.0,0.0,0.0,0.0,AWAY,N/A,125,93,HOME,0.0,2025-11-25 12:39:01,0.0,0.0,0.0,0.0,0.0,0.0,0.0,0.0,0.0,0.0,0.0,,0.0,0.0,0.0,0.0,0.0,0.0,0.0,0.0,0.0,0.0,0.0,0.0,,0.0,0.0,0.0,0.0,0.0
2025-05-21_OklahomaCityThunder_MinnesotaTimberwolves,2025-05-21,Oklahoma City Thunder,Minnesota Timberwolves,50.0,50.0,0.0,0.0,0.0,0.0,AWAY,N/A,114,88,HOME,0.0,2025-11-25 12:39:01,0.0,0.0,0.0,0.0,0.0,0.0,0.0,0.0,0.0,0.0,0.0,,0.0,0.0,0.0,0.0,0.0,0.0,0.0,0.0,0.0,0.0,0.0,0.0,,0.0,0.0,0.0,0.0,0.0
2025-05-22_NewYorkKnicks_IndianaPacers,2025-05-22,New York Knicks,Indiana Pacers,50.0,50.0,0.0,0.0,0.0,0.0,AWAY,N/A,135,138,AWAY,1.0,2025-11-25 12:39:01,0.0,0.0,0.0,0.0,0.0,0.0,0.0,0.0,0.0,0.0,0.0,,0.0,0.0,0.0,0.0,0.0,0.0,0.0,0.0,0.0,0.0,0.0,0.0,,0.0,0.0,0.0,0.0,0.0
2025-05-23_OklahomaCityThunder_MinnesotaTimberwolves,2025-05-23,Oklahoma City Thunder,Minnesota Timberwolves,50.0,50.0,0.0,0.0,0.0,0.0,AWAY,N/A,118,103,HOME,0.0,2025-11-25 12:39:01,0.0,0.0,0.0,0.0,0.0,0.0,0.0,0.0,0.0,0.0,0.0,,0.0,0.0,0.0,0.0,0.0,0.0,0.0,0.0,0.0,0.0,0.0,0.0,,0.0,0.0,0.0,0.0,0.0
2025-05-24_NewYorkKnicks_IndianaPacers,2025-05-24,New York Knicks,Indiana Pacers,50.0,50.0,0.0,0.0,0.0,0.0,AWAY,N/A,109,114,AWAY,1.0,2025-11-25 12:39:01,0.0,0.0,0.0,0.0,0.0,0.0,0.0,0.0,0.0,0.0,0.0,,0.0,0.0,0.0,0.0,0.0,0.0,0.0,0.0,0.0,0.0,0.0,0.0,,0.0,0.0,0.0,0.0,0.0
2025-05-25_MinnesotaTimberwolves_OklahomaCityThunder,2025-05-25,Minnesota Timberwolves,Oklahoma City Thunder,50.0,50.0,0.0,0.0,0.0,0.0,AWAY,N/A,143,101,HOME,0.0,2025-11-25 12:39:01,0.0,0.0,0.0,0.0,0.0,0.0,0.0,0.0,0.0,0.0,0.0,,0.0,0.0,0.0,0.0,0.0,0.0,0.0,0.0,0.0,0.0,0.0,0.0,,0.0,0.0,0.0,0.0,0.0
2025-05-26_IndianaPacers_NewYorkKnicks,2025-05-26,Indiana Pacers,New York Knicks,50.0,50.0,0.0,0.0,0.0,0.0,AWAY,N/A,100,106,AWAY,1.0,2025-11-25 12:39:01,0.0,0.0,0.0,0.0,0.0,0.0,0.0,0.0,0.0,0.0,0.0,,0.0,0.0,0.0,0.0,0.0,0.0,0.0,0.0,0.0,0.0,0.0,0.0,,0.0,0.0,0.0,0.0,0.0
2025-05-27_MinnesotaTimberwolves_OklahomaCityThunder,2025-05-27,Minnesota Timberwolves,Oklahoma City Thunder,50.0,50.0,0.0,0.0,0.0,0.0,AWAY,N/A,126,128,AWAY,1.0,2025-11-25 12:39:01,0.0,0.0,0.0,0.0,0.0,0.0,0.0,0.0,0.0,0.0,0.0,,0.0,0.0,0.0,0.0,0.0,0.0,0.0,0.0,0.0,0.0,0.0,0.0,,0.0,0.0,0.0,0.0,0.0
2025-05-28_IndianaPacers_NewYorkKnicks,2025-05-28,Indiana Pacers,New York Knicks,50.0,50.0,0.0,0.0,0.0,0.0,AWAY,N/A,130,121,HOME,0.0,2025-11-25 12:39:01,0.0,0.0,0.0,0.0,0.0,0.0,0.0,0.0,0.0,0.0,0.0,,0.0,0.0,0.0,0.0,0.0,0.0,0.0,0.0,0.0,0.0,0.0,0.0,,0.0,0.0,0.0,0.0,0.0
2025-05-29_OklahomaCityThunder_MinnesotaTimberwolves,2025-05-29,Oklahoma City Thunder,Minnesota Timberwolves,50.0,50.0,0.0,0.0,0.0,0.0,AWAY,N/A,124,94,HOME,0.0,2025-11-25 12:39:01,0.0,0.0,0.0,0.0,0.0,0.0,0.0,0.0,0.0,0.0,0.0,,0.0,0.0,0.0,0.0,0.0,0.0,0.0,0.0,0.0,0.0,0.0,0.0,,0.0,0.0,0.0,0.0,0.0
2025-05-30_NewYorkKnicks_IndianaPacers,2025-05-30,New York Knicks,Indiana Pacers,50.0,50.0,0.0,0.0,0.0,0.0,AWAY,N/A,111,94,HOME,0.0,2025-11-25 12:39:01,0.0,0.0,0.0,0.0,0.0,0.0,0.0,0.0,0.0,0.0,0.0,,0.0,0.0,0.0,0.0,0.0,0.0,0.0,0.0,0.0,0.0,0.0,0.0,,0.0,0.0,0.0,0.0,0.0
2025-06-01_IndianaPacers_NewYorkKnicks,2025-06-01,Indiana Pacers,New York Knicks,50.0,50.0,0.0,0.0,0.0,0.0,AWAY,N/A,125,108,HOME,0.0,2025-11-25 12:39:01,0.0,0.0,0.0,0.0,0.0,0.0,0.0,0.0,0.0,0.0,0.0,,0.0,0.0,0.0,0.0,0.0,0.0,0.0,0.0,0.0,0.0,0.0,0.0,,0.0,0.0,0.0,0.0,0.0
2025-04-13_ATL_ORL,2025-04-13,ATL,ORL,,,,,,,N/A,N/A,117,117,HOME,,2025-11-26 19:08:27,47.0,88.0,17.0,15.0,9.0,35.0,10.0,6.0,32.0,8.0,2.0,,117.0,0.0,0.0,0.0,0.0,0.0,0.0,0.0,0.0,0.0,0.0,0.0,,0.0,0.0,0.0,0.0,0.0
2025-04-08_ORL_ATL,2025-04-08,ORL,ATL,,,,,,,N/A,N/A,112,112,HOME,,2025-11-26 19:08:27,0.0,0.0,0.0,0.0,0.0,0.0,0.0,0.0,0.0,0.0,0.0,,0.0,40.0,88.0,14.0,18.0,14.0,27.0,22.0,18.0,25.0,7.0,6.0,,112.0,0.0,0.0,0.0,0.0
2025-04-06_ATL_UTA,2025-04-06,ATL,UTA,,,,,,,N/A,N/A,147,147,HOME,,2025-11-26 19:08:27,54.0,95.0,22.0,11.0,11.0,31.0,20.0,17.0,43.0,7.0,3.0,,147.0,0.0,0.0,0.0,0.0,0.0,0.0,0.0,0.0,0.0,0.0,0.0,,0.0,0.0,0.0,0.0,0.0
2025-04-05_ATL_NYK,2025-04-05,ATL,NYK,,,,,,,N/A,N/A,105,105,AWAY,,2025-11-26 19:08:27,41.0,88.0,14.0,15.0,9.0,29.0,12.0,9.0,24.0,11.0,7.0,,105.0,0.0,0.0,0.0,0.0,0.0,0.0,0.0,0.0,0.0,0.0,0.0,,0.0,0.0,0.0,0.0,0.0
2025-04-02_DAL_ATL,2025-04-02,DAL,ATL,,,,,,,N/A,N/A,118,118,HOME,,2025-11-26 19:08:27,0.0,0.0,0.0,0.0,0.0,0.0,0.0,0.0,0.0,0.0,0.0,,0.0,42.0,97.0,15.0,11.0,12.0,31.0,22.0,19.0,29.0,7.0,3.0,,118.0,0.0,0.0,0.0,0.0
2025-04-01_ATL_POR,2025-04-01,ATL,POR,,,,,,,N/A,N/A,113,113,AWAY,,2025-11-26 19:08:27,41.0,92.0,7.0,19.0,12.0,33.0,28.0,24.0,26.0,12.0,8.0,,113.0,0.0,0.0,0.0,0.0,0.0,0.0,0.0,0.0,0.0,0.0,0.0,,0.0,0.0,0.0,0.0,0.0
2025-03-30_MIL_ATL,2025-03-30,MIL,ATL,,,,,,,N/A,N/A,145,145,AWAY,,2025-11-26 19:08:27,0.0,0.0,0.0,0.0,0.0,0.0,0.0,0.0,0.0,0.0,0.0,,0.0,50.0,94.0,17.0,8.0,15.0,31.0,35.0,28.0,36.0,10.0,2.0,,145.0,0.0,0.0,0.0,0.0
2025-03-27_MIA_ATL,2025-03-27,MIA,ATL,,,,,,,N/A,N/A,112,112,HOME,,2025-11-26 19:08:27,0.0,0.0,0.0,0.0,0.0,0.0,0.0,0.0,0.0,0.0,0.0,,0.0,43.0,83.0,18.0,15.0,6.0,30.0,11.0,8.0,27.0,10.0,2.0,,112.0,0.0,0.0,0.0,0.0
2025-03-25_HOU_ATL,2025-03-25,HOU,ATL,,,,,,,N/A,N/A,114,114,HOME,,2025-11-26 19:08:27,0.0,0.0,0.0,0.0,0.0,0.0,0.0,0.0,0.0,0.0,0.0,,0.0,43.0,103.0,15.0,14.0,18.0,24.0,15.0,13.0,32.0,8.0,1.0,,114.0,0.0,0.0,0.0,0.0
2025-03-23_ATL_PHI,2025-03-23,ATL,PHI,,,,,,,N/A,N/A,132,132,HOME,,2025-11-26 19:08:27,48.0,87.0,17.0,16.0,10.0,29.0,22.0,19.0,35.0,11.0,4.0,,132.0,0.0,0.0,0.0,0.0,0.0,0.0,0.0,0.0,0.0,0.0,0.0,,0.0,0.0,0.0,0.0,0.0
2025-03-22_ATL_GSW,2025-03-22,ATL,GSW,,,,,,,N/A,N/A,124,124,HOME,,2025-11-26 19:08:27,49.0,86.0,15.0,14.0,10.0,36.0,18.0,11.0,37.0,5.0,3.0,,124.0,0.0,0.0,0.0,0.0,0.0,0.0,0.0,0.0,0.0,0.0,0.0,,0.0,0.0,0.0,0.0,0.0
2025-03-18_CHA_ATL,2025-03-18,CHA,ATL,,,,,,,N/A,N/A,134,134,AWAY,,2025-11-26 19:08:27,0.0,0.0,0.0,0.0,0.0,0.0,0.0,0.0,0.0,0.0,0.0,,0.0,50.0,93.0,22.0,10.0,11.0,35.0,15.0,12.0,27.0,12.0,8.0,,134.0,0.0,0.0,0.0,0.0
2025-03-16_BKN_ATL,2025-03-16,BKN,ATL,,,,,,,N/A,N/A,114,114,HOME,,2025-11-26 19:08:27,0.0,0.0,0.0,0.0,0.0,0.0,0.0,0.0,0.0,0.0,0.0,,0.0,42.0,90.0,11.0,14.0,10.0,28.0,24.0,19.0,27.0,12.0,11.0,,114.0,0.0,0.0,0.0,0.0
2025-03-14_ATL_LAC,2025-03-14,ATL,LAC,,,,,,,N/A,N/A,98,98,AWAY,,2025-11-26 19:08:27,37.0,88.0,9.0,18.0,13.0,31.0,17.0,15.0,25.0,8.0,6.0,,98.0,0.0,0.0,0.0,0.0,0.0,0.0,0.0,0.0,0.0,0.0,0.0,,0.0,0.0,0.0,0.0,0.0
2025-03-12_ATL_CHA,2025-03-12,ATL,CHA,,,,,,,N/A,N/A,123,123,HOME,,2025-11-26 19:08:27,37.0,88.0,14.0,13.0,13.0,30.0,39.0,35.0,26.0,13.0,6.0,,123.0,0.0,0.0,0.0,0.0,0.0,0.0,0.0,0.0,0.0,0.0,0.0,,0.0,0.0,0.0,0.0,0.0
2025-03-10_ATL_PHI,2025-03-10,ATL,PHI,,,,,,,N/A,N/A,132,132,HOME,,2025-11-26 19:08:27,53.0,98.0,15.0,15.0,14.0,34.0,14.0,11.0,34.0,4.0,6.0,,132.0,0.0,0.0,0.0,0.0,0.0,0.0,0.0,0.0,0.0,0.0,0.0,,0.0,0.0,0.0,0.0,0.0
2025-03-08_ATL_IND,2025-03-08,ATL,IND,,,,,,,N/A,N/A,120,120,HOME,,2025-11-26 19:08:27,45.0,97.0,10.0,16.0,16.0,32.0,21.0,20.0,23.0,10.0,10.0,,120.0,0.0,0.0,0.0,0.0,0.0,0.0,0.0,0.0,0.0,0.0,0.0,,0.0,0.0,0.0,0.0,0.0
2025-03-06_ATL_IND,2025-03-06,ATL,IND,,,,,,,N/A,N/A,124,124,HOME,,2025-11-26 19:08:27,50.0,94.0,10.0,8.0,11.0,32.0,18.0,14.0,32.0,5.0,4.0,,124.0,0.0,0.0,0.0,0.0,0.0,0.0,0.0,0.0,0.0,0.0,0.0,,0.0,0.0,0.0,0.0,0.0
2025-03-04_ATL_MIL,2025-03-04,ATL,MIL,,,,,,,N/A,N/A,121,121,AWAY,,2025-11-26 19:08:27,46.0,101.0,16.0,11.0,11.0,36.0,17.0,13.0,33.0,10.0,6.0,,121.0,0.0,0.0,0.0,0.0,0.0,0.0,0.0,0.0,0.0,0.0,0.0,,0.0,0.0,0.0,0.0,0.0
2025-03-03_MEM_ATL,2025-03-03,MEM,ATL,,,,,,,N/A,N/A,132,132,AWAY,,2025-11-26 19:08:27,0.0,0.0,0.0,0.0,0.0,0.0,0.0,0.0,0.0,0.0,0.0,,0.0,55.0,96.0,13.0,12.0,14.0,18.0,17.0,9.0,35.0,12.0,7.0,,132.0,0.0,0.0,0.0,0.0
2025-02-28_ATL_OKC,2025-02-28,ATL,OKC,,,,,,,N/A,N/A,119,119,AWAY,,2025-11-26 19:08:27,43.0,88.0,15.0,19.0,10.0,36.0,23.0,18.0,27.0,8.0,5.0,,119.0,0.0,0.0,0.0,0.0,0.0,0.0,0.0,0.0,0.0,0.0,0.0,,0.0,0.0,0.0,0.0,0.0
2025-02-26_MIA_ATL,2025-02-26,MIA,ATL,,,,,,,N/A,N/A,109,109,HOME,,2025-11-26 19:08:27,0.0,0.0,0.0,0.0,0.0,0.0,0.0,0.0,0.0,0.0,0.0,,0.0,41.0,81.0,12.0,15.0,9.0,24.0,19.0,15.0,29.0,6.0,3.0,,109.0,0.0,0.0,0.0,0.0
2025-02-24_ATL_MIA,2025-02-24,ATL,MIA,,,,,,,N/A,N/A,98,98,HOME,,2025-11-26 19:08:27,40.0,88.0,9.0,16.0,13.0,37.0,12.0,9.0,29.0,13.0,2.0,,98.0,0.0,0.0,0.0,0.0,0.0,0.0,0.0,0.0,0.0,0.0,0.0,,0.0,0.0,0.0,0.0,0.0
2025-02-23_ATL_DET,2025-02-23,ATL,DET,,,,,,,N/A,N/A,143,143,AWAY,,2025-11-26 19:08:27,48.0,96.0,21.0,13.0,10.0,30.0,36.0,26.0,30.0,8.0,6.0,,143.0,0.0,0.0,0.0,0.0,0.0,0.0,0.0,0.0,0.0,0.0,0.0,,0.0,0.0,0.0,0.0,0.0
2025-02-20_ATL_ORL,2025-02-20,ATL,ORL,,,,,,,N/A,N/A,108,108,AWAY,,2025-11-26 19:08:27,39.0,100.0,11.0,9.0,16.0,35.0,28.0,19.0,20.0,7.0,4.0,,108.0,0.0,0.0,0.0,0.0,0.0,0.0,0.0,0.0,0.0,0.0,0.0,,0.0,0.0,0.0,0.0,0.0
2025-02-12_NYK_ATL,2025-02-12,NYK,ATL,,,,,,,N/A,N/A,148,148,HOME,,2025-11-26 19:08:27,0.0,0.0,0.0,0.0,0.0,0.0,0.0,0.0,0.0,0.0,0.0,,0.0,55.0,110.0,14.0,12.0,19.0,28.0,35.0,24.0,43.0,12.0,10.0,,148.0,0.0,0.0,0.0,0.0
2025-02-10_ORL_ATL,2025-02-10,ORL,ATL,,,,,,,N/A,N/A,112,112,AWAY,,2025-11-26 19:08:27,0.0,0.0,0.0,0.0,0.0,0.0,0.0,0.0,0.0,0.0,0.0,,0.0,38.0,77.0,12.0,16.0,6.0,33.0,28.0,24.0,29.0,10.0,3.0,,112.0,0.0,0.0,0.0,0.0
2025-02-08_WAS_ATL,2025-02-08,WAS,ATL,,,,,,,N/A,N/A,125,125,AWAY,,2025-11-26 19:08:27,0.0,0.0,0.0,0.0,0.0,0.0,0.0,0.0,0.0,0.0,0.0,,0.0,47.0,97.0,18.0,11.0,8.0,33.0,17.0,13.0,36.0,6.0,7.0,,125.0,0.0,0.0,0.0,0.0
2025-02-07_ATL_MIL,2025-02-07,ATL,MIL,,,,,,,N/A,N/A,115,115,HOME,,2025-11-26 19:08:27,45.0,92.0,13.0,11.0,11.0,41.0,18.0,12.0,29.0,6.0,6.0,,115.0,0.0,0.0,0.0,0.0,0.0,0.0,0.0,0.0,0.0,0.0,0.0,,0.0,0.0,0.0,0.0,0.0
2025-02-05_ATL_SAS,2025-02-05,ATL,SAS,,,,,,,N/A,N/A,125,125,AWAY,,2025-11-26 19:08:27,48.0,91.0,16.0,20.0,8.0,37.0,18.0,13.0,33.0,5.0,5.0,,125.0,0.0,0.0,0.0,0.0,0.0,0.0,0.0,0.0,0.0,0.0,0.0,,0.0,0.0,0.0,0.0,0.0
2025-02-03_DET_ATL,2025-02-03,DET,ATL,,,,,,,N/A,N/A,132,132,AWAY,,2025-11-26 19:08:27,0.0,0.0,0.0,0.0,0.0,0.0,0.0,0.0,0.0,0.0,0.0,,0.0,42.0,81.0,16.0,12.0,5.0,32.0,39.0,32.0,27.0,8.0,7.0,,132.0,0.0,0.0,0.0,0.0
2025-02-01_IND_ATL,2025-02-01,IND,ATL,,,,,,,N/A,N/A,127,127,HOME,,2025-11-26 19:08:27,0.0,0.0,0.0,0.0,0.0,0.0,0.0,0.0,0.0,0.0,0.0,,0.0,45.0,90.0,14.0,12.0,11.0,33.0,32.0,23.0,31.0,6.0,4.0,,127.0,0.0,0.0,0.0,0.0
2025-01-30_CLE_ATL,2025-01-30,CLE,ATL,,,,,,,N/A,N/A,115,115,HOME,,2025-11-26 19:08:27,0.0,0.0,0.0,0.0,0.0,0.0,0.0,0.0,0.0,0.0,0.0,,0.0,41.0,90.0,13.0,11.0,10.0,26.0,27.0,20.0,28.0,10.0,1.0,,115.0,0.0,0.0,0.0,0.0
2025-01-28_ATL_HOU,2025-01-28,ATL,HOU,,,,,,,N/A,N/A,96,96,AWAY,,2025-11-26 19:08:27,36.0,89.0,11.0,16.0,9.0,31.0,16.0,13.0,19.0,11.0,5.0,,96.0,0.0,0.0,0.0,0.0,0.0,0.0,0.0,0.0,0.0,0.0,0.0,,0.0,0.0,0.0,0.0,0.0
2025-01-27_MIN_ATL,2025-01-27,MIN,ATL,,,,,,,N/A,N/A,92,92,HOME,,2025-11-26 19:08:27,0.0,0.0,0.0,0.0,0.0,0.0,0.0,0.0,0.0,0.0,0.0,,0.0,34.0,86.0,12.0,21.0,14.0,37.0,18.0,12.0,24.0,10.0,3.0,,92.0,0.0,0.0,0.0,0.0
2025-01-25_ATL_TOR,2025-01-25,ATL,TOR,,,,,,,N/A,N/A,94,94,AWAY,,2025-11-26 19:08:27,33.0,84.0,11.0,22.0,8.0,35.0,25.0,17.0,28.0,14.0,5.0,,94.0,0.0,0.0,0.0,0.0,0.0,0.0,0.0,0.0,0.0,0.0,0.0,,0.0,0.0,0.0,0.0,0.0
2025-01-23_ATL_TOR,2025-01-23,ATL,TOR,,,,,,,N/A,N/A,119,119,AWAY,,2025-11-26 19:08:27,42.0,87.0,13.0,14.0,9.0,27.0,30.0,22.0,30.0,11.0,2.0,,119.0,0.0,0.0,0.0,0.0,0.0,0.0,0.0,0.0,0.0,0.0,0.0,,0.0,0.0,0.0,0.0,0.0
2025-01-22_ATL_DET,2025-01-22,ATL,DET,,,,,,,N/A,N/A,104,104,AWAY,,2025-11-26 19:08:27,39.0,103.0,6.0,13.0,15.0,32.0,26.0,20.0,25.0,14.0,3.0,,104.0,0.0,0.0,0.0,0.0,0.0,0.0,0.0,0.0,0.0,0.0,0.0,,0.0,0.0,0.0,0.0,0.0
2025-01-20_NYK_ATL,2025-01-20,NYK,ATL,,,,,,,N/A,N/A,110,110,HOME,,2025-11-26 19:08:27,0.0,0.0,0.0,0.0,0.0,0.0,0.0,0.0,0.0,0.0,0.0,,0.0,40.0,85.0,13.0,23.0,16.0,25.0,22.0,17.0,23.0,10.0,6.0,,110.0,0.0,0.0,0.0,0.0
2025-01-18_BOS_ATL,2025-01-18,BOS,ATL,,,,,,,N/A,N/A,119,119,AWAY,,2025-11-26 19:08:27,0.0,0.0,0.0,0.0,0.0,0.0,0.0,0.0,0.0,0.0,0.0,,0.0,44.0,93.0,9.0,17.0,13.0,42.0,28.0,22.0,27.0,9.0,10.0,,119.0,0.0,0.0,0.0,0.0
2025-01-15_CHI_ATL,2025-01-15,CHI,ATL,,,,,,,N/A,N/A,110,110,AWAY,,2025-11-26 19:08:27,0.0,0.0,0.0,0.0,0.0,0.0,0.0,0.0,0.0,0.0,0.0,,0.0,41.0,100.0,13.0,9.0,14.0,37.0,22.0,15.0,28.0,11.0,5.0,,110.0,0.0,0.0,0.0,0.0
2025-01-14_ATL_PHX,2025-01-14,ATL,PHX,,,,,,,N/A,N/A,122,122,HOME,,2025-11-26 19:08:27,43.0,98.0,17.0,12.0,20.0,34.0,26.0,19.0,22.0,10.0,3.0,,122.0,0.0,0.0,0.0,0.0,0.0,0.0,0.0,0.0,0.0,0.0,0.0,,0.0,0.0,0.0,0.0,0.0
2025-01-09_PHX_ATL,2025-01-09,PHX,ATL,,,,,,,N/A,N/A,115,115,HOME,,2025-11-26 19:08:27,0.0,0.0,0.0,0.0,0.0,0.0,0.0,0.0,0.0,0.0,0.0,,0.0,42.0,86.0,15.0,11.0,8.0,24.0,17.0,16.0,32.0,11.0,3.0,,115.0,0.0,0.0,0.0,0.0
2025-01-07_UTA_ATL,2025-01-07,UTA,ATL,,,,,,,N/A,N/A,124,124,AWAY,,2025-11-26 19:08:27,0.0,0.0,0.0,0.0,0.0,0.0,0.0,0.0,0.0,0.0,0.0,,0.0,47.0,98.0,18.0,10.0,12.0,32.0,15.0,12.0,35.0,6.0,11.0,,124.0,0.0,0.0,0.0,0.0
2025-01-04_LAC_ATL,2025-01-04,LAC,ATL,,,,,,,N/A,N/A,105,105,HOME,,2025-11-26 19:08:27,0.0,0.0,0.0,0.0,0.0,0.0,0.0,0.0,0.0,0.0,0.0,,0.0,38.0,88.0,16.0,22.0,8.0,35.0,17.0,13.0,30.0,11.0,4.0,,105.0,0.0,0.0,0.0,0.0
2025-01-03_LAL_ATL,2025-01-03,LAL,ATL,,,,,,,N/A,N/A,102,102,HOME,,2025-11-26 19:08:27,0.0,0.0,0.0,0.0,0.0,0.0,0.0,0.0,0.0,0.0,0.0,,0.0,41.0,100.0,6.0,8.0,13.0,26.0,18.0,14.0,22.0,10.0,3.0,,102.0,0.0,0.0,0.0,0.0
2025-01-01_DEN_ATL,2025-01-01,DEN,ATL,,,,,,,N/A,N/A,120,120,HOME,,2025-11-26 19:08:27,0.0,0.0,0.0,0.0,0.0,0.0,0.0,0.0,0.0,0.0,0.0,,0.0,45.0,100.0,16.0,13.0,12.0,32.0,21.0,14.0,34.0,10.0,5.0,,120.0,0.0,0.0,0.0,0.0
2024-12-29_TOR_ATL,2024-12-29,TOR,ATL,,,,,,,N/A,N/A,136,136,AWAY,,2025-11-26 19:08:27,0.0,0.0,0.0,0.0,0.0,0.0,0.0,0.0,0.0,0.0,0.0,,0.0,46.0,95.0,18.0,14.0,14.0,26.0,35.0,26.0,30.0,22.0,8.0,,136.0,0.0,0.0,0.0,0.0
2024-12-28_ATL_MIA,2024-12-28,ATL,MIA,,,,,,,N/A,N/A,120,120,HOME,,2025-11-26 19:08:27,44.0,86.0,15.0,11.0,9.0,38.0,22.0,17.0,34.0,7.0,2.0,,120.0,0.0,0.0,0.0,0.0,0.0,0.0,0.0,0.0,0.0,0.0,0.0,,0.0,0.0,0.0,0.0,0.0
2024-12-26_ATL_CHI,2024-12-26,ATL,CHI,,,,,,,N/A,N/A,141,141,HOME,,2025-11-26 19:08:27,46.0,89.0,17.0,12.0,12.0,32.0,34.0,32.0,32.0,9.0,5.0,,141.0,0.0,0.0,0.0,0.0,0.0,0.0,0.0,0.0,0.0,0.0,0.0,,0.0,0.0,0.0,0.0,0.0
2024-12-23_ATL_MIN,2024-12-23,ATL,MIN,,,,,,,N/A,N/A,117,117,HOME,,2025-11-26 19:08:27,39.0,73.0,18.0,21.0,6.0,32.0,26.0,21.0,27.0,15.0,6.0,,117.0,0.0,0.0,0.0,0.0,0.0,0.0,0.0,0.0,0.0,0.0,0.0,,0.0,0.0,0.0,0.0,0.0
2024-12-21_ATL_MEM,2024-12-21,ATL,MEM,,,,,,,N/A,N/A,112,112,AWAY,,2025-11-26 19:08:27,39.0,80.0,14.0,25.0,6.0,35.0,24.0,20.0,29.0,11.0,6.0,,112.0,0.0,0.0,0.0,0.0,0.0,0.0,0.0,0.0,0.0,0.0,0.0,,0.0,0.0,0.0,0.0,0.0
2024-12-19_SAS_ATL,2024-12-19,SAS,ATL,,,,,,,N/A,N/A,126,126,HOME,,2025-11-26 19:08:27,0.0,0.0,0.0,0.0,0.0,0.0,0.0,0.0,0.0,0.0,0.0,,0.0,46.0,97.0,16.0,22.0,12.0,41.0,21.0,18.0,32.0,14.0,6.0,,126.0,0.0,0.0,0.0,0.0
2024-12-14_MIL_ATL,2024-12-14,MIL,ATL,,,,,,,N/A,N/A,102,102,HOME,,2025-11-26 19:08:27,0.0,0.0,0.0,0.0,0.0,0.0,0.0,0.0,0.0,0.0,0.0,,0.0,35.0,82.0,10.0,13.0,7.0,37.0,34.0,22.0,23.0,3.0,6.0,,102.0,0.0,0.0,0.0,0.0
2024-12-11_NYK_ATL,2024-12-11,NYK,ATL,,,,,,,N/A,N/A,108,108,AWAY,,2025-11-26 19:08:27,0.0,0.0,0.0,0.0,0.0,0.0,0.0,0.0,0.0,0.0,0.0,,0.0,43.0,104.0,9.0,10.0,22.0,36.0,20.0,13.0,27.0,5.0,7.0,,108.0,0.0,0.0,0.0,0.0
2024-12-08_ATL_DEN,2024-12-08,ATL,DEN,,,,,,,N/A,N/A,111,111,AWAY,,2025-11-26 19:08:27,41.0,101.0,9.0,12.0,19.0,26.0,27.0,20.0,26.0,12.0,2.0,,111.0,0.0,0.0,0.0,0.0,0.0,0.0,0.0,0.0,0.0,0.0,0.0,,0.0,0.0,0.0,0.0,0.0
2024-12-06_ATL_LAL,2024-12-06,ATL,LAL,,,,,,,N/A,N/A,134,134,HOME,,2025-11-26 19:08:27,50.0,100.0,17.0,17.0,11.0,37.0,22.0,17.0,40.0,10.0,5.0,,134.0,0.0,0.0,0.0,0.0,0.0,0.0,0.0,0.0,0.0,0.0,0.0,,0.0,0.0,0.0,0.0,0.0
2024-12-04_MIL_ATL,2024-12-04,MIL,ATL,,,,,,,N/A,N/A,119,119,AWAY,,2025-11-26 19:08:27,0.0,0.0,0.0,0.0,0.0,0.0,0.0,0.0,0.0,0.0,0.0,,0.0,45.0,102.0,9.0,11.0,15.0,39.0,22.0,20.0,29.0,16.0,3.0,,119.0,0.0,0.0,0.0,0.0
2024-12-02_ATL_NOP,2024-12-02,ATL,NOP,,,,,,,N/A,N/A,124,124,HOME,,2025-11-26 19:08:27,49.0,96.0,10.0,18.0,11.0,40.0,20.0,16.0,30.0,12.0,4.0,,124.0,0.0,0.0,0.0,0.0,0.0,0.0,0.0,0.0,0.0,0.0,0.0,,0.0,0.0,0.0,0.0,0.0
2024-11-30_CHA_ATL,2024-11-30,CHA,ATL,,,,,,,N/A,N/A,107,107,AWAY,,2025-11-26 19:08:27,0.0,0.0,0.0,0.0,0.0,0.0,0.0,0.0,0.0,0.0,0.0,,0.0,38.0,78.0,10.0,20.0,14.0,35.0,27.0,21.0,27.0,8.0,7.0,,107.0,0.0,0.0,0.0,0.0
2024-11-29_ATL_CLE,2024-11-29,ATL,CLE,,,,,,,N/A,N/A,117,117,HOME,,2025-11-26 19:08:27,44.0,85.0,14.0,18.0,10.0,43.0,18.0,15.0,33.0,9.0,5.0,,117.0,0.0,0.0,0.0,0.0,0.0,0.0,0.0,0.0,0.0,0.0,0.0,,0.0,0.0,0.0,0.0,0.0
2024-11-27_CLE_ATL,2024-11-27,CLE,ATL,,,,,,,N/A,N/A,135,135,AWAY,,2025-11-26 19:08:27,0.0,0.0,0.0,0.0,0.0,0.0,0.0,0.0,0.0,0.0,0.0,,0.0,46.0,97.0,20.0,13.0,14.0,37.0,25.0,23.0,39.0,6.0,6.0,,135.0,0.0,0.0,0.0,0.0
2024-11-25_ATL_DAL,2024-11-25,ATL,DAL,,,,,,,N/A,N/A,119,119,AWAY,,2025-11-26 19:08:27,48.0,101.0,9.0,14.0,9.0,30.0,16.0,14.0,32.0,10.0,6.0,,119.0,0.0,0.0,0.0,0.0,0.0,0.0,0.0,0.0,0.0,0.0,0.0,,0.0,0.0,0.0,0.0,0.0
2024-11-22_CHI_ATL,2024-11-22,CHI,ATL,,,,,,,N/A,N/A,122,122,HOME,,2025-11-26 19:08:27,0.0,0.0,0.0,0.0,0.0,0.0,0.0,0.0,0.0,0.0,0.0,,0.0,49.0,107.0,10.0,11.0,14.0,28.0,19.0,14.0,32.0,11.0,4.0,,122.0,0.0,0.0,0.0,0.0
2024-11-20_GSW_ATL,2024-11-20,GSW,ATL,,,,,,,N/A,N/A,97,97,HOME,,2025-11-26 19:08:27,0.0,0.0,0.0,0.0,0.0,0.0,0.0,0.0,0.0,0.0,0.0,,0.0,35.0,105.0,12.0,17.0,21.0,44.0,24.0,15.0,27.0,9.0,5.0,,97.0,0.0,0.0,0.0,0.0
2024-11-18_SAC_ATL,2024-11-18,SAC,ATL,,,,,,,N/A,N/A,109,109,AWAY,,2025-11-26 19:08:27,0.0,0.0,0.0,0.0,0.0,0.0,0.0,0.0,0.0,0.0,0.0,,0.0,39.0,83.0,16.0,14.0,6.0,31.0,18.0,15.0,34.0,7.0,7.0,,109.0,0.0,0.0,0.0,0.0
2024-11-17_POR_ATL,2024-11-17,POR,ATL,,,,,,,N/A,N/A,110,110,HOME,,2025-11-26 19:08:27,0.0,0.0,0.0,0.0,0.0,0.0,0.0,0.0,0.0,0.0,0.0,,0.0,39.0,85.0,11.0,25.0,16.0,31.0,25.0,21.0,30.0,10.0,7.0,,110.0,0.0,0.0,0.0,0.0
2024-11-15_ATL_WAS,2024-11-15,ATL,WAS,,,,,,,N/A,N/A,129,129,HOME,,2025-11-26 19:08:27,46.0,98.0,12.0,16.0,15.0,40.0,30.0,25.0,28.0,10.0,10.0,,129.0,0.0,0.0,0.0,0.0,0.0,0.0,0.0,0.0,0.0,0.0,0.0,,0.0,0.0,0.0,0.0,0.0
2024-11-12_BOS_ATL,2024-11-12,BOS,ATL,,,,,,,N/A,N/A,117,117,AWAY,,2025-11-26 19:08:27,0.0,0.0,0.0,0.0,0.0,0.0,0.0,0.0,0.0,0.0,0.0,,0.0,50.0,99.0,10.0,16.0,19.0,25.0,13.0,7.0,35.0,16.0,2.0,,117.0,0.0,0.0,0.0,0.0
2024-11-09_ATL_CHI,2024-11-09,ATL,CHI,,,,,,,N/A,N/A,113,113,AWAY,,2025-11-26 19:08:27,41.0,89.0,9.0,13.0,10.0,29.0,30.0,22.0,31.0,8.0,5.0,,113.0,0.0,0.0,0.0,0.0,0.0,0.0,0.0,0.0,0.0,0.0,0.0,,0.0,0.0,0.0,0.0,0.0
2024-11-08_DET_ATL,2024-11-08,DET,ATL,,,,,,,N/A,N/A,121,121,HOME,,2025-11-26 19:08:27,0.0,0.0,0.0,0.0,0.0,0.0,0.0,0.0,0.0,0.0,0.0,,0.0,44.0,97.0,15.0,17.0,15.0,29.0,23.0,18.0,30.0,12.0,7.0,,121.0,0.0,0.0,0.0,0.0
2024-11-06_ATL_NYK,2024-11-06,ATL,NYK,,,,,,,N/A,N/A,121,121,HOME,,2025-11-26 19:08:27,45.0,100.0,15.0,8.0,16.0,32.0,22.0,16.0,31.0,12.0,4.0,,121.0,0.0,0.0,0.0,0.0,0.0,0.0,0.0,0.0,0.0,0.0,0.0,,0.0,0.0,0.0,0.0,0.0
2024-11-04_ATL_BOS,2024-11-04,ATL,BOS,,,,,,,N/A,N/A,93,93,AWAY,,2025-11-26 19:08:27,37.0,89.0,6.0,19.0,8.0,35.0,16.0,13.0,23.0,9.0,3.0,,93.0,0.0,0.0,0.0,0.0,0.0,0.0,0.0,0.0,0.0,0.0,0.0,,0.0,0.0,0.0,0.0,0.0
2024-11-03_NOP_ATL,2024-11-03,NOP,ATL,,,,,,,N/A,N/A,126,126,AWAY,,2025-11-26 19:08:27,0.0,0.0,0.0,0.0,0.0,0.0,0.0,0.0,0.0,0.0,0.0,,0.0,50.0,88.0,15.0,16.0,10.0,31.0,12.0,11.0,29.0,10.0,3.0,,126.0,0.0,0.0,0.0,0.0
2024-11-01_ATL_SAC,2024-11-01,ATL,SAC,,,,,,,N/A,N/A,115,115,AWAY,,2025-11-26 19:08:27,41.0,92.0,19.0,13.0,8.0,32.0,18.0,14.0,30.0,8.0,4.0,,115.0,0.0,0.0,0.0,0.0,0.0,0.0,0.0,0.0,0.0,0.0,0.0,,0.0,0.0,0.0,0.0,0.0
2024-10-30_WAS_ATL,2024-10-30,WAS,ATL,,,,,,,N/A,N/A,120,120,HOME,,2025-11-26 19:08:27,0.0,0.0,0.0,0.0,0.0,0.0,0.0,0.0,0.0,0.0,0.0,,0.0,45.0,95.0,12.0,15.0,12.0,29.0,21.0,18.0,28.0,10.0,3.0,,120.0,0.0,0.0,0.0,0.0
2024-10-28_ATL_WAS,2024-10-28,ATL,WAS,,,,,,,N/A,N/A,119,119,AWAY,,2025-11-26 19:08:27,39.0,81.0,15.0,16.0,6.0,33.0,36.0,26.0,32.0,12.0,7.0,,119.0,0.0,0.0,0.0,0.0,0.0,0.0,0.0,0.0,0.0,0.0,0.0,,0.0,0.0,0.0,0.0,0.0
2024-10-27_OKC_ATL,2024-10-27,OKC,ATL,,,,,,,N/A,N/A,104,104,HOME,,2025-11-26 19:08:27,0.0,0.0,0.0,0.0,0.0,0.0,0.0,0.0,0.0,0.0,0.0,,0.0,36.0,91.0,10.0,19.0,17.0,32.0,29.0,22.0,24.0,7.0,4.0,,104.0,0.0,0.0,0.0,0.0
2024-10-25_ATL_CHA,2024-10-25,ATL,CHA,,,,,,,N/A,N/A,125,125,HOME,,2025-11-26 19:08:27,39.0,81.0,14.0,13.0,7.0,32.0,38.0,33.0,25.0,11.0,9.0,,125.0,0.0,0.0,0.0,0.0,0.0,0.0,0.0,0.0,0.0,0.0,0.0,,0.0,0.0,0.0,0.0,0.0
2024-10-23_ATL_BKN,2024-10-23,ATL,BKN,,,,,,,N/A,N/A,120,120,HOME,,2025-11-26 19:08:27,39.0,80.0,9.0,16.0,12.0,33.0,46.0,33.0,25.0,12.0,9.0,,120.0,0.0,0.0,0.0,0.0,0.0,0.0,0.0,0.0,0.0,0.0,0.0,,0.0,0.0,0.0,0.0,0.0
2025-04-13_BOS_CHA,2025-04-13,BOS,CHA,,,,,,,N/A,N/A,93,93,HOME,,2025-11-26 19:08:29,35.0,90.0,14.0,13.0,15.0,34.0,13.0,9.0,22.0,12.0,6.0,,93.0,0.0,0.0,0.0,0.0,0.0,0.0,0.0,0.0,0.0,0.0,0.0,,0.0,0.0,0.0,0.0,0.0
2025-04-11_BOS_CHA,2025-04-11,BOS,CHA,,,,,,,N/A,N/A,130,130,HOME,,2025-11-26 19:08:29,49.0,95.0,23.0,10.0,10.0,42.0,12.0,9.0,35.0,9.0,8.0,,130.0,0.0,0.0,0.0,0.0,0.0,0.0,0.0,0.0,0.0,0.0,0.0,,0.0,0.0,0.0,0.0,0.0
2025-04-09_ORL_BOS,2025-04-09,ORL,BOS,,,,,,,N/A,N/A,76,76,HOME,,2025-11-26 19:08:29,0.0,0.0,0.0,0.0,0.0,0.0,0.0,0.0,0.0,0.0,0.0,,0.0,32.0,82.0,7.0,15.0,9.0,34.0,6.0,5.0,20.0,5.0,5.0,,76.0,0.0,0.0,0.0,0.0
2025-04-08_NYK_BOS,2025-04-08,NYK,BOS,,,,,,,N/A,N/A,119,119,AWAY,,2025-11-26 19:08:29,0.0,0.0,0.0,0.0,0.0,0.0,0.0,0.0,0.0,0.0,0.0,,0.0,40.0,87.0,19.0,15.0,9.0,29.0,25.0,20.0,26.0,8.0,4.0,,119.0,0.0,0.0,0.0,0.0
2025-04-06_BOS_WAS,2025-04-06,BOS,WAS,,,,,,,N/A,N/A,124,124,HOME,,2025-11-26 19:08:29,48.0,98.0,24.0,13.0,25.0,37.0,6.0,4.0,33.0,6.0,5.0,,124.0,0.0,0.0,0.0,0.0,0.0,0.0,0.0,0.0,0.0,0.0,0.0,,0.0,0.0,0.0,0.0,0.0
2025-04-04_BOS_PHX,2025-04-04,BOS,PHX,,,,,,,N/A,N/A,123,123,HOME,,2025-11-26 19:08:29,45.0,87.0,14.0,7.0,10.0,39.0,22.0,19.0,28.0,1.0,4.0,,123.0,0.0,0.0,0.0,0.0,0.0,0.0,0.0,0.0,0.0,0.0,0.0,,0.0,0.0,0.0,0.0,0.0
2025-04-02_BOS_MIA,2025-04-02,BOS,MIA,,,,,,,N/A,N/A,103,103,AWAY,,2025-11-26 19:08:29,39.0,87.0,12.0,13.0,19.0,24.0,16.0,13.0,24.0,3.0,6.0,,103.0,0.0,0.0,0.0,0.0,0.0,0.0,0.0,0.0,0.0,0.0,0.0,,0.0,0.0,0.0,0.0,0.0
2025-03-31_MEM_BOS,2025-03-31,MEM,BOS,,,,,,,N/A,N/A,117,117,AWAY,,2025-11-26 19:08:29,0.0,0.0,0.0,0.0,0.0,0.0,0.0,0.0,0.0,0.0,0.0,,0.0,39.0,96.0,21.0,12.0,12.0,42.0,19.0,18.0,30.0,4.0,3.0,,117.0,0.0,0.0,0.0,0.0
2025-03-29_SAS_BOS,2025-03-29,SAS,BOS,,,,,,,N/A,N/A,121,121,AWAY,,2025-11-26 19:08:29,0.0,0.0,0.0,0.0,0.0,0.0,0.0,0.0,0.0,0.0,0.0,,0.0,45.0,94.0,17.0,9.0,15.0,39.0,18.0,14.0,32.0,2.0,4.0,,121.0,0.0,0.0,0.0,0.0
2025-03-26_PHX_BOS,2025-03-26,PHX,BOS,,,,,,,N/A,N/A,132,132,AWAY,,2025-11-26 19:08:29,0.0,0.0,0.0,0.0,0.0,0.0,0.0,0.0,0.0,0.0,0.0,,0.0,45.0,89.0,22.0,10.0,11.0,37.0,22.0,20.0,33.0,8.0,7.0,,132.0,0.0,0.0,0.0,0.0
2025-03-24_SAC_BOS,2025-03-24,SAC,BOS,,,,,,,N/A,N/A,113,113,AWAY,,2025-11-26 19:08:29,0.0,0.0,0.0,0.0,0.0,0.0,0.0,0.0,0.0,0.0,0.0,,0.0,41.0,90.0,19.0,10.0,10.0,35.0,20.0,12.0,28.0,9.0,4.0,,113.0,0.0,0.0,0.0,0.0
2025-03-23_POR_BOS,2025-03-23,POR,BOS,,,,,,,N/A,N/A,129,129,AWAY,,2025-11-26 19:08:29,0.0,0.0,0.0,0.0,0.0,0.0,0.0,0.0,0.0,0.0,0.0,,0.0,48.0,88.0,23.0,9.0,11.0,27.0,14.0,10.0,31.0,6.0,6.0,,129.0,0.0,0.0,0.0,0.0
2025-03-21_UTA_BOS,2025-03-21,UTA,BOS,,,,,,,N/A,N/A,121,121,AWAY,,2025-11-26 19:08:29,0.0,0.0,0.0,0.0,0.0,0.0,0.0,0.0,0.0,0.0,0.0,,0.0,45.0,97.0,17.0,10.0,16.0,32.0,16.0,14.0,27.0,13.0,4.0,,121.0,0.0,0.0,0.0,0.0
2025-03-18_BOS_BKN,2025-03-18,BOS,BKN,,,,,,,N/A,N/A,104,104,HOME,,2025-11-26 19:08:29,35.0,79.0,16.0,13.0,6.0,42.0,22.0,18.0,24.0,6.0,5.0,,104.0,0.0,0.0,0.0,0.0,0.0,0.0,0.0,0.0,0.0,0.0,0.0,,0.0,0.0,0.0,0.0,0.0
2025-03-15_BKN_BOS,2025-03-15,BKN,BOS,,,,,,,N/A,N/A,115,115,AWAY,,2025-11-26 19:08:29,0.0,0.0,0.0,0.0,0.0,0.0,0.0,0.0,0.0,0.0,0.0,,0.0,44.0,84.0,13.0,7.0,13.0,25.0,19.0,14.0,29.0,5.0,7.0,,115.0,0.0,0.0,0.0,0.0
2025-03-14_MIA_BOS,2025-03-14,MIA,BOS,,,,,,,N/A,N/A,103,103,AWAY,,2025-11-26 19:08:29,0.0,0.0,0.0,0.0,0.0,0.0,0.0,0.0,0.0,0.0,0.0,,0.0,36.0,83.0,19.0,14.0,9.0,32.0,13.0,12.0,18.0,8.0,4.0,,103.0,0.0,0.0,0.0,0.0
2025-03-12_BOS_OKC,2025-03-12,BOS,OKC,,,,,,,N/A,N/A,112,112,AWAY,,2025-11-26 19:08:29,41.0,94.0,20.0,13.0,15.0,26.0,12.0,10.0,25.0,9.0,6.0,,112.0,0.0,0.0,0.0,0.0,0.0,0.0,0.0,0.0,0.0,0.0,0.0,,0.0,0.0,0.0,0.0,0.0
2025-03-10_BOS_UTA,2025-03-10,BOS,UTA,,,,,,,N/A,N/A,114,114,HOME,,2025-11-26 19:08:29,40.0,93.0,18.0,9.0,12.0,35.0,18.0,16.0,28.0,11.0,8.0,,114.0,0.0,0.0,0.0,0.0,0.0,0.0,0.0,0.0,0.0,0.0,0.0,,0.0,0.0,0.0,0.0,0.0
2025-03-08_BOS_LAL,2025-03-08,BOS,LAL,,,,,,,N/A,N/A,111,111,HOME,,2025-11-26 19:08:29,40.0,84.0,13.0,9.0,11.0,32.0,25.0,18.0,24.0,9.0,5.0,,111.0,0.0,0.0,0.0,0.0,0.0,0.0,0.0,0.0,0.0,0.0,0.0,,0.0,0.0,0.0,0.0,0.0
2025-03-06_BOS_PHI,2025-03-06,BOS,PHI,,,,,,,N/A,N/A,123,123,HOME,,2025-11-26 19:08:29,46.0,91.0,19.0,10.0,16.0,30.0,13.0,12.0,32.0,8.0,6.0,,123.0,0.0,0.0,0.0,0.0,0.0,0.0,0.0,0.0,0.0,0.0,0.0,,0.0,0.0,0.0,0.0,0.0
2025-03-05_BOS_POR,2025-03-05,BOS,POR,,,,,,,N/A,N/A,128,128,HOME,,2025-11-26 19:08:29,45.0,97.0,23.0,9.0,18.0,34.0,17.0,15.0,24.0,5.0,6.0,,128.0,0.0,0.0,0.0,0.0,0.0,0.0,0.0,0.0,0.0,0.0,0.0,,0.0,0.0,0.0,0.0,0.0
2025-03-02_BOS_DEN,2025-03-02,BOS,DEN,,,,,,,N/A,N/A,110,110,HOME,,2025-11-26 19:08:29,37.0,78.0,14.0,14.0,10.0,35.0,27.0,22.0,26.0,7.0,4.0,,110.0,0.0,0.0,0.0,0.0,0.0,0.0,0.0,0.0,0.0,0.0,0.0,,0.0,0.0,0.0,0.0,0.0
2025-02-28_BOS_CLE,2025-02-28,BOS,CLE,,,,,,,N/A,N/A,116,116,AWAY,,2025-11-26 19:08:29,43.0,89.0,17.0,11.0,14.0,26.0,17.0,13.0,20.0,5.0,5.0,,116.0,0.0,0.0,0.0,0.0,0.0,0.0,0.0,0.0,0.0,0.0,0.0,,0.0,0.0,0.0,0.0,0.0
2025-02-26_DET_BOS,2025-02-26,DET,BOS,,,,,,,N/A,N/A,97,97,HOME,,2025-11-26 19:08:29,0.0,0.0,0.0,0.0,0.0,0.0,0.0,0.0,0.0,0.0,0.0,,0.0,33.0,80.0,21.0,17.0,7.0,25.0,15.0,10.0,21.0,9.0,1.0,,97.0,0.0,0.0,0.0,0.0
2025-02-25_TOR_BOS,2025-02-25,TOR,BOS,,,,,,,N/A,N/A,111,111,AWAY,,2025-11-26 19:08:29,0.0,0.0,0.0,0.0,0.0,0.0,0.0,0.0,0.0,0.0,0.0,,0.0,44.0,93.0,15.0,14.0,12.0,27.0,8.0,8.0,24.0,9.0,4.0,,111.0,0.0,0.0,0.0,0.0
2025-02-23_BOS_NYK,2025-02-23,BOS,NYK,,,,,,,N/A,N/A,118,118,HOME,,2025-11-26 19:08:29,45.0,91.0,17.0,10.0,12.0,37.0,11.0,11.0,27.0,8.0,5.0,,118.0,0.0,0.0,0.0,0.0,0.0,0.0,0.0,0.0,0.0,0.0,0.0,,0.0,0.0,0.0,0.0,0.0
2025-02-20_PHI_BOS,2025-02-20,PHI,BOS,,,,,,,N/A,N/A,124,124,AWAY,,2025-11-26 19:08:29,0.0,0.0,0.0,0.0,0.0,0.0,0.0,0.0,0.0,0.0,0.0,,0.0,43.0,89.0,24.0,10.0,11.0,38.0,15.0,14.0,33.0,3.0,6.0,,124.0,0.0,0.0,0.0,0.0
2025-02-12_BOS_SAS,2025-02-12,BOS,SAS,,,,,,,N/A,N/A,116,116,HOME,,2025-11-26 19:08:29,42.0,91.0,18.0,15.0,15.0,41.0,21.0,14.0,25.0,3.0,5.0,,116.0,0.0,0.0,0.0,0.0,0.0,0.0,0.0,0.0,0.0,0.0,0.0,,0.0,0.0,0.0,0.0,0.0
2025-02-10_MIA_BOS,2025-02-10,MIA,BOS,,,,,,,N/A,N/A,103,103,AWAY,,2025-11-26 19:08:29,0.0,0.0,0.0,0.0,0.0,0.0,0.0,0.0,0.0,0.0,0.0,,0.0,39.0,85.0,17.0,6.0,3.0,49.0,8.0,8.0,24.0,4.0,5.0,,103.0,0.0,0.0,0.0,0.0
2025-02-08_NYK_BOS,2025-02-08,NYK,BOS,,,,,,,N/A,N/A,131,131,AWAY,,2025-11-26 19:08:29,0.0,0.0,0.0,0.0,0.0,0.0,0.0,0.0,0.0,0.0,0.0,,0.0,46.0,85.0,19.0,10.0,11.0,37.0,24.0,20.0,21.0,6.0,7.0,,131.0,0.0,0.0,0.0,0.0
2025-02-06_BOS_DAL,2025-02-06,BOS,DAL,,,,,,,N/A,N/A,120,120,AWAY,,2025-11-26 19:08:29,46.0,89.0,16.0,14.0,11.0,29.0,15.0,12.0,30.0,2.0,6.0,,120.0,0.0,0.0,0.0,0.0,0.0,0.0,0.0,0.0,0.0,0.0,0.0,,0.0,0.0,0.0,0.0,0.0
2025-02-04_CLE_BOS,2025-02-04,CLE,BOS,,,,,,,N/A,N/A,112,112,AWAY,,2025-11-26 19:08:29,0.0,0.0,0.0,0.0,0.0,0.0,0.0,0.0,0.0,0.0,0.0,,0.0,40.0,98.0,17.0,12.0,15.0,38.0,18.0,15.0,26.0,10.0,6.0,,112.0,0.0,0.0,0.0,0.0
2025-02-02_PHI_BOS,2025-02-02,PHI,BOS,,,,,,,N/A,N/A,118,118,AWAY,,2025-11-26 19:08:29,0.0,0.0,0.0,0.0,0.0,0.0,0.0,0.0,0.0,0.0,0.0,,0.0,42.0,84.0,21.0,9.0,5.0,33.0,16.0,13.0,34.0,3.0,8.0,,118.0,0.0,0.0,0.0,0.0
2025-01-31_NOP_BOS,2025-01-31,NOP,BOS,,,,,,,N/A,N/A,118,118,AWAY,,2025-11-26 19:08:29,0.0,0.0,0.0,0.0,0.0,0.0,0.0,0.0,0.0,0.0,0.0,,0.0,42.0,84.0,16.0,13.0,5.0,30.0,26.0,18.0,32.0,12.0,7.0,,118.0,0.0,0.0,0.0,0.0
2025-01-29_BOS_CHI,2025-01-29,BOS,CHI,,,,,,,N/A,N/A,122,122,HOME,,2025-11-26 19:08:29,41.0,87.0,18.0,8.0,6.0,39.0,27.0,22.0,32.0,9.0,3.0,,122.0,0.0,0.0,0.0,0.0,0.0,0.0,0.0,0.0,0.0,0.0,0.0,,0.0,0.0,0.0,0.0,0.0
2025-01-27_BOS_HOU,2025-01-27,BOS,HOU,,,,,,,N/A,N/A,112,112,AWAY,,2025-11-26 19:08:29,39.0,80.0,15.0,14.0,7.0,34.0,20.0,19.0,21.0,4.0,4.0,,112.0,0.0,0.0,0.0,0.0,0.0,0.0,0.0,0.0,0.0,0.0,0.0,,0.0,0.0,0.0,0.0,0.0
2025-01-25_DAL_BOS,2025-01-25,DAL,BOS,,,,,,,N/A,N/A,122,122,AWAY,,2025-11-26 19:08:29,0.0,0.0,0.0,0.0,0.0,0.0,0.0,0.0,0.0,0.0,0.0,,0.0,44.0,103.0,20.0,5.0,17.0,34.0,19.0,14.0,33.0,4.0,5.0,,122.0,0.0,0.0,0.0,0.0
2025-01-23_LAL_BOS,2025-01-23,LAL,BOS,,,,,,,N/A,N/A,96,96,HOME,,2025-11-26 19:08:29,0.0,0.0,0.0,0.0,0.0,0.0,0.0,0.0,0.0,0.0,0.0,,0.0,35.0,91.0,14.0,7.0,11.0,31.0,18.0,12.0,23.0,5.0,6.0,,96.0,0.0,0.0,0.0,0.0
2025-01-22_LAC_BOS,2025-01-22,LAC,BOS,,,,,,,N/A,N/A,117,117,AWAY,,2025-11-26 19:08:29,0.0,0.0,0.0,0.0,0.0,0.0,0.0,0.0,0.0,0.0,0.0,,0.0,41.0,90.0,19.0,19.0,8.0,24.0,20.0,16.0,24.0,11.0,4.0,,117.0,0.0,0.0,0.0,0.0
2025-01-20_GSW_BOS,2025-01-20,GSW,BOS,,,,,,,N/A,N/A,125,125,AWAY,,2025-11-26 19:08:29,0.0,0.0,0.0,0.0,0.0,0.0,0.0,0.0,0.0,0.0,0.0,,0.0,49.0,92.0,20.0,9.0,8.0,42.0,8.0,7.0,33.0,8.0,9.0,,125.0,0.0,0.0,0.0,0.0
2025-01-17_BOS_ORL,2025-01-17,BOS,ORL,,,,,,,N/A,N/A,121,121,HOME,,2025-11-26 19:08:29,42.0,80.0,17.0,10.0,11.0,30.0,22.0,20.0,25.0,6.0,3.0,,121.0,0.0,0.0,0.0,0.0,0.0,0.0,0.0,0.0,0.0,0.0,0.0,,0.0,0.0,0.0,0.0,0.0
2025-01-15_TOR_BOS,2025-01-15,TOR,BOS,,,,,,,N/A,N/A,97,97,HOME,,2025-11-26 19:08:29,0.0,0.0,0.0,0.0,0.0,0.0,0.0,0.0,0.0,0.0,0.0,,0.0,36.0,91.0,16.0,9.0,13.0,32.0,18.0,9.0,24.0,6.0,8.0,,97.0,0.0,0.0,0.0,0.0
2025-01-12_BOS_NOP,2025-01-12,BOS,NOP,,,,,,,N/A,N/A,120,120,HOME,,2025-11-26 19:08:29,44.0,101.0,13.0,11.0,18.0,37.0,23.0,19.0,23.0,5.0,7.0,,120.0,0.0,0.0,0.0,0.0,0.0,0.0,0.0,0.0,0.0,0.0,0.0,,0.0,0.0,0.0,0.0,0.0
2025-01-10_BOS_SAC,2025-01-10,BOS,SAC,,,,,,,N/A,N/A,97,97,AWAY,,2025-11-26 19:08:29,34.0,84.0,11.0,15.0,8.0,35.0,22.0,18.0,22.0,5.0,7.0,,97.0,0.0,0.0,0.0,0.0,0.0,0.0,0.0,0.0,0.0,0.0,0.0,,0.0,0.0,0.0,0.0,0.0
2025-01-07_DEN_BOS,2025-01-07,DEN,BOS,,,,,,,N/A,N/A,118,118,AWAY,,2025-11-26 19:08:29,0.0,0.0,0.0,0.0,0.0,0.0,0.0,0.0,0.0,0.0,0.0,,0.0,44.0,88.0,12.0,11.0,11.0,30.0,20.0,18.0,30.0,11.0,7.0,,118.0,0.0,0.0,0.0,0.0
2025-01-05_OKC_BOS,2025-01-05,OKC,BOS,,,,,,,N/A,N/A,92,92,HOME,,2025-11-26 19:08:29,0.0,0.0,0.0,0.0,0.0,0.0,0.0,0.0,0.0,0.0,0.0,,0.0,31.0,85.0,9.0,16.0,12.0,36.0,24.0,21.0,17.0,6.0,5.0,,92.0,0.0,0.0,0.0,0.0
2025-01-03_HOU_BOS,2025-01-03,HOU,BOS,,,,,,,N/A,N/A,109,109,AWAY,,2025-11-26 19:08:29,0.0,0.0,0.0,0.0,0.0,0.0,0.0,0.0,0.0,0.0,0.0,,0.0,39.0,77.0,19.0,14.0,12.0,29.0,18.0,12.0,20.0,6.0,8.0,,109.0,0.0,0.0,0.0,0.0
2025-01-02_MIN_BOS,2025-01-02,MIN,BOS,,,,,,,N/A,N/A,118,118,AWAY,,2025-11-26 19:08:29,0.0,0.0,0.0,0.0,0.0,0.0,0.0,0.0,0.0,0.0,0.0,,0.0,46.0,92.0,22.0,3.0,10.0,21.0,6.0,4.0,30.0,9.0,4.0,,118.0,0.0,0.0,0.0,0.0
2024-12-31_BOS_TOR,2024-12-31,BOS,TOR,,,,,,,N/A,N/A,125,125,HOME,,2025-11-26 19:08:29,47.0,87.0,22.0,13.0,11.0,38.0,15.0,9.0,29.0,14.0,7.0,,125.0,0.0,0.0,0.0,0.0,0.0,0.0,0.0,0.0,0.0,0.0,0.0,,0.0,0.0,0.0,0.0,0.0
2024-12-29_BOS_IND,2024-12-29,BOS,IND,,,,,,,N/A,N/A,114,114,AWAY,,2025-11-26 19:08:29,43.0,93.0,16.0,8.0,8.0,33.0,19.0,12.0,26.0,6.0,6.0,,114.0,0.0,0.0,0.0,0.0,0.0,0.0,0.0,0.0,0.0,0.0,0.0,,0.0,0.0,0.0,0.0,0.0
2024-12-27_BOS_IND,2024-12-27,BOS,IND,,,,,,,N/A,N/A,142,142,HOME,,2025-11-26 19:08:29,47.0,92.0,23.0,10.0,18.0,34.0,29.0,25.0,31.0,9.0,6.0,,142.0,0.0,0.0,0.0,0.0,0.0,0.0,0.0,0.0,0.0,0.0,0.0,,0.0,0.0,0.0,0.0,0.0
2024-12-25_BOS_PHI,2024-12-25,BOS,PHI,,,,,,,N/A,N/A,114,114,AWAY,,2025-11-26 19:08:29,43.0,95.0,20.0,13.0,13.0,38.0,13.0,8.0,24.0,3.0,4.0,,114.0,0.0,0.0,0.0,0.0,0.0,0.0,0.0,0.0,0.0,0.0,0.0,,0.0,0.0,0.0,0.0,0.0
2024-12-23_ORL_BOS,2024-12-23,ORL,BOS,,,,,,,N/A,N/A,104,104,HOME,,2025-11-26 19:08:29,0.0,0.0,0.0,0.0,0.0,0.0,0.0,0.0,0.0,0.0,0.0,,0.0,37.0,84.0,8.0,18.0,8.0,33.0,27.0,22.0,13.0,13.0,5.0,,104.0,0.0,0.0,0.0,0.0
2024-12-21_CHI_BOS,2024-12-21,CHI,BOS,,,,,,,N/A,N/A,123,123,AWAY,,2025-11-26 19:08:29,0.0,0.0,0.0,0.0,0.0,0.0,0.0,0.0,0.0,0.0,0.0,,0.0,48.0,100.0,15.0,12.0,17.0,42.0,14.0,12.0,27.0,8.0,4.0,,123.0,0.0,0.0,0.0,0.0
2024-12-19_BOS_CHI,2024-12-19,BOS,CHI,,,,,,,N/A,N/A,108,108,AWAY,,2025-11-26 19:08:29,38.0,97.0,14.0,4.0,11.0,34.0,21.0,18.0,21.0,6.0,8.0,,108.0,0.0,0.0,0.0,0.0,0.0,0.0,0.0,0.0,0.0,0.0,0.0,,0.0,0.0,0.0,0.0,0.0
2024-12-15_WAS_BOS,2024-12-15,WAS,BOS,,,,,,,N/A,N/A,112,112,AWAY,,2025-11-26 19:08:29,0.0,0.0,0.0,0.0,0.0,0.0,0.0,0.0,0.0,0.0,0.0,,0.0,40.0,93.0,18.0,18.0,16.0,40.0,24.0,14.0,26.0,11.0,5.0,,112.0,0.0,0.0,0.0,0.0
2024-12-12_BOS_DET,2024-12-12,BOS,DET,,,,,,,N/A,N/A,123,123,HOME,,2025-11-26 19:08:29,46.0,90.0,20.0,14.0,8.0,43.0,13.0,11.0,34.0,6.0,4.0,,123.0,0.0,0.0,0.0,0.0,0.0,0.0,0.0,0.0,0.0,0.0,0.0,,0.0,0.0,0.0,0.0,0.0
2024-12-07_BOS_MEM,2024-12-07,BOS,MEM,,,,,,,N/A,N/A,121,121,AWAY,,2025-11-26 19:08:29,42.0,105.0,18.0,13.0,15.0,36.0,28.0,19.0,26.0,6.0,7.0,,121.0,0.0,0.0,0.0,0.0,0.0,0.0,0.0,0.0,0.0,0.0,0.0,,0.0,0.0,0.0,0.0,0.0
2024-12-06_BOS_MIL,2024-12-06,BOS,MIL,,,,,,,N/A,N/A,111,111,HOME,,2025-11-26 19:08:29,40.0,87.0,17.0,6.0,7.0,34.0,16.0,14.0,27.0,5.0,6.0,,111.0,0.0,0.0,0.0,0.0,0.0,0.0,0.0,0.0,0.0,0.0,0.0,,0.0,0.0,0.0,0.0,0.0
2024-12-04_BOS_DET,2024-12-04,BOS,DET,,,,,,,N/A,N/A,130,130,HOME,,2025-11-26 19:08:29,45.0,94.0,21.0,16.0,14.0,29.0,25.0,19.0,30.0,11.0,7.0,,130.0,0.0,0.0,0.0,0.0,0.0,0.0,0.0,0.0,0.0,0.0,0.0,,0.0,0.0,0.0,0.0,0.0
2024-12-02_BOS_MIA,2024-12-02,BOS,MIA,,,,,,,N/A,N/A,108,108,HOME,,2025-11-26 19:08:29,39.0,89.0,19.0,14.0,14.0,40.0,13.0,11.0,25.0,5.0,9.0,,108.0,0.0,0.0,0.0,0.0,0.0,0.0,0.0,0.0,0.0,0.0,0.0,,0.0,0.0,0.0,0.0,0.0
2024-12-01_CLE_BOS,2024-12-01,CLE,BOS,,,,,,,N/A,N/A,111,111,HOME,,2025-11-26 19:08:29,0.0,0.0,0.0,0.0,0.0,0.0,0.0,0.0,0.0,0.0,0.0,,0.0,38.0,95.0,17.0,8.0,10.0,36.0,19.0,18.0,17.0,11.0,6.0,,111.0,0.0,0.0,0.0,0.0
2024-11-29_CHI_BOS,2024-11-29,CHI,BOS,,,,,,,N/A,N/A,138,138,AWAY,,2025-11-26 19:08:29,0.0,0.0,0.0,0.0,0.0,0.0,0.0,0.0,0.0,0.0,0.0,,0.0,49.0,98.0,23.0,9.0,11.0,40.0,23.0,17.0,24.0,6.0,2.0,,138.0,0.0,0.0,0.0,0.0
2024-11-25_BOS_LAC,2024-11-25,BOS,LAC,,,,,,,N/A,N/A,126,126,HOME,,2025-11-26 19:08:29,45.0,88.0,22.0,11.0,8.0,39.0,20.0,14.0,33.0,10.0,11.0,,126.0,0.0,0.0,0.0,0.0,0.0,0.0,0.0,0.0,0.0,0.0,0.0,,0.0,0.0,0.0,0.0,0.0
2024-11-24_BOS_MIN,2024-11-24,BOS,MIN,,,,,,,N/A,N/A,107,107,HOME,,2025-11-26 19:08:29,37.0,87.0,21.0,6.0,8.0,32.0,15.0,12.0,25.0,5.0,7.0,,107.0,0.0,0.0,0.0,0.0,0.0,0.0,0.0,0.0,0.0,0.0,0.0,,0.0,0.0,0.0,0.0,0.0
2024-11-22_WAS_BOS,2024-11-22,WAS,BOS,,,,,,,N/A,N/A,108,108,AWAY,,2025-11-26 19:08:29,0.0,0.0,0.0,0.0,0.0,0.0,0.0,0.0,0.0,0.0,0.0,,0.0,36.0,85.0,11.0,12.0,10.0,33.0,32.0,25.0,22.0,11.0,7.0,,108.0,0.0,0.0,0.0,0.0
2024-11-19_BOS_CLE,2024-11-19,BOS,CLE,,,,,,,N/A,N/A,120,120,HOME,,2025-11-26 19:08:29,44.0,86.0,22.0,13.0,9.0,33.0,14.0,10.0,32.0,4.0,4.0,,120.0,0.0,0.0,0.0,0.0,0.0,0.0,0.0,0.0,0.0,0.0,0.0,,0.0,0.0,0.0,0.0,0.0
2024-11-16_BOS_TOR,2024-11-16,BOS,TOR,,,,,,,N/A,N/A,126,126,HOME,,2025-11-26 19:08:29,44.0,99.0,21.0,9.0,14.0,28.0,19.0,17.0,30.0,2.0,6.0,,126.0,0.0,0.0,0.0,0.0,0.0,0.0,0.0,0.0,0.0,0.0,0.0,,0.0,0.0,0.0,0.0,0.0
2024-11-13_BKN_BOS,2024-11-13,BKN,BOS,,,,,,,N/A,N/A,139,139,AWAY,,2025-11-26 19:08:29,0.0,0.0,0.0,0.0,0.0,0.0,0.0,0.0,0.0,0.0,0.0,,0.0,50.0,93.0,22.0,7.0,12.0,33.0,24.0,17.0,35.0,7.0,6.0,,139.0,0.0,0.0,0.0,0.0
2024-11-10_MIL_BOS,2024-11-10,MIL,BOS,,,,,,,N/A,N/A,113,113,AWAY,,2025-11-26 19:08:29,0.0,0.0,0.0,0.0,0.0,0.0,0.0,0.0,0.0,0.0,0.0,,0.0,35.0,86.0,19.0,12.0,8.0,34.0,27.0,24.0,27.0,5.0,2.0,,113.0,0.0,0.0,0.0,0.0
2024-11-08_BOS_BKN,2024-11-08,BOS,BKN,,,,,,,N/A,N/A,108,108,HOME,,2025-11-26 19:08:29,39.0,90.0,14.0,13.0,4.0,35.0,19.0,16.0,23.0,7.0,9.0,,108.0,0.0,0.0,0.0,0.0,0.0,0.0,0.0,0.0,0.0,0.0,0.0,,0.0,0.0,0.0,0.0,0.0
2024-11-06_BOS_GSW,2024-11-06,BOS,GSW,,,,,,,N/A,N/A,112,112,AWAY,,2025-11-26 19:08:29,38.0,90.0,19.0,12.0,13.0,34.0,21.0,17.0,22.0,5.0,3.0,,112.0,0.0,0.0,0.0,0.0,0.0,0.0,0.0,0.0,0.0,0.0,0.0,,0.0,0.0,0.0,0.0,0.0
2024-11-02_CHA_BOS,2024-11-02,CHA,BOS,,,,,,,N/A,N/A,113,113,AWAY,,2025-11-26 19:08:29,0.0,0.0,0.0,0.0,0.0,0.0,0.0,0.0,0.0,0.0,0.0,,0.0,36.0,82.0,16.0,15.0,8.0,36.0,28.0,25.0,23.0,4.0,4.0,,113.0,0.0,0.0,0.0,0.0
2024-11-01_CHA_BOS,2024-11-01,CHA,BOS,,,,,,,N/A,N/A,124,124,AWAY,,2025-11-26 19:08:29,0.0,0.0,0.0,0.0,0.0,0.0,0.0,0.0,0.0,0.0,0.0,,0.0,41.0,86.0,13.0,10.0,11.0,30.0,35.0,29.0,21.0,12.0,5.0,,124.0,0.0,0.0,0.0,0.0
2024-10-30_IND_BOS,2024-10-30,IND,BOS,,,,,,,N/A,N/A,132,132,HOME,,2025-11-26 19:08:29,0.0,0.0,0.0,0.0,0.0,0.0,0.0,0.0,0.0,0.0,0.0,,0.0,44.0,109.0,19.0,14.0,18.0,33.0,31.0,25.0,23.0,11.0,5.0,,132.0,0.0,0.0,0.0,0.0
2024-10-28_BOS_MIL,2024-10-28,BOS,MIL,,,,,,,N/A,N/A,119,119,HOME,,2025-11-26 19:08:29,43.0,87.0,18.0,12.0,4.0,34.0,19.0,15.0,24.0,5.0,5.0,,119.0,0.0,0.0,0.0,0.0,0.0,0.0,0.0,0.0,0.0,0.0,0.0,,0.0,0.0,0.0,0.0,0.0
2024-10-26_DET_BOS,2024-10-26,DET,BOS,,,,,,,N/A,N/A,124,124,AWAY,,2025-11-26 19:08:29,0.0,0.0,0.0,0.0,0.0,0.0,0.0,0.0,0.0,0.0,0.0,,0.0,38.0,90.0,22.0,10.0,13.0,24.0,30.0,26.0,19.0,10.0,6.0,,124.0,0.0,0.0,0.0,0.0
2024-10-24_WAS_BOS,2024-10-24,WAS,BOS,,,,,,,N/A,N/A,122,122,AWAY,,2025-11-26 19:08:29,0.0,0.0,0.0,0.0,0.0,0.0,0.0,0.0,0.0,0.0,0.0,,0.0,42.0,90.0,17.0,14.0,12.0,37.0,27.0,21.0,21.0,7.0,3.0,,122.0,0.0,0.0,0.0,0.0
2024-10-22_BOS_NYK,2024-10-22,BOS,NYK,,,,,,,N/A,N/A,132,132,HOME,,2025-11-26 19:08:29,48.0,95.0,29.0,3.0,11.0,29.0,8.0,7.0,33.0,6.0,3.0,,132.0,0.0,0.0,0.0,0.0,0.0,0.0,0.0,0.0,0.0,0.0,0.0,,0.0,0.0,0.0,0.0,0.0
2025-04-13_CLE_IND,2025-04-13,CLE,IND,,,,,,,N/A,N/A,118,118,AWAY,,2025-11-26 19:08:30,44.0,115.0,18.0,21.0,18.0,47.0,22.0,12.0,21.0,6.0,9.0,,118.0,0.0,0.0,0.0,0.0,0.0,0.0,0.0,0.0,0.0,0.0,0.0,,0.0,0.0,0.0,0.0,0.0
2025-04-11_NYK_CLE,2025-04-11,NYK,CLE,,,,,,,N/A,N/A,108,108,AWAY,,2025-11-26 19:08:30,0.0,0.0,0.0,0.0,0.0,0.0,0.0,0.0,0.0,0.0,0.0,,0.0,38.0,77.0,11.0,15.0,13.0,36.0,30.0,21.0,23.0,7.0,2.0,,108.0,0.0,0.0,0.0,0.0
2025-04-10_IND_CLE,2025-04-10,IND,CLE,,,,,,,N/A,N/A,112,112,HOME,,2025-11-26 19:08:30,0.0,0.0,0.0,0.0,0.0,0.0,0.0,0.0,0.0,0.0,0.0,,0.0,43.0,98.0,17.0,11.0,11.0,39.0,13.0,9.0,24.0,6.0,3.0,,112.0,0.0,0.0,0.0,0.0
2025-04-08_CLE_CHI,2025-04-08,CLE,CHI,,,,,,,N/A,N/A,135,135,HOME,,2025-11-26 19:08:30,51.0,100.0,25.0,12.0,16.0,29.0,13.0,8.0,35.0,13.0,3.0,,135.0,0.0,0.0,0.0,0.0,0.0,0.0,0.0,0.0,0.0,0.0,0.0,,0.0,0.0,0.0,0.0,0.0
2025-04-06_CLE_SAC,2025-04-06,CLE,SAC,,,,,,,N/A,N/A,113,113,AWAY,,2025-11-26 19:08:30,46.0,88.0,10.0,16.0,13.0,26.0,19.0,11.0,31.0,11.0,5.0,,113.0,0.0,0.0,0.0,0.0,0.0,0.0,0.0,0.0,0.0,0.0,0.0,,0.0,0.0,0.0,0.0,0.0
2025-04-04_SAS_CLE,2025-04-04,SAS,CLE,,,,,,,N/A,N/A,114,114,AWAY,,2025-11-26 19:08:30,0.0,0.0,0.0,0.0,0.0,0.0,0.0,0.0,0.0,0.0,0.0,,0.0,41.0,87.0,22.0,15.0,7.0,37.0,14.0,10.0,31.0,6.0,4.0,,114.0,0.0,0.0,0.0,0.0
2025-04-02_CLE_NYK,2025-04-02,CLE,NYK,,,,,,,N/A,N/A,124,124,HOME,,2025-11-26 19:08:30,50.0,94.0,12.0,13.0,15.0,29.0,14.0,12.0,23.0,8.0,5.0,,124.0,0.0,0.0,0.0,0.0,0.0,0.0,0.0,0.0,0.0,0.0,0.0,,0.0,0.0,0.0,0.0,0.0
2025-03-30_CLE_LAC,2025-03-30,CLE,LAC,,,,,,,N/A,N/A,127,127,HOME,,2025-11-26 19:08:30,47.0,93.0,15.0,10.0,10.0,35.0,23.0,18.0,33.0,11.0,3.0,,127.0,0.0,0.0,0.0,0.0,0.0,0.0,0.0,0.0,0.0,0.0,0.0,,0.0,0.0,0.0,0.0,0.0
2025-03-28_DET_CLE,2025-03-28,DET,CLE,,,,,,,N/A,N/A,122,122,HOME,,2025-11-26 19:08:30,0.0,0.0,0.0,0.0,0.0,0.0,0.0,0.0,0.0,0.0,0.0,,0.0,39.0,84.0,15.0,14.0,11.0,30.0,38.0,29.0,16.0,9.0,3.0,,122.0,0.0,0.0,0.0,0.0
2025-03-27_CLE_SAS,2025-03-27,CLE,SAS,,,,,,,N/A,N/A,124,124,HOME,,2025-11-26 19:08:30,46.0,99.0,17.0,13.0,14.0,42.0,18.0,15.0,33.0,7.0,5.0,,124.0,0.0,0.0,0.0,0.0,0.0,0.0,0.0,0.0,0.0,0.0,0.0,,0.0,0.0,0.0,0.0,0.0
2025-03-25_POR_CLE,2025-03-25,POR,CLE,,,,,,,N/A,N/A,122,122,AWAY,,2025-11-26 19:08:30,0.0,0.0,0.0,0.0,0.0,0.0,0.0,0.0,0.0,0.0,0.0,,0.0,48.0,88.0,12.0,11.0,9.0,32.0,17.0,14.0,28.0,4.0,6.0,,122.0,0.0,0.0,0.0,0.0
2025-03-23_UTA_CLE,2025-03-23,UTA,CLE,,,,,,,N/A,N/A,120,120,AWAY,,2025-11-26 19:08:30,0.0,0.0,0.0,0.0,0.0,0.0,0.0,0.0,0.0,0.0,0.0,,0.0,44.0,96.0,11.0,6.0,14.0,37.0,31.0,21.0,28.0,9.0,7.0,,120.0,0.0,0.0,0.0,0.0
2025-03-21_PHX_CLE,2025-03-21,PHX,CLE,,,,,,,N/A,N/A,112,112,HOME,,2025-11-26 19:08:30,0.0,0.0,0.0,0.0,0.0,0.0,0.0,0.0,0.0,0.0,0.0,,0.0,42.0,94.0,17.0,11.0,16.0,28.0,14.0,11.0,24.0,11.0,5.0,,112.0,0.0,0.0,0.0,0.0
2025-03-19_SAC_CLE,2025-03-19,SAC,CLE,,,,,,,N/A,N/A,119,119,HOME,,2025-11-26 19:08:30,0.0,0.0,0.0,0.0,0.0,0.0,0.0,0.0,0.0,0.0,0.0,,0.0,46.0,84.0,13.0,12.0,8.0,29.0,18.0,14.0,24.0,7.0,1.0,,119.0,0.0,0.0,0.0,0.0
2025-03-18_LAC_CLE,2025-03-18,LAC,CLE,,,,,,,N/A,N/A,119,119,HOME,,2025-11-26 19:08:30,0.0,0.0,0.0,0.0,0.0,0.0,0.0,0.0,0.0,0.0,0.0,,0.0,44.0,90.0,14.0,8.0,10.0,19.0,26.0,17.0,29.0,6.0,0.0,,119.0,0.0,0.0,0.0,0.0
2025-03-16_CLE_ORL,2025-03-16,CLE,ORL,,,,,,,N/A,N/A,103,103,AWAY,,2025-11-26 19:08:30,40.0,96.0,10.0,13.0,16.0,32.0,20.0,13.0,21.0,7.0,1.0,,103.0,0.0,0.0,0.0,0.0,0.0,0.0,0.0,0.0,0.0,0.0,0.0,,0.0,0.0,0.0,0.0,0.0
2025-03-14_MEM_CLE,2025-03-14,MEM,CLE,,,,,,,N/A,N/A,133,133,AWAY,,2025-11-26 19:08:30,0.0,0.0,0.0,0.0,0.0,0.0,0.0,0.0,0.0,0.0,0.0,,0.0,44.0,88.0,19.0,15.0,8.0,35.0,33.0,26.0,32.0,9.0,4.0,,133.0,0.0,0.0,0.0,0.0
2025-03-11_CLE_BKN,2025-03-11,CLE,BKN,,,,,,,N/A,N/A,109,109,HOME,,2025-11-26 19:08:30,39.0,89.0,10.0,14.0,12.0,36.0,25.0,21.0,23.0,7.0,4.0,,109.0,0.0,0.0,0.0,0.0,0.0,0.0,0.0,0.0,0.0,0.0,0.0,,0.0,0.0,0.0,0.0,0.0
2025-03-09_MIL_CLE,2025-03-09,MIL,CLE,,,,,,,N/A,N/A,112,112,AWAY,,2025-11-26 19:08:30,0.0,0.0,0.0,0.0,0.0,0.0,0.0,0.0,0.0,0.0,0.0,,0.0,39.0,88.0,19.0,15.0,13.0,31.0,19.0,15.0,25.0,11.0,2.0,,112.0,0.0,0.0,0.0,0.0
2025-03-07_CHA_CLE,2025-03-07,CHA,CLE,,,,,,,N/A,N/A,118,118,AWAY,,2025-11-26 19:08:30,0.0,0.0,0.0,0.0,0.0,0.0,0.0,0.0,0.0,0.0,0.0,,0.0,32.0,76.0,11.0,13.0,9.0,36.0,51.0,43.0,16.0,7.0,4.0,,118.0,0.0,0.0,0.0,0.0
2025-03-05_CLE_MIA,2025-03-05,CLE,MIA,,,,,,,N/A,N/A,112,112,HOME,,2025-11-26 19:08:30,41.0,87.0,14.0,13.0,10.0,37.0,22.0,16.0,26.0,7.0,4.0,,112.0,0.0,0.0,0.0,0.0,0.0,0.0,0.0,0.0,0.0,0.0,0.0,,0.0,0.0,0.0,0.0,0.0
2025-03-04_CHI_CLE,2025-03-04,CHI,CLE,,,,,,,N/A,N/A,139,139,AWAY,,2025-11-26 19:08:30,0.0,0.0,0.0,0.0,0.0,0.0,0.0,0.0,0.0,0.0,0.0,,0.0,46.0,98.0,17.0,8.0,11.0,42.0,33.0,30.0,27.0,4.0,4.0,,139.0,0.0,0.0,0.0,0.0
2025-03-02_CLE_POR,2025-03-02,CLE,POR,,,,,,,N/A,N/A,133,133,HOME,,2025-11-26 19:08:30,42.0,97.0,19.0,13.0,13.0,34.0,35.0,30.0,27.0,12.0,5.0,,133.0,0.0,0.0,0.0,0.0,0.0,0.0,0.0,0.0,0.0,0.0,0.0,,0.0,0.0,0.0,0.0,0.0
2025-02-25_ORL_CLE,2025-02-25,ORL,CLE,,,,,,,N/A,N/A,122,122,AWAY,,2025-11-26 19:08:30,0.0,0.0,0.0,0.0,0.0,0.0,0.0,0.0,0.0,0.0,0.0,,0.0,45.0,80.0,19.0,11.0,9.0,38.0,16.0,13.0,25.0,5.0,5.0,,122.0,0.0,0.0,0.0,0.0
2025-02-23_CLE_MEM,2025-02-23,CLE,MEM,,,,,,,N/A,N/A,129,129,HOME,,2025-11-26 19:08:30,46.0,99.0,13.0,14.0,22.0,35.0,35.0,24.0,25.0,5.0,5.0,,129.0,0.0,0.0,0.0,0.0,0.0,0.0,0.0,0.0,0.0,0.0,0.0,,0.0,0.0,0.0,0.0,0.0
2025-02-21_CLE_NYK,2025-02-21,CLE,NYK,,,,,,,N/A,N/A,142,142,HOME,,2025-11-26 19:08:30,56.0,92.0,19.0,15.0,11.0,36.0,15.0,11.0,38.0,12.0,2.0,,142.0,0.0,0.0,0.0,0.0,0.0,0.0,0.0,0.0,0.0,0.0,0.0,,0.0,0.0,0.0,0.0,0.0
2025-02-20_BKN_CLE,2025-02-20,BKN,CLE,,,,,,,N/A,N/A,110,110,AWAY,,2025-11-26 19:08:30,0.0,0.0,0.0,0.0,0.0,0.0,0.0,0.0,0.0,0.0,0.0,,0.0,40.0,94.0,11.0,16.0,17.0,35.0,27.0,19.0,19.0,8.0,5.0,,110.0,0.0,0.0,0.0,0.0
2025-02-12_TOR_CLE,2025-02-12,TOR,CLE,,,,,,,N/A,N/A,131,131,AWAY,,2025-11-26 19:08:30,0.0,0.0,0.0,0.0,0.0,0.0,0.0,0.0,0.0,0.0,0.0,,0.0,48.0,99.0,18.0,13.0,13.0,40.0,20.0,17.0,34.0,11.0,4.0,,131.0,0.0,0.0,0.0,0.0
2025-02-10_CLE_MIN,2025-02-10,CLE,MIN,,,,,,,N/A,N/A,128,128,HOME,,2025-11-26 19:08:30,48.0,94.0,17.0,16.0,14.0,35.0,20.0,15.0,27.0,10.0,5.0,,128.0,0.0,0.0,0.0,0.0,0.0,0.0,0.0,0.0,0.0,0.0,0.0,,0.0,0.0,0.0,0.0,0.0
2025-02-07_WAS_CLE,2025-02-07,WAS,CLE,,,,,,,N/A,N/A,134,134,AWAY,,2025-11-26 19:08:30,0.0,0.0,0.0,0.0,0.0,0.0,0.0,0.0,0.0,0.0,0.0,,0.0,48.0,94.0,16.0,14.0,15.0,31.0,24.0,22.0,32.0,9.0,3.0,,134.0,0.0,0.0,0.0,0.0
2025-02-05_DET_CLE,2025-02-05,DET,CLE,,,,,,,N/A,N/A,118,118,AWAY,,2025-11-26 19:08:30,0.0,0.0,0.0,0.0,0.0,0.0,0.0,0.0,0.0,0.0,0.0,,0.0,41.0,85.0,16.0,23.0,11.0,35.0,24.0,20.0,28.0,6.0,7.0,,118.0,0.0,0.0,0.0,0.0
2025-02-02_CLE_DAL,2025-02-02,CLE,DAL,,,,,,,N/A,N/A,144,144,HOME,,2025-11-26 19:08:30,53.0,93.0,26.0,8.0,3.0,48.0,16.0,12.0,39.0,7.0,8.0,,144.0,0.0,0.0,0.0,0.0,0.0,0.0,0.0,0.0,0.0,0.0,0.0,,0.0,0.0,0.0,0.0,0.0
2025-01-29_MIA_CLE,2025-01-29,MIA,CLE,,,,,,,N/A,N/A,126,126,AWAY,,2025-11-26 19:08:30,0.0,0.0,0.0,0.0,0.0,0.0,0.0,0.0,0.0,0.0,0.0,,0.0,54.0,100.0,13.0,7.0,13.0,34.0,6.0,5.0,29.0,10.0,2.0,,126.0,0.0,0.0,0.0,0.0
2025-01-27_CLE_DET,2025-01-27,CLE,DET,,,,,,,N/A,N/A,110,110,HOME,,2025-11-26 19:08:30,40.0,91.0,12.0,9.0,12.0,41.0,23.0,18.0,28.0,5.0,4.0,,110.0,0.0,0.0,0.0,0.0,0.0,0.0,0.0,0.0,0.0,0.0,0.0,,0.0,0.0,0.0,0.0,0.0
2025-01-25_CLE_HOU,2025-01-25,CLE,HOU,,,,,,,N/A,N/A,131,131,AWAY,,2025-11-26 19:08:30,47.0,91.0,17.0,11.0,10.0,30.0,26.0,20.0,28.0,4.0,5.0,,131.0,0.0,0.0,0.0,0.0,0.0,0.0,0.0,0.0,0.0,0.0,0.0,,0.0,0.0,0.0,0.0,0.0
2025-01-24_PHI_CLE,2025-01-24,PHI,CLE,,,,,,,N/A,N/A,129,129,HOME,,2025-11-26 19:08:30,0.0,0.0,0.0,0.0,0.0,0.0,0.0,0.0,0.0,0.0,0.0,,0.0,45.0,90.0,25.0,16.0,10.0,27.0,19.0,14.0,30.0,10.0,5.0,,129.0,0.0,0.0,0.0,0.0
2025-01-22_HOU_CLE,2025-01-22,HOU,CLE,,,,,,,N/A,N/A,108,108,HOME,,2025-11-26 19:08:30,0.0,0.0,0.0,0.0,0.0,0.0,0.0,0.0,0.0,0.0,0.0,,0.0,41.0,97.0,13.0,13.0,20.0,25.0,19.0,13.0,25.0,12.0,5.0,,108.0,0.0,0.0,0.0,0.0
2025-01-20_CLE_PHX,2025-01-20,CLE,PHX,,,,,,,N/A,N/A,118,118,HOME,,2025-11-26 19:08:30,41.0,95.0,19.0,8.0,15.0,35.0,23.0,17.0,27.0,10.0,1.0,,118.0,0.0,0.0,0.0,0.0,0.0,0.0,0.0,0.0,0.0,0.0,0.0,,0.0,0.0,0.0,0.0,0.0
2025-01-18_MIN_CLE,2025-01-18,MIN,CLE,,,,,,,N/A,N/A,124,124,AWAY,,2025-11-26 19:08:30,0.0,0.0,0.0,0.0,0.0,0.0,0.0,0.0,0.0,0.0,0.0,,0.0,42.0,92.0,17.0,7.0,13.0,34.0,25.0,23.0,27.0,4.0,1.0,,124.0,0.0,0.0,0.0,0.0
2025-01-16_OKC_CLE,2025-01-16,OKC,CLE,,,,,,,N/A,N/A,114,114,HOME,,2025-11-26 19:08:30,0.0,0.0,0.0,0.0,0.0,0.0,0.0,0.0,0.0,0.0,0.0,,0.0,42.0,90.0,13.0,21.0,11.0,38.0,21.0,17.0,32.0,2.0,5.0,,114.0,0.0,0.0,0.0,0.0
2025-01-14_IND_CLE,2025-01-14,IND,CLE,,,,,,,N/A,N/A,127,127,AWAY,,2025-11-26 19:08:30,0.0,0.0,0.0,0.0,0.0,0.0,0.0,0.0,0.0,0.0,0.0,,0.0,43.0,89.0,15.0,14.0,14.0,35.0,31.0,26.0,25.0,8.0,6.0,,127.0,0.0,0.0,0.0,0.0
2025-01-12_CLE_IND,2025-01-12,CLE,IND,,,,,,,N/A,N/A,93,93,AWAY,,2025-11-26 19:08:30,33.0,83.0,11.0,13.0,6.0,38.0,18.0,16.0,24.0,4.0,5.0,,93.0,0.0,0.0,0.0,0.0,0.0,0.0,0.0,0.0,0.0,0.0,0.0,,0.0,0.0,0.0,0.0,0.0
2025-01-09_CLE_TOR,2025-01-09,CLE,TOR,,,,,,,N/A,N/A,132,132,HOME,,2025-11-26 19:08:30,47.0,89.0,18.0,11.0,16.0,26.0,25.0,20.0,31.0,8.0,3.0,,132.0,0.0,0.0,0.0,0.0,0.0,0.0,0.0,0.0,0.0,0.0,0.0,,0.0,0.0,0.0,0.0,0.0
2025-01-08_CLE_OKC,2025-01-08,CLE,OKC,,,,,,,N/A,N/A,129,129,HOME,,2025-11-26 19:08:30,47.0,90.0,15.0,15.0,12.0,28.0,27.0,20.0,36.0,7.0,2.0,,129.0,0.0,0.0,0.0,0.0,0.0,0.0,0.0,0.0,0.0,0.0,0.0,,0.0,0.0,0.0,0.0,0.0
2025-01-05_CLE_CHA,2025-01-05,CLE,CHA,,,,,,,N/A,N/A,115,115,HOME,,2025-11-26 19:08:30,44.0,92.0,15.0,12.0,9.0,32.0,16.0,12.0,29.0,5.0,5.0,,115.0,0.0,0.0,0.0,0.0,0.0,0.0,0.0,0.0,0.0,0.0,0.0,,0.0,0.0,0.0,0.0,0.0
2025-01-03_DAL_CLE,2025-01-03,DAL,CLE,,,,,,,N/A,N/A,134,134,AWAY,,2025-11-26 19:08:30,0.0,0.0,0.0,0.0,0.0,0.0,0.0,0.0,0.0,0.0,0.0,,0.0,52.0,98.0,15.0,7.0,10.0,36.0,20.0,15.0,38.0,5.0,7.0,,134.0,0.0,0.0,0.0,0.0
2024-12-31_LAL_CLE,2024-12-31,LAL,CLE,,,,,,,N/A,N/A,122,122,AWAY,,2025-11-26 19:08:30,0.0,0.0,0.0,0.0,0.0,0.0,0.0,0.0,0.0,0.0,0.0,,0.0,45.0,93.0,18.0,11.0,10.0,38.0,17.0,14.0,32.0,5.0,8.0,,122.0,0.0,0.0,0.0,0.0
2024-12-30_GSW_CLE,2024-12-30,GSW,CLE,,,,,,,N/A,N/A,113,113,AWAY,,2025-11-26 19:08:30,0.0,0.0,0.0,0.0,0.0,0.0,0.0,0.0,0.0,0.0,0.0,,0.0,44.0,96.0,18.0,16.0,11.0,43.0,10.0,7.0,25.0,10.0,6.0,,113.0,0.0,0.0,0.0,0.0
2024-12-27_DEN_CLE,2024-12-27,DEN,CLE,,,,,,,N/A,N/A,149,149,AWAY,,2025-11-26 19:08:30,0.0,0.0,0.0,0.0,0.0,0.0,0.0,0.0,0.0,0.0,0.0,,0.0,54.0,96.0,23.0,10.0,9.0,29.0,22.0,18.0,40.0,10.0,7.0,,149.0,0.0,0.0,0.0,0.0
2024-12-23_CLE_UTA,2024-12-23,CLE,UTA,,,,,,,N/A,N/A,124,124,HOME,,2025-11-26 19:08:30,43.0,91.0,20.0,9.0,10.0,30.0,23.0,18.0,33.0,10.0,3.0,,124.0,0.0,0.0,0.0,0.0,0.0,0.0,0.0,0.0,0.0,0.0,0.0,,0.0,0.0,0.0,0.0,0.0
2024-12-21_CLE_PHI,2024-12-21,CLE,PHI,,,,,,,N/A,N/A,126,126,HOME,,2025-11-26 19:08:30,48.0,90.0,22.0,13.0,13.0,36.0,15.0,8.0,31.0,8.0,1.0,,126.0,0.0,0.0,0.0,0.0,0.0,0.0,0.0,0.0,0.0,0.0,0.0,,0.0,0.0,0.0,0.0,0.0
2024-12-20_CLE_MIL,2024-12-20,CLE,MIL,,,,,,,N/A,N/A,124,124,HOME,,2025-11-26 19:08:30,46.0,91.0,20.0,15.0,9.0,39.0,14.0,12.0,30.0,11.0,0.0,,124.0,0.0,0.0,0.0,0.0,0.0,0.0,0.0,0.0,0.0,0.0,0.0,,0.0,0.0,0.0,0.0,0.0
2024-12-16_BKN_CLE,2024-12-16,BKN,CLE,,,,,,,N/A,N/A,130,130,AWAY,,2025-11-26 19:08:31,0.0,0.0,0.0,0.0,0.0,0.0,0.0,0.0,0.0,0.0,0.0,,0.0,43.0,81.0,19.0,17.0,12.0,30.0,29.0,25.0,33.0,14.0,6.0,,130.0,0.0,0.0,0.0,0.0
2024-12-13_CLE_WAS,2024-12-13,CLE,WAS,,,,,,,N/A,N/A,115,115,HOME,,2025-11-26 19:08:31,36.0,91.0,15.0,11.0,16.0,34.0,40.0,28.0,27.0,10.0,5.0,,115.0,0.0,0.0,0.0,0.0,0.0,0.0,0.0,0.0,0.0,0.0,0.0,,0.0,0.0,0.0,0.0,0.0
2024-12-08_MIA_CLE,2024-12-08,MIA,CLE,,,,,,,N/A,N/A,113,113,HOME,,2025-11-26 19:08:31,0.0,0.0,0.0,0.0,0.0,0.0,0.0,0.0,0.0,0.0,0.0,,0.0,41.0,86.0,14.0,9.0,5.0,31.0,18.0,17.0,25.0,5.0,1.0,,113.0,0.0,0.0,0.0,0.0
2024-12-07_CHA_CLE,2024-12-07,CHA,CLE,,,,,,,N/A,N/A,116,116,AWAY,,2025-11-26 19:08:31,0.0,0.0,0.0,0.0,0.0,0.0,0.0,0.0,0.0,0.0,0.0,,0.0,42.0,84.0,14.0,11.0,14.0,33.0,24.0,18.0,28.0,6.0,6.0,,116.0,0.0,0.0,0.0,0.0
2024-12-05_CLE_DEN,2024-12-05,CLE,DEN,,,,,,,N/A,N/A,126,126,HOME,,2025-11-26 19:08:31,47.0,94.0,22.0,15.0,9.0,38.0,16.0,10.0,32.0,9.0,3.0,,126.0,0.0,0.0,0.0,0.0,0.0,0.0,0.0,0.0,0.0,0.0,0.0,,0.0,0.0,0.0,0.0,0.0
2024-12-03_CLE_WAS,2024-12-03,CLE,WAS,,,,,,,N/A,N/A,118,118,HOME,,2025-11-26 19:08:31,43.0,89.0,16.0,11.0,7.0,38.0,25.0,16.0,31.0,11.0,4.0,,118.0,0.0,0.0,0.0,0.0,0.0,0.0,0.0,0.0,0.0,0.0,0.0,,0.0,0.0,0.0,0.0,0.0
2024-11-24_CLE_TOR,2024-11-24,CLE,TOR,,,,,,,N/A,N/A,122,122,HOME,,2025-11-26 19:08:31,48.0,97.0,16.0,13.0,14.0,35.0,14.0,10.0,27.0,11.0,4.0,,122.0,0.0,0.0,0.0,0.0,0.0,0.0,0.0,0.0,0.0,0.0,0.0,,0.0,0.0,0.0,0.0,0.0
2024-11-20_CLE_NOP,2024-11-20,CLE,NOP,,,,,,,N/A,N/A,128,128,HOME,,2025-11-26 19:08:31,49.0,93.0,18.0,11.0,16.0,36.0,14.0,12.0,29.0,10.0,9.0,,128.0,0.0,0.0,0.0,0.0,0.0,0.0,0.0,0.0,0.0,0.0,0.0,,0.0,0.0,0.0,0.0,0.0
2024-11-17_CLE_CHA,2024-11-17,CLE,CHA,,,,,,,N/A,N/A,128,128,HOME,,2025-11-26 19:08:31,44.0,77.0,13.0,20.0,9.0,39.0,28.0,27.0,26.0,3.0,4.0,,128.0,0.0,0.0,0.0,0.0,0.0,0.0,0.0,0.0,0.0,0.0,0.0,,0.0,0.0,0.0,0.0,0.0
2024-11-15_CLE_CHI,2024-11-15,CLE,CHI,,,,,,,N/A,N/A,144,144,HOME,,2025-11-26 19:08:31,51.0,93.0,21.0,13.0,4.0,36.0,24.0,21.0,33.0,11.0,6.0,,144.0,0.0,0.0,0.0,0.0,0.0,0.0,0.0,0.0,0.0,0.0,0.0,,0.0,0.0,0.0,0.0,0.0
2024-11-13_PHI_CLE,2024-11-13,PHI,CLE,,,,,,,N/A,N/A,114,114,AWAY,,2025-11-26 19:08:31,0.0,0.0,0.0,0.0,0.0,0.0,0.0,0.0,0.0,0.0,0.0,,0.0,42.0,85.0,16.0,11.0,9.0,37.0,17.0,14.0,25.0,8.0,1.0,,114.0,0.0,0.0,0.0,0.0
2024-11-11_CHI_CLE,2024-11-11,CHI,CLE,,,,,,,N/A,N/A,119,119,AWAY,,2025-11-26 19:08:31,0.0,0.0,0.0,0.0,0.0,0.0,0.0,0.0,0.0,0.0,0.0,,0.0,43.0,97.0,15.0,8.0,12.0,31.0,24.0,18.0,26.0,14.0,3.0,,119.0,0.0,0.0,0.0,0.0
2024-11-09_CLE_BKN,2024-11-09,CLE,BKN,,,,,,,N/A,N/A,105,105,HOME,,2025-11-26 19:08:31,40.0,74.0,10.0,14.0,4.0,29.0,19.0,15.0,24.0,12.0,5.0,,105.0,0.0,0.0,0.0,0.0,0.0,0.0,0.0,0.0,0.0,0.0,0.0,,0.0,0.0,0.0,0.0,0.0
2024-11-08_CLE_GSW,2024-11-08,CLE,GSW,,,,,,,N/A,N/A,136,136,HOME,,2025-11-26 19:08:31,46.0,85.0,20.0,19.0,9.0,34.0,28.0,24.0,33.0,7.0,7.0,,136.0,0.0,0.0,0.0,0.0,0.0,0.0,0.0,0.0,0.0,0.0,0.0,,0.0,0.0,0.0,0.0,0.0
2024-11-06_NOP_CLE,2024-11-06,NOP,CLE,,,,,,,N/A,N/A,131,131,AWAY,,2025-11-26 19:08:31,0.0,0.0,0.0,0.0,0.0,0.0,0.0,0.0,0.0,0.0,0.0,,0.0,52.0,96.0,17.0,11.0,12.0,34.0,13.0,10.0,33.0,6.0,10.0,,131.0,0.0,0.0,0.0,0.0
2024-11-04_CLE_MIL,2024-11-04,CLE,MIL,,,,,,,N/A,N/A,116,116,HOME,,2025-11-26 19:08:31,46.0,91.0,17.0,10.0,5.0,34.0,13.0,7.0,28.0,10.0,4.0,,116.0,0.0,0.0,0.0,0.0,0.0,0.0,0.0,0.0,0.0,0.0,0.0,,0.0,0.0,0.0,0.0,0.0
2024-11-02_MIL_CLE,2024-11-02,MIL,CLE,,,,,,,N/A,N/A,114,114,AWAY,,2025-11-26 19:08:31,0.0,0.0,0.0,0.0,0.0,0.0,0.0,0.0,0.0,0.0,0.0,,0.0,44.0,91.0,15.0,7.0,10.0,35.0,15.0,11.0,31.0,3.0,2.0,,114.0,0.0,0.0,0.0,0.0
2024-11-01_CLE_ORL,2024-11-01,CLE,ORL,,,,,,,N/A,N/A,120,120,HOME,,2025-11-26 19:08:31,44.0,87.0,15.0,12.0,7.0,42.0,20.0,17.0,25.0,6.0,4.0,,120.0,0.0,0.0,0.0,0.0,0.0,0.0,0.0,0.0,0.0,0.0,0.0,,0.0,0.0,0.0,0.0,0.0
2024-10-30_CLE_LAL,2024-10-30,CLE,LAL,,,,,,,N/A,N/A,134,134,HOME,,2025-11-26 19:08:31,56.0,97.0,17.0,12.0,6.0,30.0,8.0,5.0,37.0,14.0,2.0,,134.0,0.0,0.0,0.0,0.0,0.0,0.0,0.0,0.0,0.0,0.0,0.0,,0.0,0.0,0.0,0.0,0.0
2024-10-28_NYK_CLE,2024-10-28,NYK,CLE,,,,,,,N/A,N/A,110,110,AWAY,,2025-11-26 19:08:31,0.0,0.0,0.0,0.0,0.0,0.0,0.0,0.0,0.0,0.0,0.0,,0.0,39.0,82.0,12.0,13.0,9.0,32.0,24.0,20.0,21.0,10.0,5.0,,110.0,0.0,0.0,0.0,0.0
2024-10-26_WAS_CLE,2024-10-26,WAS,CLE,,,,,,,N/A,N/A,135,135,AWAY,,2025-11-26 19:08:31,0.0,0.0,0.0,0.0,0.0,0.0,0.0,0.0,0.0,0.0,0.0,,0.0,47.0,88.0,18.0,16.0,11.0,37.0,34.0,23.0,27.0,13.0,10.0,,135.0,0.0,0.0,0.0,0.0
2024-10-25_CLE_DET,2024-10-25,CLE,DET,,,,,,,N/A,N/A,113,113,HOME,,2025-11-26 19:08:31,42.0,82.0,13.0,12.0,5.0,34.0,23.0,16.0,28.0,13.0,4.0,,113.0,0.0,0.0,0.0,0.0,0.0,0.0,0.0,0.0,0.0,0.0,0.0,,0.0,0.0,0.0,0.0,0.0
2024-10-23_TOR_CLE,2024-10-23,TOR,CLE,,,,,,,N/A,N/A,136,136,AWAY,,2025-11-26 19:08:31,0.0,0.0,0.0,0.0,0.0,0.0,0.0,0.0,0.0,0.0,0.0,,0.0,51.0,87.0,14.0,12.0,8.0,28.0,26.0,20.0,29.0,10.0,9.0,,136.0,0.0,0.0,0.0,0.0
2025-04-13_NOP_OKC,2025-04-13,NOP,OKC,,,,,,,N/A,N/A,100,100,AWAY,,2025-11-26 19:08:32,35.0,91.0,7.0,12.0,11.0,36.0,30.0,23.0,22.0,6.0,4.0,,100.0,0.0,0.0,0.0,0.0,0.0,0.0,0.0,0.0,0.0,0.0,0.0,,0.0,0.0,0.0,0.0,0.0
2025-04-11_NOP_MIA,2025-04-11,NOP,MIA,,,,,,,N/A,N/A,104,104,AWAY,,2025-11-26 19:08:32,38.0,95.0,14.0,13.0,12.0,30.0,20.0,14.0,27.0,6.0,2.0,,104.0,0.0,0.0,0.0,0.0,0.0,0.0,0.0,0.0,0.0,0.0,0.0,,0.0,0.0,0.0,0.0,0.0
2025-04-10_MIL_NOP,2025-04-10,MIL,NOP,,,,,,,N/A,N/A,111,111,HOME,,2025-11-26 19:08:32,0.0,0.0,0.0,0.0,0.0,0.0,0.0,0.0,0.0,0.0,0.0,,0.0,41.0,96.0,15.0,16.0,15.0,38.0,19.0,14.0,28.0,8.0,0.0,,111.0,0.0,0.0,0.0,0.0
2025-04-08_BKN_NOP,2025-04-08,BKN,NOP,,,,,,,N/A,N/A,114,114,HOME,,2025-11-26 19:08:32,0.0,0.0,0.0,0.0,0.0,0.0,0.0,0.0,0.0,0.0,0.0,,0.0,39.0,82.0,12.0,17.0,9.0,33.0,31.0,24.0,26.0,10.0,6.0,,114.0,0.0,0.0,0.0,0.0
2025-04-06_NOP_MIL,2025-04-06,NOP,MIL,,,,,,,N/A,N/A,107,107,AWAY,,2025-11-26 19:08:32,43.0,95.0,12.0,11.0,9.0,39.0,14.0,9.0,31.0,4.0,6.0,,107.0,0.0,0.0,0.0,0.0,0.0,0.0,0.0,0.0,0.0,0.0,0.0,,0.0,0.0,0.0,0.0,0.0
2025-04-04_LAL_NOP,2025-04-04,LAL,NOP,,,,,,,N/A,N/A,108,108,HOME,,2025-11-26 19:08:32,0.0,0.0,0.0,0.0,0.0,0.0,0.0,0.0,0.0,0.0,0.0,,0.0,40.0,82.0,14.0,16.0,15.0,23.0,22.0,14.0,27.0,10.0,2.0,,108.0,0.0,0.0,0.0,0.0
2025-04-02_LAC_NOP,2025-04-02,LAC,NOP,,,,,,,N/A,N/A,98,98,HOME,,2025-11-26 19:08:32,0.0,0.0,0.0,0.0,0.0,0.0,0.0,0.0,0.0,0.0,0.0,,0.0,43.0,85.0,4.0,15.0,7.0,32.0,11.0,8.0,29.0,9.0,4.0,,98.0,0.0,0.0,0.0,0.0
2025-03-30_NOP_CHA,2025-03-30,NOP,CHA,,,,,,,N/A,N/A,98,98,HOME,,2025-11-26 19:08:32,38.0,92.0,9.0,17.0,14.0,43.0,17.0,13.0,24.0,9.0,8.0,,98.0,0.0,0.0,0.0,0.0,0.0,0.0,0.0,0.0,0.0,0.0,0.0,,0.0,0.0,0.0,0.0,0.0
2025-03-28_NOP_GSW,2025-03-28,NOP,GSW,,,,,,,N/A,N/A,95,95,AWAY,,2025-11-26 19:08:32,33.0,81.0,7.0,15.0,14.0,32.0,28.0,22.0,24.0,6.0,5.0,,95.0,0.0,0.0,0.0,0.0,0.0,0.0,0.0,0.0,0.0,0.0,0.0,,0.0,0.0,0.0,0.0,0.0
2025-03-24_NOP_PHI,2025-03-24,NOP,PHI,,,,,,,N/A,N/A,112,112,HOME,,2025-11-26 19:08:32,43.0,87.0,15.0,16.0,13.0,38.0,13.0,11.0,36.0,11.0,5.0,,112.0,0.0,0.0,0.0,0.0,0.0,0.0,0.0,0.0,0.0,0.0,0.0,,0.0,0.0,0.0,0.0,0.0
2025-03-23_DET_NOP,2025-03-23,DET,NOP,,,,,,,N/A,N/A,130,130,HOME,,2025-11-26 19:08:32,0.0,0.0,0.0,0.0,0.0,0.0,0.0,0.0,0.0,0.0,0.0,,0.0,49.0,85.0,20.0,17.0,10.0,27.0,16.0,12.0,35.0,3.0,5.0,,130.0,0.0,0.0,0.0,0.0
2025-03-21_MIN_NOP,2025-03-21,MIN,NOP,,,,,,,N/A,N/A,93,93,HOME,,2025-11-26 19:08:32,0.0,0.0,0.0,0.0,0.0,0.0,0.0,0.0,0.0,0.0,0.0,,0.0,34.0,68.0,11.0,25.0,7.0,26.0,22.0,14.0,20.0,11.0,4.0,,93.0,0.0,0.0,0.0,0.0
2025-03-19_MIN_NOP,2025-03-19,MIN,NOP,,,,,,,N/A,N/A,119,119,AWAY,,2025-11-26 19:08:32,0.0,0.0,0.0,0.0,0.0,0.0,0.0,0.0,0.0,0.0,0.0,,0.0,47.0,89.0,13.0,13.0,11.0,35.0,22.0,12.0,28.0,5.0,6.0,,119.0,0.0,0.0,0.0,0.0
2025-03-17_NOP_DET,2025-03-17,NOP,DET,,,,,,,N/A,N/A,81,81,AWAY,,2025-11-26 19:08:32,28.0,86.0,5.0,16.0,13.0,26.0,30.0,20.0,18.0,7.0,6.0,,81.0,0.0,0.0,0.0,0.0,0.0,0.0,0.0,0.0,0.0,0.0,0.0,,0.0,0.0,0.0,0.0,0.0
2025-03-15_SAS_NOP,2025-03-15,SAS,NOP,,,,,,,N/A,N/A,115,115,HOME,,2025-11-26 19:08:32,0.0,0.0,0.0,0.0,0.0,0.0,0.0,0.0,0.0,0.0,0.0,,0.0,46.0,92.0,12.0,15.0,12.0,40.0,11.0,11.0,34.0,2.0,3.0,,115.0,0.0,0.0,0.0,0.0
2025-03-13_NOP_ORL,2025-03-13,NOP,ORL,,,,,,,N/A,N/A,93,93,AWAY,,2025-11-26 19:08:32,35.0,79.0,7.0,13.0,11.0,29.0,21.0,16.0,23.0,3.0,4.0,,93.0,0.0,0.0,0.0,0.0,0.0,0.0,0.0,0.0,0.0,0.0,0.0,,0.0,0.0,0.0,0.0,0.0
2025-03-11_NOP_LAC,2025-03-11,NOP,LAC,,,,,,,N/A,N/A,127,127,HOME,,2025-11-26 19:08:32,47.0,85.0,17.0,19.0,12.0,34.0,18.0,16.0,34.0,7.0,7.0,,127.0,0.0,0.0,0.0,0.0,0.0,0.0,0.0,0.0,0.0,0.0,0.0,,0.0,0.0,0.0,0.0,0.0
2025-03-09_NOP_MEM,2025-03-09,NOP,MEM,,,,,,,N/A,N/A,104,104,AWAY,,2025-11-26 19:08:32,35.0,85.0,13.0,14.0,10.0,29.0,27.0,21.0,24.0,5.0,6.0,,104.0,0.0,0.0,0.0,0.0,0.0,0.0,0.0,0.0,0.0,0.0,0.0,,0.0,0.0,0.0,0.0,0.0
2025-03-08_HOU_NOP,2025-03-08,HOU,NOP,,,,,,,N/A,N/A,117,117,HOME,,2025-11-26 19:08:32,0.0,0.0,0.0,0.0,0.0,0.0,0.0,0.0,0.0,0.0,0.0,,0.0,48.0,99.0,12.0,13.0,18.0,26.0,16.0,9.0,29.0,7.0,3.0,,117.0,0.0,0.0,0.0,0.0
2025-03-06_NOP_HOU,2025-03-06,NOP,HOU,,,,,,,N/A,N/A,97,97,AWAY,,2025-11-26 19:08:32,31.0,83.0,9.0,15.0,15.0,26.0,33.0,26.0,17.0,9.0,7.0,,97.0,0.0,0.0,0.0,0.0,0.0,0.0,0.0,0.0,0.0,0.0,0.0,,0.0,0.0,0.0,0.0,0.0
2025-03-04_LAL_NOP,2025-03-04,LAL,NOP,,,,,,,N/A,N/A,115,115,HOME,,2025-11-26 19:08:32,0.0,0.0,0.0,0.0,0.0,0.0,0.0,0.0,0.0,0.0,0.0,,0.0,46.0,93.0,9.0,9.0,10.0,25.0,21.0,14.0,29.0,11.0,3.0,,115.0,0.0,0.0,0.0,0.0
2025-03-02_UTA_NOP,2025-03-02,UTA,NOP,,,,,,,N/A,N/A,128,128,AWAY,,2025-11-26 19:08:32,0.0,0.0,0.0,0.0,0.0,0.0,0.0,0.0,0.0,0.0,0.0,,0.0,53.0,102.0,15.0,11.0,13.0,35.0,13.0,7.0,35.0,8.0,5.0,,128.0,0.0,0.0,0.0,0.0
2025-02-28_PHX_NOP,2025-02-28,PHX,NOP,,,,,,,N/A,N/A,108,108,HOME,,2025-11-26 19:08:32,0.0,0.0,0.0,0.0,0.0,0.0,0.0,0.0,0.0,0.0,0.0,,0.0,44.0,87.0,11.0,14.0,13.0,22.0,15.0,9.0,28.0,10.0,3.0,,108.0,0.0,0.0,0.0,0.0
2025-02-27_PHX_NOP,2025-02-27,PHX,NOP,,,,,,,N/A,N/A,124,124,AWAY,,2025-11-26 19:08:32,0.0,0.0,0.0,0.0,0.0,0.0,0.0,0.0,0.0,0.0,0.0,,0.0,50.0,104.0,17.0,6.0,16.0,34.0,12.0,7.0,25.0,3.0,6.0,,124.0,0.0,0.0,0.0,0.0
2025-02-25_NOP_SAS,2025-02-25,NOP,SAS,,,,,,,N/A,N/A,109,109,HOME,,2025-11-26 19:08:32,41.0,94.0,7.0,19.0,20.0,34.0,25.0,20.0,25.0,11.0,6.0,,109.0,0.0,0.0,0.0,0.0,0.0,0.0,0.0,0.0,0.0,0.0,0.0,,0.0,0.0,0.0,0.0,0.0
2025-02-23_NOP_SAS,2025-02-23,NOP,SAS,,,,,,,N/A,N/A,114,114,HOME,,2025-11-26 19:08:32,42.0,94.0,11.0,16.0,17.0,52.0,26.0,19.0,27.0,3.0,3.0,,114.0,0.0,0.0,0.0,0.0,0.0,0.0,0.0,0.0,0.0,0.0,0.0,,0.0,0.0,0.0,0.0,0.0
2025-02-21_DAL_NOP,2025-02-21,DAL,NOP,,,,,,,N/A,N/A,103,103,HOME,,2025-11-26 19:08:32,0.0,0.0,0.0,0.0,0.0,0.0,0.0,0.0,0.0,0.0,0.0,,0.0,38.0,92.0,8.0,14.0,14.0,39.0,25.0,19.0,25.0,8.0,6.0,,103.0,0.0,0.0,0.0,0.0
2025-02-13_NOP_SAC,2025-02-13,NOP,SAC,,,,,,,N/A,N/A,140,140,HOME,,2025-11-26 19:08:32,46.0,92.0,21.0,10.0,7.0,38.0,34.0,27.0,32.0,11.0,7.0,,140.0,0.0,0.0,0.0,0.0,0.0,0.0,0.0,0.0,0.0,0.0,0.0,,0.0,0.0,0.0,0.0,0.0
2025-02-12_NOP_SAC,2025-02-12,NOP,SAC,,,,,,,N/A,N/A,111,111,AWAY,,2025-11-26 19:08:32,44.0,94.0,8.0,8.0,12.0,28.0,18.0,15.0,28.0,7.0,5.0,,111.0,0.0,0.0,0.0,0.0,0.0,0.0,0.0,0.0,0.0,0.0,0.0,,0.0,0.0,0.0,0.0,0.0
2025-02-10_OKC_NOP,2025-02-10,OKC,NOP,,,,,,,N/A,N/A,101,101,HOME,,2025-11-26 19:08:32,0.0,0.0,0.0,0.0,0.0,0.0,0.0,0.0,0.0,0.0,0.0,,0.0,36.0,82.0,10.0,22.0,12.0,30.0,28.0,19.0,19.0,4.0,4.0,,101.0,0.0,0.0,0.0,0.0
2025-02-08_SAC_NOP,2025-02-08,SAC,NOP,,,,,,,N/A,N/A,118,118,HOME,,2025-11-26 19:08:32,0.0,0.0,0.0,0.0,0.0,0.0,0.0,0.0,0.0,0.0,0.0,,0.0,43.0,90.0,14.0,16.0,5.0,34.0,25.0,18.0,27.0,12.0,8.0,,118.0,0.0,0.0,0.0,0.0
2025-02-05_DEN_NOP,2025-02-05,DEN,NOP,,,,,,,N/A,N/A,119,119,HOME,,2025-11-26 19:08:32,0.0,0.0,0.0,0.0,0.0,0.0,0.0,0.0,0.0,0.0,0.0,,0.0,43.0,93.0,10.0,11.0,10.0,28.0,26.0,23.0,26.0,5.0,3.0,,119.0,0.0,0.0,0.0,0.0
2025-02-03_DEN_NOP,2025-02-03,DEN,NOP,,,,,,,N/A,N/A,113,113,HOME,,2025-11-26 19:08:32,0.0,0.0,0.0,0.0,0.0,0.0,0.0,0.0,0.0,0.0,0.0,,0.0,38.0,88.0,18.0,10.0,14.0,27.0,22.0,19.0,27.0,5.0,4.0,,113.0,0.0,0.0,0.0,0.0
2025-01-29_NOP_DAL,2025-01-29,NOP,DAL,,,,,,,N/A,N/A,136,136,AWAY,,2025-11-26 19:08:32,51.0,96.0,15.0,8.0,10.0,26.0,22.0,19.0,31.0,13.0,6.0,,136.0,0.0,0.0,0.0,0.0,0.0,0.0,0.0,0.0,0.0,0.0,0.0,,0.0,0.0,0.0,0.0,0.0
2025-01-27_TOR_NOP,2025-01-27,TOR,NOP,,,,,,,N/A,N/A,104,104,HOME,,2025-11-26 19:08:32,0.0,0.0,0.0,0.0,0.0,0.0,0.0,0.0,0.0,0.0,0.0,,0.0,39.0,89.0,6.0,12.0,6.0,40.0,30.0,20.0,21.0,9.0,11.0,,104.0,0.0,0.0,0.0,0.0
2025-01-25_CHA_NOP,2025-01-25,CHA,NOP,,,,,,,N/A,N/A,92,92,HOME,,2025-11-26 19:08:32,0.0,0.0,0.0,0.0,0.0,0.0,0.0,0.0,0.0,0.0,0.0,,0.0,32.0,84.0,8.0,13.0,9.0,30.0,26.0,20.0,21.0,8.0,5.0,,92.0,0.0,0.0,0.0,0.0
2025-01-24_MEM_NOP,2025-01-24,MEM,NOP,,,,,,,N/A,N/A,126,126,HOME,,2025-11-26 19:08:32,0.0,0.0,0.0,0.0,0.0,0.0,0.0,0.0,0.0,0.0,0.0,,0.0,45.0,83.0,14.0,12.0,8.0,27.0,32.0,22.0,30.0,6.0,3.0,,126.0,0.0,0.0,0.0,0.0
2025-01-20_NOP_UTA,2025-01-20,NOP,UTA,,,,,,,N/A,N/A,123,123,HOME,,2025-11-26 19:08:32,41.0,92.0,15.0,13.0,6.0,39.0,29.0,26.0,28.0,12.0,8.0,,123.0,0.0,0.0,0.0,0.0,0.0,0.0,0.0,0.0,0.0,0.0,0.0,,0.0,0.0,0.0,0.0,0.0
2025-01-17_NOP_UTA,2025-01-17,NOP,UTA,,,,,,,N/A,N/A,136,136,HOME,,2025-11-26 19:08:32,47.0,100.0,22.0,13.0,21.0,35.0,31.0,20.0,34.0,9.0,8.0,,136.0,0.0,0.0,0.0,0.0,0.0,0.0,0.0,0.0,0.0,0.0,0.0,,0.0,0.0,0.0,0.0,0.0
2025-01-15_NOP_DAL,2025-01-15,NOP,DAL,,,,,,,N/A,N/A,119,119,HOME,,2025-11-26 19:08:32,43.0,97.0,13.0,10.0,15.0,34.0,24.0,20.0,24.0,11.0,8.0,,119.0,0.0,0.0,0.0,0.0,0.0,0.0,0.0,0.0,0.0,0.0,0.0,,0.0,0.0,0.0,0.0,0.0
2025-01-14_CHI_NOP,2025-01-14,CHI,NOP,,,,,,,N/A,N/A,119,119,AWAY,,2025-11-26 19:08:32,0.0,0.0,0.0,0.0,0.0,0.0,0.0,0.0,0.0,0.0,0.0,,0.0,42.0,96.0,14.0,10.0,13.0,33.0,26.0,21.0,32.0,11.0,5.0,,119.0,0.0,0.0,0.0,0.0
2025-01-10_PHI_NOP,2025-01-10,PHI,NOP,,,,,,,N/A,N/A,123,123,AWAY,,2025-11-26 19:08:32,0.0,0.0,0.0,0.0,0.0,0.0,0.0,0.0,0.0,0.0,0.0,,0.0,44.0,91.0,18.0,12.0,12.0,32.0,26.0,17.0,31.0,7.0,8.0,,123.0,0.0,0.0,0.0,0.0
2025-01-08_NOP_POR,2025-01-08,NOP,POR,,,,,,,N/A,N/A,100,100,AWAY,,2025-11-26 19:08:32,40.0,90.0,12.0,17.0,18.0,23.0,11.0,8.0,19.0,11.0,3.0,,100.0,0.0,0.0,0.0,0.0,0.0,0.0,0.0,0.0,0.0,0.0,0.0,,0.0,0.0,0.0,0.0,0.0
2025-01-07_NOP_MIN,2025-01-07,NOP,MIN,,,,,,,N/A,N/A,97,97,AWAY,,2025-11-26 19:08:32,35.0,94.0,12.0,14.0,13.0,33.0,24.0,15.0,23.0,12.0,5.0,,97.0,0.0,0.0,0.0,0.0,0.0,0.0,0.0,0.0,0.0,0.0,0.0,,0.0,0.0,0.0,0.0,0.0
2025-01-05_WAS_NOP,2025-01-05,WAS,NOP,,,,,,,N/A,N/A,110,110,AWAY,,2025-11-26 19:08:32,0.0,0.0,0.0,0.0,0.0,0.0,0.0,0.0,0.0,0.0,0.0,,0.0,37.0,90.0,18.0,11.0,11.0,38.0,20.0,18.0,26.0,7.0,8.0,,110.0,0.0,0.0,0.0,0.0
2025-01-03_NOP_WAS,2025-01-03,NOP,WAS,,,,,,,N/A,N/A,132,132,HOME,,2025-11-26 19:08:32,48.0,96.0,18.0,7.0,13.0,24.0,22.0,18.0,36.0,10.0,6.0,,132.0,0.0,0.0,0.0,0.0,0.0,0.0,0.0,0.0,0.0,0.0,0.0,,0.0,0.0,0.0,0.0,0.0
2025-01-01_MIA_NOP,2025-01-01,MIA,NOP,,,,,,,N/A,N/A,108,108,HOME,,2025-11-26 19:08:32,0.0,0.0,0.0,0.0,0.0,0.0,0.0,0.0,0.0,0.0,0.0,,0.0,40.0,80.0,9.0,10.0,5.0,26.0,22.0,19.0,25.0,4.0,7.0,,108.0,0.0,0.0,0.0,0.0
2024-12-30_NOP_LAC,2024-12-30,NOP,LAC,,,,,,,N/A,N/A,113,113,AWAY,,2025-11-26 19:08:32,42.0,82.0,18.0,16.0,6.0,29.0,14.0,11.0,30.0,13.0,5.0,,113.0,0.0,0.0,0.0,0.0,0.0,0.0,0.0,0.0,0.0,0.0,0.0,,0.0,0.0,0.0,0.0,0.0
2024-12-27_NOP_MEM,2024-12-27,NOP,MEM,,,,,,,N/A,N/A,124,124,AWAY,,2025-11-26 19:08:32,43.0,96.0,11.0,17.0,12.0,33.0,29.0,27.0,30.0,13.0,10.0,,124.0,0.0,0.0,0.0,0.0,0.0,0.0,0.0,0.0,0.0,0.0,0.0,,0.0,0.0,0.0,0.0,0.0
2024-12-26_NOP_HOU,2024-12-26,NOP,HOU,,,,,,,N/A,N/A,111,111,AWAY,,2025-11-26 19:08:32,43.0,99.0,12.0,13.0,17.0,27.0,18.0,13.0,29.0,12.0,2.0,,111.0,0.0,0.0,0.0,0.0,0.0,0.0,0.0,0.0,0.0,0.0,0.0,,0.0,0.0,0.0,0.0,0.0
2024-12-22_NOP_DEN,2024-12-22,NOP,DEN,,,,,,,N/A,N/A,129,129,AWAY,,2025-11-26 19:08:32,50.0,108.0,12.0,13.0,9.0,34.0,23.0,17.0,37.0,16.0,9.0,,129.0,0.0,0.0,0.0,0.0,0.0,0.0,0.0,0.0,0.0,0.0,0.0,,0.0,0.0,0.0,0.0,0.0
2024-12-21_NOP_NYK,2024-12-21,NOP,NYK,,,,,,,N/A,N/A,93,93,AWAY,,2025-11-26 19:08:32,34.0,83.0,12.0,19.0,16.0,29.0,19.0,13.0,23.0,8.0,5.0,,93.0,0.0,0.0,0.0,0.0,0.0,0.0,0.0,0.0,0.0,0.0,0.0,,0.0,0.0,0.0,0.0,0.0
2024-12-19_HOU_NOP,2024-12-19,HOU,NOP,,,,,,,N/A,N/A,113,113,HOME,,2025-11-26 19:08:32,0.0,0.0,0.0,0.0,0.0,0.0,0.0,0.0,0.0,0.0,0.0,,0.0,41.0,92.0,13.0,12.0,11.0,26.0,25.0,18.0,25.0,6.0,2.0,,113.0,0.0,0.0,0.0,0.0
2024-12-15_IND_NOP,2024-12-15,IND,NOP,,,,,,,N/A,N/A,104,104,HOME,,2025-11-26 19:08:32,0.0,0.0,0.0,0.0,0.0,0.0,0.0,0.0,0.0,0.0,0.0,,0.0,38.0,97.0,10.0,18.0,19.0,30.0,23.0,18.0,18.0,11.0,4.0,,104.0,0.0,0.0,0.0,0.0
2024-12-12_NOP_SAC,2024-12-12,NOP,SAC,,,,,,,N/A,N/A,109,109,AWAY,,2025-11-26 19:08:32,39.0,83.0,14.0,17.0,10.0,33.0,20.0,17.0,22.0,6.0,4.0,,109.0,0.0,0.0,0.0,0.0,0.0,0.0,0.0,0.0,0.0,0.0,0.0,,0.0,0.0,0.0,0.0,0.0
2024-12-08_SAS_NOP,2024-12-08,SAS,NOP,,,,,,,N/A,N/A,116,116,HOME,,2025-11-26 19:08:32,0.0,0.0,0.0,0.0,0.0,0.0,0.0,0.0,0.0,0.0,0.0,,0.0,43.0,99.0,13.0,8.0,13.0,30.0,21.0,17.0,26.0,9.0,8.0,,116.0,0.0,0.0,0.0,0.0
2024-12-07_NOP_OKC,2024-12-07,NOP,OKC,,,,,,,N/A,N/A,109,109,AWAY,,2025-11-26 19:08:32,38.0,79.0,11.0,18.0,8.0,27.0,27.0,22.0,25.0,15.0,6.0,,109.0,0.0,0.0,0.0,0.0,0.0,0.0,0.0,0.0,0.0,0.0,0.0,,0.0,0.0,0.0,0.0,0.0
2024-12-05_NOP_PHX,2024-12-05,NOP,PHX,,,,,,,N/A,N/A,126,126,HOME,,2025-11-26 19:08:32,47.0,95.0,14.0,13.0,12.0,32.0,25.0,18.0,23.0,13.0,4.0,,126.0,0.0,0.0,0.0,0.0,0.0,0.0,0.0,0.0,0.0,0.0,0.0,,0.0,0.0,0.0,0.0,0.0
2024-12-01_NYK_NOP,2024-12-01,NYK,NOP,,,,,,,N/A,N/A,85,85,HOME,,2025-11-26 19:08:32,0.0,0.0,0.0,0.0,0.0,0.0,0.0,0.0,0.0,0.0,0.0,,0.0,35.0,94.0,4.0,14.0,13.0,29.0,17.0,11.0,20.0,14.0,9.0,,85.0,0.0,0.0,0.0,0.0
2024-11-29_MEM_NOP,2024-11-29,MEM,NOP,,,,,,,N/A,N/A,109,109,HOME,,2025-11-26 19:08:32,0.0,0.0,0.0,0.0,0.0,0.0,0.0,0.0,0.0,0.0,0.0,,0.0,38.0,91.0,9.0,14.0,14.0,32.0,30.0,24.0,16.0,9.0,7.0,,109.0,0.0,0.0,0.0,0.0
2024-11-27_NOP_TOR,2024-11-27,NOP,TOR,,,,,,,N/A,N/A,93,93,AWAY,,2025-11-26 19:08:32,36.0,93.0,11.0,15.0,10.0,37.0,16.0,10.0,24.0,12.0,4.0,,93.0,0.0,0.0,0.0,0.0,0.0,0.0,0.0,0.0,0.0,0.0,0.0,,0.0,0.0,0.0,0.0,0.0
2024-11-25_IND_NOP,2024-11-25,IND,NOP,,,,,,,N/A,N/A,110,110,HOME,,2025-11-26 19:08:32,0.0,0.0,0.0,0.0,0.0,0.0,0.0,0.0,0.0,0.0,0.0,,0.0,45.0,87.0,9.0,15.0,8.0,36.0,19.0,11.0,35.0,9.0,3.0,,110.0,0.0,0.0,0.0,0.0
2024-11-22_NOP_GSW,2024-11-22,NOP,GSW,,,,,,,N/A,N/A,108,108,AWAY,,2025-11-26 19:08:32,41.0,92.0,12.0,9.0,13.0,30.0,22.0,14.0,28.0,10.0,9.0,,108.0,0.0,0.0,0.0,0.0,0.0,0.0,0.0,0.0,0.0,0.0,0.0,,0.0,0.0,0.0,0.0,0.0
2024-11-19_DAL_NOP,2024-11-19,DAL,NOP,,,,,,,N/A,N/A,91,91,HOME,,2025-11-26 19:08:32,0.0,0.0,0.0,0.0,0.0,0.0,0.0,0.0,0.0,0.0,0.0,,0.0,31.0,78.0,11.0,21.0,7.0,30.0,21.0,18.0,19.0,9.0,4.0,,91.0,0.0,0.0,0.0,0.0
2024-11-16_NOP_LAL,2024-11-16,NOP,LAL,,,,,,,N/A,N/A,99,99,AWAY,,2025-11-26 19:08:32,35.0,83.0,11.0,17.0,18.0,32.0,23.0,18.0,24.0,7.0,4.0,,99.0,0.0,0.0,0.0,0.0,0.0,0.0,0.0,0.0,0.0,0.0,0.0,,0.0,0.0,0.0,0.0,0.0
2024-11-15_NOP_DEN,2024-11-15,NOP,DEN,,,,,,,N/A,N/A,101,101,HOME,,2025-11-26 19:08:32,37.0,87.0,11.0,14.0,17.0,39.0,18.0,16.0,21.0,4.0,5.0,,101.0,0.0,0.0,0.0,0.0,0.0,0.0,0.0,0.0,0.0,0.0,0.0,,0.0,0.0,0.0,0.0,0.0
2024-11-13_OKC_NOP,2024-11-13,OKC,NOP,,,,,,,N/A,N/A,88,88,HOME,,2025-11-26 19:08:32,0.0,0.0,0.0,0.0,0.0,0.0,0.0,0.0,0.0,0.0,0.0,,0.0,34.0,86.0,9.0,23.0,21.0,37.0,17.0,11.0,21.0,3.0,4.0,,88.0,0.0,0.0,0.0,0.0
2024-11-11_NOP_BKN,2024-11-11,NOP,BKN,,,,,,,N/A,N/A,105,105,AWAY,,2025-11-26 19:08:32,42.0,94.0,10.0,10.0,14.0,31.0,12.0,11.0,31.0,13.0,4.0,,105.0,0.0,0.0,0.0,0.0,0.0,0.0,0.0,0.0,0.0,0.0,0.0,,0.0,0.0,0.0,0.0,0.0
2024-11-08_ORL_NOP,2024-11-08,ORL,NOP,,,,,,,N/A,N/A,88,88,HOME,,2025-11-26 19:08:32,0.0,0.0,0.0,0.0,0.0,0.0,0.0,0.0,0.0,0.0,0.0,,0.0,32.0,84.0,10.0,15.0,6.0,25.0,17.0,14.0,18.0,10.0,1.0,,88.0,0.0,0.0,0.0,0.0
2024-11-04_NOP_POR,2024-11-04,NOP,POR,,,,,,,N/A,N/A,100,100,AWAY,,2025-11-26 19:08:32,38.0,84.0,10.0,12.0,10.0,24.0,16.0,14.0,24.0,5.0,3.0,,100.0,0.0,0.0,0.0,0.0,0.0,0.0,0.0,0.0,0.0,0.0,0.0,,0.0,0.0,0.0,0.0,0.0
2024-11-01_NOP_IND,2024-11-01,NOP,IND,,,,,,,N/A,N/A,125,125,HOME,,2025-11-26 19:08:32,49.0,101.0,12.0,6.0,15.0,31.0,19.0,15.0,28.0,8.0,4.0,,125.0,0.0,0.0,0.0,0.0,0.0,0.0,0.0,0.0,0.0,0.0,0.0,,0.0,0.0,0.0,0.0,0.0
2024-10-30_GSW_NOP,2024-10-30,GSW,NOP,,,,,,,N/A,N/A,89,89,HOME,,2025-11-26 19:08:32,0.0,0.0,0.0,0.0,0.0,0.0,0.0,0.0,0.0,0.0,0.0,,0.0,33.0,90.0,11.0,14.0,18.0,31.0,20.0,12.0,24.0,7.0,6.0,,89.0,0.0,0.0,0.0,0.0
2024-10-29_GSW_NOP,2024-10-29,GSW,NOP,,,,,,,N/A,N/A,106,106,HOME,,2025-11-26 19:08:32,0.0,0.0,0.0,0.0,0.0,0.0,0.0,0.0,0.0,0.0,0.0,,0.0,40.0,74.0,9.0,23.0,9.0,35.0,24.0,17.0,23.0,4.0,6.0,,106.0,0.0,0.0,0.0,0.0
2024-10-27_POR_NOP,2024-10-27,POR,NOP,,,,,,,N/A,N/A,103,103,HOME,,2025-11-26 19:08:32,0.0,0.0,0.0,0.0,0.0,0.0,0.0,0.0,0.0,0.0,0.0,,0.0,38.0,88.0,8.0,15.0,15.0,24.0,24.0,19.0,24.0,9.0,8.0,,103.0,0.0,0.0,0.0,0.0
2024-10-25_POR_NOP,2024-10-25,POR,NOP,,,,,,,N/A,N/A,105,105,AWAY,,2025-11-26 19:08:32,0.0,0.0,0.0,0.0,0.0,0.0,0.0,0.0,0.0,0.0,0.0,,0.0,36.0,86.0,12.0,14.0,11.0,33.0,31.0,21.0,25.0,12.0,8.0,,105.0,0.0,0.0,0.0,0.0
2024-10-23_NOP_CHI,2024-10-23,NOP,CHI,,,,,,,N/A,N/A,123,123,HOME,,2025-11-26 19:08:32,45.0,97.0,14.0,11.0,7.0,35.0,21.0,19.0,29.0,15.0,10.0,,123.0,0.0,0.0,0.0,0.0,0.0,0.0,0.0,0.0,0.0,0.0,0.0,,0.0,0.0,0.0,0.0,0.0
2025-04-13_PHI_CHI,2025-04-13,PHI,CHI,,,,,,,N/A,N/A,122,122,AWAY,,2025-11-26 19:08:33,0.0,0.0,0.0,0.0,0.0,0.0,0.0,0.0,0.0,0.0,0.0,,0.0,47.0,103.0,13.0,12.0,15.0,44.0,20.0,15.0,29.0,10.0,4.0,,122.0,0.0,0.0,0.0,0.0
2025-04-11_CHI_WAS,2025-04-11,CHI,WAS,,,,,,,N/A,N/A,119,119,HOME,,2025-11-26 19:08:33,43.0,93.0,13.0,12.0,13.0,41.0,22.0,20.0,32.0,8.0,7.0,,119.0,0.0,0.0,0.0,0.0,0.0,0.0,0.0,0.0,0.0,0.0,0.0,,0.0,0.0,0.0,0.0,0.0
2025-04-09_CHI_MIA,2025-04-09,CHI,MIA,,,,,,,N/A,N/A,119,119,HOME,,2025-11-26 19:08:33,46.0,89.0,14.0,16.0,10.0,36.0,13.0,13.0,33.0,8.0,7.0,,119.0,0.0,0.0,0.0,0.0,0.0,0.0,0.0,0.0,0.0,0.0,0.0,,0.0,0.0,0.0,0.0,0.0
2025-04-06_CHA_CHI,2025-04-06,CHA,CHI,,,,,,,N/A,N/A,131,131,AWAY,,2025-11-26 19:08:33,0.0,0.0,0.0,0.0,0.0,0.0,0.0,0.0,0.0,0.0,0.0,,0.0,46.0,86.0,16.0,12.0,9.0,32.0,29.0,23.0,26.0,8.0,1.0,,131.0,0.0,0.0,0.0,0.0
2025-04-04_CHI_POR,2025-04-04,CHI,POR,,,,,,,N/A,N/A,118,118,HOME,,2025-11-26 19:08:33,41.0,87.0,10.0,17.0,11.0,50.0,31.0,26.0,25.0,2.0,8.0,,118.0,0.0,0.0,0.0,0.0,0.0,0.0,0.0,0.0,0.0,0.0,0.0,,0.0,0.0,0.0,0.0,0.0
2025-04-01_CHI_TOR,2025-04-01,CHI,TOR,,,,,,,N/A,N/A,137,137,HOME,,2025-11-26 19:08:33,50.0,88.0,14.0,12.0,10.0,39.0,27.0,23.0,36.0,10.0,2.0,,137.0,0.0,0.0,0.0,0.0,0.0,0.0,0.0,0.0,0.0,0.0,0.0,,0.0,0.0,0.0,0.0,0.0
2025-03-31_OKC_CHI,2025-03-31,OKC,CHI,,,,,,,N/A,N/A,117,117,HOME,,2025-11-26 19:08:33,0.0,0.0,0.0,0.0,0.0,0.0,0.0,0.0,0.0,0.0,0.0,,0.0,44.0,98.0,16.0,19.0,10.0,33.0,16.0,13.0,29.0,7.0,7.0,,117.0,0.0,0.0,0.0,0.0
2025-03-29_CHI_DAL,2025-03-29,CHI,DAL,,,,,,,N/A,N/A,119,119,AWAY,,2025-11-26 19:08:33,43.0,91.0,14.0,19.0,12.0,44.0,24.0,19.0,31.0,4.0,3.0,,119.0,0.0,0.0,0.0,0.0,0.0,0.0,0.0,0.0,0.0,0.0,0.0,,0.0,0.0,0.0,0.0,0.0
2025-03-27_CHI_LAL,2025-03-27,CHI,LAL,,,,,,,N/A,N/A,119,119,HOME,,2025-11-26 19:08:33,43.0,92.0,19.0,15.0,11.0,37.0,22.0,14.0,33.0,4.0,2.0,,119.0,0.0,0.0,0.0,0.0,0.0,0.0,0.0,0.0,0.0,0.0,0.0,,0.0,0.0,0.0,0.0,0.0
2025-03-24_DEN_CHI,2025-03-24,DEN,CHI,,,,,,,N/A,N/A,129,129,AWAY,,2025-11-26 19:08:33,0.0,0.0,0.0,0.0,0.0,0.0,0.0,0.0,0.0,0.0,0.0,,0.0,45.0,91.0,17.0,10.0,12.0,31.0,26.0,22.0,31.0,8.0,5.0,,129.0,0.0,0.0,0.0,0.0
2025-03-22_LAL_CHI,2025-03-22,LAL,CHI,,,,,,,N/A,N/A,146,146,AWAY,,2025-11-26 19:08:33,0.0,0.0,0.0,0.0,0.0,0.0,0.0,0.0,0.0,0.0,0.0,,0.0,56.0,96.0,19.0,10.0,10.0,32.0,20.0,15.0,41.0,17.0,5.0,,146.0,0.0,0.0,0.0,0.0
2025-03-20_SAC_CHI,2025-03-20,SAC,CHI,,,,,,,N/A,N/A,128,128,AWAY,,2025-11-26 19:08:33,0.0,0.0,0.0,0.0,0.0,0.0,0.0,0.0,0.0,0.0,0.0,,0.0,45.0,86.0,15.0,12.0,12.0,28.0,26.0,23.0,32.0,9.0,2.0,,128.0,0.0,0.0,0.0,0.0
2025-03-19_PHX_CHI,2025-03-19,PHX,CHI,,,,,,,N/A,N/A,121,121,HOME,,2025-11-26 19:08:33,0.0,0.0,0.0,0.0,0.0,0.0,0.0,0.0,0.0,0.0,0.0,,0.0,49.0,90.0,15.0,13.0,8.0,32.0,12.0,8.0,29.0,7.0,8.0,,121.0,0.0,0.0,0.0,0.0
2025-03-17_UTA_CHI,2025-03-17,UTA,CHI,,,,,,,N/A,N/A,111,111,AWAY,,2025-11-26 19:08:33,0.0,0.0,0.0,0.0,0.0,0.0,0.0,0.0,0.0,0.0,0.0,,0.0,42.0,97.0,14.0,9.0,9.0,40.0,16.0,13.0,29.0,12.0,3.0,,111.0,0.0,0.0,0.0,0.0
2025-03-15_HOU_CHI,2025-03-15,HOU,CHI,,,,,,,N/A,N/A,114,114,HOME,,2025-11-26 19:08:33,0.0,0.0,0.0,0.0,0.0,0.0,0.0,0.0,0.0,0.0,0.0,,0.0,43.0,93.0,14.0,10.0,5.0,31.0,16.0,14.0,24.0,6.0,5.0,,114.0,0.0,0.0,0.0,0.0
2025-03-13_CHI_BKN,2025-03-13,CHI,BKN,,,,,,,N/A,N/A,116,116,HOME,,2025-11-26 19:08:33,41.0,90.0,11.0,8.0,13.0,34.0,26.0,23.0,24.0,8.0,4.0,,116.0,0.0,0.0,0.0,0.0,0.0,0.0,0.0,0.0,0.0,0.0,0.0,,0.0,0.0,0.0,0.0,0.0
2025-03-10_CHI_IND,2025-03-10,CHI,IND,,,,,,,N/A,N/A,121,121,HOME,,2025-11-26 19:08:33,49.0,98.0,12.0,18.0,10.0,46.0,14.0,11.0,30.0,4.0,6.0,,121.0,0.0,0.0,0.0,0.0,0.0,0.0,0.0,0.0,0.0,0.0,0.0,,0.0,0.0,0.0,0.0,0.0
2025-03-08_MIA_CHI,2025-03-08,MIA,CHI,,,,,,,N/A,N/A,114,114,AWAY,,2025-11-26 19:08:33,0.0,0.0,0.0,0.0,0.0,0.0,0.0,0.0,0.0,0.0,0.0,,0.0,40.0,88.0,11.0,10.0,5.0,46.0,26.0,23.0,27.0,6.0,4.0,,114.0,0.0,0.0,0.0,0.0
2025-03-06_ORL_CHI,2025-03-06,ORL,CHI,,,,,,,N/A,N/A,125,125,AWAY,,2025-11-26 19:08:33,0.0,0.0,0.0,0.0,0.0,0.0,0.0,0.0,0.0,0.0,0.0,,0.0,43.0,86.0,15.0,18.0,13.0,35.0,30.0,24.0,25.0,5.0,7.0,,125.0,0.0,0.0,0.0,0.0
2025-03-02_IND_CHI,2025-03-02,IND,CHI,,,,,,,N/A,N/A,112,112,HOME,,2025-11-26 19:08:33,0.0,0.0,0.0,0.0,0.0,0.0,0.0,0.0,0.0,0.0,0.0,,0.0,44.0,88.0,10.0,12.0,12.0,30.0,18.0,14.0,24.0,6.0,4.0,,112.0,0.0,0.0,0.0,0.0
2025-02-28_CHI_TOR,2025-02-28,CHI,TOR,,,,,,,N/A,N/A,125,125,HOME,,2025-11-26 19:08:33,45.0,101.0,13.0,11.0,10.0,35.0,25.0,22.0,32.0,11.0,4.0,,125.0,0.0,0.0,0.0,0.0,0.0,0.0,0.0,0.0,0.0,0.0,0.0,,0.0,0.0,0.0,0.0,0.0
2025-02-26_CHI_LAC,2025-02-26,CHI,LAC,,,,,,,N/A,N/A,117,117,AWAY,,2025-11-26 19:08:33,46.0,94.0,19.0,16.0,15.0,26.0,11.0,6.0,35.0,9.0,1.0,,117.0,0.0,0.0,0.0,0.0,0.0,0.0,0.0,0.0,0.0,0.0,0.0,,0.0,0.0,0.0,0.0,0.0
2025-02-24_PHI_CHI,2025-02-24,PHI,CHI,,,,,,,N/A,N/A,142,142,AWAY,,2025-11-26 19:08:33,0.0,0.0,0.0,0.0,0.0,0.0,0.0,0.0,0.0,0.0,0.0,,0.0,45.0,89.0,18.0,13.0,10.0,34.0,36.0,34.0,32.0,11.0,6.0,,142.0,0.0,0.0,0.0,0.0
2025-02-22_CHI_PHX,2025-02-22,CHI,PHX,,,,,,,N/A,N/A,117,117,AWAY,,2025-11-26 19:08:33,41.0,98.0,18.0,9.0,11.0,34.0,17.0,17.0,29.0,9.0,4.0,,117.0,0.0,0.0,0.0,0.0,0.0,0.0,0.0,0.0,0.0,0.0,0.0,,0.0,0.0,0.0,0.0,0.0
2025-02-20_NYK_CHI,2025-02-20,NYK,CHI,,,,,,,N/A,N/A,111,111,HOME,,2025-11-26 19:08:33,0.0,0.0,0.0,0.0,0.0,0.0,0.0,0.0,0.0,0.0,0.0,,0.0,41.0,103.0,19.0,15.0,11.0,42.0,12.0,10.0,24.0,6.0,6.0,,111.0,0.0,0.0,0.0,0.0
2025-02-12_CHI_DET,2025-02-12,CHI,DET,,,,,,,N/A,N/A,110,110,AWAY,,2025-11-26 19:08:33,37.0,86.0,9.0,16.0,10.0,27.0,30.0,27.0,23.0,9.0,7.0,,110.0,0.0,0.0,0.0,0.0,0.0,0.0,0.0,0.0,0.0,0.0,0.0,,0.0,0.0,0.0,0.0,0.0
2025-02-11_CHI_DET,2025-02-11,CHI,DET,,,,,,,N/A,N/A,92,92,AWAY,,2025-11-26 19:08:33,35.0,100.0,10.0,14.0,14.0,30.0,19.0,12.0,22.0,9.0,2.0,,92.0,0.0,0.0,0.0,0.0,0.0,0.0,0.0,0.0,0.0,0.0,0.0,,0.0,0.0,0.0,0.0,0.0
2025-02-08_CHI_GSW,2025-02-08,CHI,GSW,,,,,,,N/A,N/A,111,111,AWAY,,2025-11-26 19:08:33,35.0,79.0,17.0,17.0,6.0,25.0,31.0,24.0,24.0,8.0,4.0,,111.0,0.0,0.0,0.0,0.0,0.0,0.0,0.0,0.0,0.0,0.0,0.0,,0.0,0.0,0.0,0.0,0.0
2025-02-05_MIN_CHI,2025-02-05,MIN,CHI,,,,,,,N/A,N/A,108,108,HOME,,2025-11-26 19:08:34,0.0,0.0,0.0,0.0,0.0,0.0,0.0,0.0,0.0,0.0,0.0,,0.0,40.0,83.0,12.0,9.0,6.0,28.0,22.0,16.0,25.0,9.0,5.0,,108.0,0.0,0.0,0.0,0.0
2025-02-04_CHI_MIA,2025-02-04,CHI,MIA,,,,,,,N/A,N/A,133,133,HOME,,2025-11-26 19:08:34,48.0,91.0,19.0,10.0,7.0,36.0,22.0,18.0,35.0,4.0,3.0,,133.0,0.0,0.0,0.0,0.0,0.0,0.0,0.0,0.0,0.0,0.0,0.0,,0.0,0.0,0.0,0.0,0.0
2025-02-02_DET_CHI,2025-02-02,DET,CHI,,,,,,,N/A,N/A,119,119,HOME,,2025-11-26 19:08:34,0.0,0.0,0.0,0.0,0.0,0.0,0.0,0.0,0.0,0.0,0.0,,0.0,41.0,89.0,19.0,19.0,11.0,33.0,20.0,18.0,28.0,7.0,4.0,,119.0,0.0,0.0,0.0,0.0
2025-01-31_TOR_CHI,2025-01-31,TOR,CHI,,,,,,,N/A,N/A,122,122,AWAY,,2025-11-26 19:08:34,0.0,0.0,0.0,0.0,0.0,0.0,0.0,0.0,0.0,0.0,0.0,,0.0,45.0,89.0,18.0,10.0,9.0,43.0,17.0,14.0,34.0,4.0,9.0,,122.0,0.0,0.0,0.0,0.0
2025-01-27_CHI_DEN,2025-01-27,CHI,DEN,,,,,,,N/A,N/A,129,129,HOME,,2025-11-26 19:08:34,49.0,98.0,24.0,17.0,13.0,34.0,8.0,7.0,35.0,11.0,5.0,,129.0,0.0,0.0,0.0,0.0,0.0,0.0,0.0,0.0,0.0,0.0,0.0,,0.0,0.0,0.0,0.0,0.0
2025-01-25_CHI_PHI,2025-01-25,CHI,PHI,,,,,,,N/A,N/A,97,97,AWAY,,2025-11-26 19:08:34,36.0,85.0,12.0,19.0,13.0,41.0,20.0,13.0,24.0,6.0,3.0,,97.0,0.0,0.0,0.0,0.0,0.0,0.0,0.0,0.0,0.0,0.0,0.0,,0.0,0.0,0.0,0.0,0.0
2025-01-23_GSW_CHI,2025-01-23,GSW,CHI,,,,,,,N/A,N/A,106,106,HOME,,2025-11-26 19:08:34,0.0,0.0,0.0,0.0,0.0,0.0,0.0,0.0,0.0,0.0,0.0,,0.0,34.0,87.0,16.0,11.0,10.0,32.0,27.0,22.0,22.0,7.0,2.0,,106.0,0.0,0.0,0.0,0.0
2025-01-20_LAC_CHI,2025-01-20,LAC,CHI,,,,,,,N/A,N/A,112,112,AWAY,,2025-11-26 19:08:34,0.0,0.0,0.0,0.0,0.0,0.0,0.0,0.0,0.0,0.0,0.0,,0.0,38.0,94.0,15.0,10.0,17.0,37.0,26.0,21.0,25.0,7.0,6.0,,112.0,0.0,0.0,0.0,0.0
2025-01-19_POR_CHI,2025-01-19,POR,CHI,,,,,,,N/A,N/A,102,102,HOME,,2025-11-26 19:08:34,0.0,0.0,0.0,0.0,0.0,0.0,0.0,0.0,0.0,0.0,0.0,,0.0,36.0,81.0,8.0,14.0,8.0,28.0,26.0,22.0,21.0,10.0,7.0,,102.0,0.0,0.0,0.0,0.0
2025-01-17_CHI_CHA,2025-01-17,CHI,CHA,,,,,,,N/A,N/A,123,123,AWAY,,2025-11-26 19:08:34,48.0,95.0,14.0,13.0,12.0,33.0,14.0,13.0,34.0,9.0,3.0,,123.0,0.0,0.0,0.0,0.0,0.0,0.0,0.0,0.0,0.0,0.0,0.0,,0.0,0.0,0.0,0.0,0.0
2025-01-12_CHI_SAC,2025-01-12,CHI,SAC,,,,,,,N/A,N/A,119,119,AWAY,,2025-11-26 19:08:34,43.0,93.0,18.0,7.0,8.0,37.0,20.0,15.0,26.0,4.0,4.0,,119.0,0.0,0.0,0.0,0.0,0.0,0.0,0.0,0.0,0.0,0.0,0.0,,0.0,0.0,0.0,0.0,0.0
2025-01-10_CHI_WAS,2025-01-10,CHI,WAS,,,,,,,N/A,N/A,138,138,HOME,,2025-11-26 19:08:34,53.0,95.0,23.0,13.0,11.0,44.0,14.0,9.0,39.0,11.0,7.0,,138.0,0.0,0.0,0.0,0.0,0.0,0.0,0.0,0.0,0.0,0.0,0.0,,0.0,0.0,0.0,0.0,0.0
2025-01-08_IND_CHI,2025-01-08,IND,CHI,,,,,,,N/A,N/A,113,113,HOME,,2025-11-26 19:08:34,0.0,0.0,0.0,0.0,0.0,0.0,0.0,0.0,0.0,0.0,0.0,,0.0,44.0,86.0,12.0,18.0,9.0,30.0,19.0,13.0,23.0,6.0,6.0,,113.0,0.0,0.0,0.0,0.0
2025-01-06_CHI_SAS,2025-01-06,CHI,SAS,,,,,,,N/A,N/A,114,114,HOME,,2025-11-26 19:08:34,44.0,102.0,13.0,13.0,14.0,33.0,15.0,13.0,25.0,12.0,4.0,,114.0,0.0,0.0,0.0,0.0,0.0,0.0,0.0,0.0,0.0,0.0,0.0,,0.0,0.0,0.0,0.0,0.0
2025-01-04_CHI_NYK,2025-01-04,CHI,NYK,,,,,,,N/A,N/A,139,139,HOME,,2025-11-26 19:08:34,51.0,94.0,20.0,12.0,9.0,34.0,18.0,17.0,36.0,6.0,4.0,,139.0,0.0,0.0,0.0,0.0,0.0,0.0,0.0,0.0,0.0,0.0,0.0,,0.0,0.0,0.0,0.0,0.0
2025-01-01_WAS_CHI,2025-01-01,WAS,CHI,,,,,,,N/A,N/A,107,107,HOME,,2025-11-26 19:08:34,0.0,0.0,0.0,0.0,0.0,0.0,0.0,0.0,0.0,0.0,0.0,,0.0,41.0,92.0,14.0,20.0,8.0,36.0,14.0,11.0,28.0,11.0,6.0,,107.0,0.0,0.0,0.0,0.0
2024-12-30_CHA_CHI,2024-12-30,CHA,CHI,,,,,,,N/A,N/A,115,115,AWAY,,2025-11-26 19:08:34,0.0,0.0,0.0,0.0,0.0,0.0,0.0,0.0,0.0,0.0,0.0,,0.0,39.0,104.0,18.0,13.0,14.0,49.0,27.0,19.0,31.0,11.0,4.0,,115.0,0.0,0.0,0.0,0.0
2024-12-28_CHI_MIL,2024-12-28,CHI,MIL,,,,,,,N/A,N/A,116,116,HOME,,2025-11-26 19:08:34,45.0,95.0,14.0,11.0,11.0,41.0,17.0,12.0,33.0,4.0,6.0,,116.0,0.0,0.0,0.0,0.0,0.0,0.0,0.0,0.0,0.0,0.0,0.0,,0.0,0.0,0.0,0.0,0.0
2024-12-23_CHI_MIL,2024-12-23,CHI,MIL,,,,,,,N/A,N/A,91,91,AWAY,,2025-11-26 19:08:34,36.0,90.0,10.0,15.0,9.0,37.0,12.0,9.0,27.0,9.0,1.0,,91.0,0.0,0.0,0.0,0.0,0.0,0.0,0.0,0.0,0.0,0.0,0.0,,0.0,0.0,0.0,0.0,0.0
2024-12-16_TOR_CHI,2024-12-16,TOR,CHI,,,,,,,N/A,N/A,122,122,AWAY,,2025-11-26 19:08:34,0.0,0.0,0.0,0.0,0.0,0.0,0.0,0.0,0.0,0.0,0.0,,0.0,43.0,93.0,14.0,12.0,8.0,33.0,28.0,22.0,33.0,12.0,8.0,,122.0,0.0,0.0,0.0,0.0
2024-12-13_CHI_CHA,2024-12-13,CHI,CHA,,,,,,,N/A,N/A,109,109,HOME,,2025-11-26 19:08:34,37.0,93.0,14.0,16.0,14.0,38.0,25.0,21.0,27.0,12.0,11.0,,109.0,0.0,0.0,0.0,0.0,0.0,0.0,0.0,0.0,0.0,0.0,0.0,,0.0,0.0,0.0,0.0,0.0
2024-12-08_CHI_PHI,2024-12-08,CHI,PHI,,,,,,,N/A,N/A,100,100,AWAY,,2025-11-26 19:08:34,35.0,86.0,19.0,15.0,2.0,33.0,12.0,11.0,29.0,9.0,3.0,,100.0,0.0,0.0,0.0,0.0,0.0,0.0,0.0,0.0,0.0,0.0,0.0,,0.0,0.0,0.0,0.0,0.0
2024-12-06_CHI_IND,2024-12-06,CHI,IND,,,,,,,N/A,N/A,123,123,AWAY,,2025-11-26 19:08:34,46.0,97.0,21.0,12.0,8.0,30.0,12.0,10.0,33.0,8.0,6.0,,123.0,0.0,0.0,0.0,0.0,0.0,0.0,0.0,0.0,0.0,0.0,0.0,,0.0,0.0,0.0,0.0,0.0
2024-12-05_SAS_CHI,2024-12-05,SAS,CHI,,,,,,,N/A,N/A,139,139,AWAY,,2025-11-26 19:08:34,0.0,0.0,0.0,0.0,0.0,0.0,0.0,0.0,0.0,0.0,0.0,,0.0,52.0,90.0,17.0,17.0,11.0,39.0,23.0,18.0,36.0,6.0,5.0,,139.0,0.0,0.0,0.0,0.0
2024-12-02_CHI_BKN,2024-12-02,CHI,BKN,,,,,,,N/A,N/A,128,128,HOME,,2025-11-26 19:08:34,48.0,92.0,16.0,16.0,11.0,43.0,19.0,16.0,33.0,8.0,5.0,,128.0,0.0,0.0,0.0,0.0,0.0,0.0,0.0,0.0,0.0,0.0,0.0,,0.0,0.0,0.0,0.0,0.0
2024-11-27_ORL_CHI,2024-11-27,ORL,CHI,,,,,,,N/A,N/A,119,119,HOME,,2025-11-26 19:08:34,0.0,0.0,0.0,0.0,0.0,0.0,0.0,0.0,0.0,0.0,0.0,,0.0,46.0,87.0,16.0,18.0,7.0,30.0,16.0,11.0,30.0,9.0,6.0,,119.0,0.0,0.0,0.0,0.0
2024-11-26_WAS_CHI,2024-11-26,WAS,CHI,,,,,,,N/A,N/A,127,127,AWAY,,2025-11-26 19:08:34,0.0,0.0,0.0,0.0,0.0,0.0,0.0,0.0,0.0,0.0,0.0,,0.0,47.0,94.0,14.0,10.0,8.0,42.0,22.0,19.0,29.0,6.0,4.0,,127.0,0.0,0.0,0.0,0.0
2024-11-23_CHI_MEM,2024-11-23,CHI,MEM,,,,,,,N/A,N/A,131,131,AWAY,,2025-11-26 19:08:34,49.0,97.0,19.0,11.0,10.0,25.0,19.0,14.0,29.0,4.0,8.0,,131.0,0.0,0.0,0.0,0.0,0.0,0.0,0.0,0.0,0.0,0.0,0.0,,0.0,0.0,0.0,0.0,0.0
2024-11-20_MIL_CHI,2024-11-20,MIL,CHI,,,,,,,N/A,N/A,106,106,HOME,,2025-11-26 19:08:34,0.0,0.0,0.0,0.0,0.0,0.0,0.0,0.0,0.0,0.0,0.0,,0.0,41.0,88.0,17.0,14.0,5.0,28.0,7.0,7.0,25.0,7.0,2.0,,106.0,0.0,0.0,0.0,0.0
2024-11-18_DET_CHI,2024-11-18,DET,CHI,,,,,,,N/A,N/A,122,122,AWAY,,2025-11-26 19:08:34,0.0,0.0,0.0,0.0,0.0,0.0,0.0,0.0,0.0,0.0,0.0,,0.0,44.0,91.0,23.0,10.0,10.0,36.0,14.0,11.0,28.0,3.0,5.0,,122.0,0.0,0.0,0.0,0.0
2024-11-17_CHI_HOU,2024-11-17,CHI,HOU,,,,,,,N/A,N/A,107,107,AWAY,,2025-11-26 19:08:34,36.0,107.0,14.0,13.0,13.0,34.0,22.0,21.0,26.0,8.0,7.0,,107.0,0.0,0.0,0.0,0.0,0.0,0.0,0.0,0.0,0.0,0.0,0.0,,0.0,0.0,0.0,0.0,0.0
2024-11-13_NYK_CHI,2024-11-13,NYK,CHI,,,,,,,N/A,N/A,124,124,AWAY,,2025-11-26 19:08:34,0.0,0.0,0.0,0.0,0.0,0.0,0.0,0.0,0.0,0.0,0.0,,0.0,44.0,82.0,14.0,18.0,7.0,33.0,27.0,22.0,31.0,10.0,6.0,,124.0,0.0,0.0,0.0,0.0
2024-11-07_CHI_MIN,2024-11-07,CHI,MIN,,,,,,,N/A,N/A,119,119,AWAY,,2025-11-26 19:08:34,47.0,88.0,15.0,13.0,10.0,22.0,15.0,10.0,30.0,9.0,4.0,,119.0,0.0,0.0,0.0,0.0,0.0,0.0,0.0,0.0,0.0,0.0,0.0,,0.0,0.0,0.0,0.0,0.0
2024-11-06_DAL_CHI,2024-11-06,DAL,CHI,,,,,,,N/A,N/A,99,99,HOME,,2025-11-26 19:08:34,0.0,0.0,0.0,0.0,0.0,0.0,0.0,0.0,0.0,0.0,0.0,,0.0,36.0,86.0,12.0,22.0,14.0,37.0,23.0,15.0,25.0,8.0,2.0,,99.0,0.0,0.0,0.0,0.0
2024-11-04_CHI_UTA,2024-11-04,CHI,UTA,,,,,,,N/A,N/A,126,126,AWAY,,2025-11-26 19:08:34,45.0,95.0,14.0,9.0,10.0,26.0,25.0,22.0,36.0,7.0,7.0,,126.0,0.0,0.0,0.0,0.0,0.0,0.0,0.0,0.0,0.0,0.0,0.0,,0.0,0.0,0.0,0.0,0.0
2024-11-01_BKN_CHI,2024-11-01,BKN,CHI,,,,,,,N/A,N/A,112,112,HOME,,2025-11-26 19:08:34,0.0,0.0,0.0,0.0,0.0,0.0,0.0,0.0,0.0,0.0,0.0,,0.0,38.0,88.0,17.0,16.0,10.0,34.0,24.0,19.0,24.0,5.0,3.0,,112.0,0.0,0.0,0.0,0.0
2024-10-30_CHI_ORL,2024-10-30,CHI,ORL,,,,,,,N/A,N/A,102,102,HOME,,2025-11-26 19:08:34,36.0,84.0,13.0,14.0,9.0,45.0,25.0,17.0,23.0,6.0,2.0,,102.0,0.0,0.0,0.0,0.0,0.0,0.0,0.0,0.0,0.0,0.0,0.0,,0.0,0.0,0.0,0.0,0.0
2024-10-28_MEM_CHI,2024-10-28,MEM,CHI,,,,,,,N/A,N/A,126,126,AWAY,,2025-11-26 19:08:34,0.0,0.0,0.0,0.0,0.0,0.0,0.0,0.0,0.0,0.0,0.0,,0.0,45.0,100.0,25.0,9.0,11.0,39.0,17.0,11.0,36.0,5.0,6.0,,126.0,0.0,0.0,0.0,0.0
2024-10-26_CHI_OKC,2024-10-26,CHI,OKC,,,,,,,N/A,N/A,95,95,AWAY,,2025-11-26 19:08:34,32.0,92.0,15.0,26.0,11.0,50.0,22.0,16.0,23.0,6.0,2.0,,95.0,0.0,0.0,0.0,0.0,0.0,0.0,0.0,0.0,0.0,0.0,0.0,,0.0,0.0,0.0,0.0,0.0
2024-10-25_MIL_CHI,2024-10-25,MIL,CHI,,,,,,,N/A,N/A,133,133,AWAY,,2025-11-26 19:08:34,0.0,0.0,0.0,0.0,0.0,0.0,0.0,0.0,0.0,0.0,0.0,,0.0,46.0,96.0,21.0,9.0,9.0,37.0,23.0,20.0,30.0,10.0,4.0,,133.0,0.0,0.0,0.0,0.0
2025-04-13_MEM_DAL,2025-04-13,MEM,DAL,,,,,,,N/A,N/A,97,97,HOME,,2025-11-26 19:08:35,0.0,0.0,0.0,0.0,0.0,0.0,0.0,0.0,0.0,0.0,0.0,,0.0,38.0,87.0,5.0,18.0,10.0,28.0,22.0,16.0,20.0,6.0,3.0,,97.0,0.0,0.0,0.0,0.0
2025-04-11_DAL_TOR,2025-04-11,DAL,TOR,,,,,,,N/A,N/A,124,124,HOME,,2025-11-26 19:08:35,49.0,89.0,15.0,17.0,12.0,44.0,17.0,11.0,34.0,8.0,10.0,,124.0,0.0,0.0,0.0,0.0,0.0,0.0,0.0,0.0,0.0,0.0,0.0,,0.0,0.0,0.0,0.0,0.0
2025-04-09_DAL_LAL,2025-04-09,DAL,LAL,,,,,,,N/A,N/A,97,97,AWAY,,2025-11-26 19:08:35,36.0,72.0,9.0,19.0,9.0,29.0,23.0,16.0,30.0,6.0,6.0,,97.0,0.0,0.0,0.0,0.0,0.0,0.0,0.0,0.0,0.0,0.0,0.0,,0.0,0.0,0.0,0.0,0.0
2025-04-05_LAC_DAL,2025-04-05,LAC,DAL,,,,,,,N/A,N/A,104,104,HOME,,2025-11-26 19:08:35,0.0,0.0,0.0,0.0,0.0,0.0,0.0,0.0,0.0,0.0,0.0,,0.0,34.0,78.0,7.0,15.0,10.0,31.0,38.0,29.0,18.0,5.0,8.0,,104.0,0.0,0.0,0.0,0.0
2025-04-04_LAC_DAL,2025-04-04,LAC,DAL,,,,,,,N/A,N/A,91,91,HOME,,2025-11-26 19:08:35,0.0,0.0,0.0,0.0,0.0,0.0,0.0,0.0,0.0,0.0,0.0,,0.0,35.0,77.0,4.0,17.0,6.0,33.0,26.0,17.0,19.0,7.0,0.0,,91.0,0.0,0.0,0.0,0.0
2025-03-31_DAL_BKN,2025-03-31,DAL,BKN,,,,,,,N/A,N/A,109,109,AWAY,,2025-11-26 19:08:35,41.0,86.0,10.0,8.0,12.0,37.0,29.0,17.0,29.0,4.0,3.0,,109.0,0.0,0.0,0.0,0.0,0.0,0.0,0.0,0.0,0.0,0.0,0.0,,0.0,0.0,0.0,0.0,0.0
2025-03-27_ORL_DAL,2025-03-27,ORL,DAL,,,,,,,N/A,N/A,101,101,AWAY,,2025-11-26 19:08:35,0.0,0.0,0.0,0.0,0.0,0.0,0.0,0.0,0.0,0.0,0.0,,0.0,37.0,78.0,11.0,14.0,5.0,35.0,22.0,16.0,21.0,10.0,1.0,,101.0,0.0,0.0,0.0,0.0
2025-03-25_NYK_DAL,2025-03-25,NYK,DAL,,,,,,,N/A,N/A,113,113,HOME,,2025-11-26 19:08:35,0.0,0.0,0.0,0.0,0.0,0.0,0.0,0.0,0.0,0.0,0.0,,0.0,43.0,80.0,6.0,16.0,5.0,28.0,25.0,21.0,19.0,9.0,3.0,,113.0,0.0,0.0,0.0,0.0
2025-03-24_BKN_DAL,2025-03-24,BKN,DAL,,,,,,,N/A,N/A,120,120,AWAY,,2025-11-26 19:08:35,0.0,0.0,0.0,0.0,0.0,0.0,0.0,0.0,0.0,0.0,0.0,,0.0,49.0,87.0,10.0,10.0,11.0,30.0,16.0,12.0,34.0,10.0,1.0,,120.0,0.0,0.0,0.0,0.0
2025-03-21_DAL_DET,2025-03-21,DAL,DET,,,,,,,N/A,N/A,123,123,HOME,,2025-11-26 19:08:35,42.0,80.0,12.0,20.0,10.0,34.0,36.0,27.0,25.0,10.0,7.0,,123.0,0.0,0.0,0.0,0.0,0.0,0.0,0.0,0.0,0.0,0.0,0.0,,0.0,0.0,0.0,0.0,0.0
2025-03-19_IND_DAL,2025-03-19,IND,DAL,,,,,,,N/A,N/A,131,131,HOME,,2025-11-26 19:08:35,0.0,0.0,0.0,0.0,0.0,0.0,0.0,0.0,0.0,0.0,0.0,,0.0,48.0,88.0,11.0,12.0,7.0,34.0,32.0,24.0,23.0,6.0,0.0,,131.0,0.0,0.0,0.0,0.0
2025-03-16_DAL_PHI,2025-03-16,DAL,PHI,,,,,,,N/A,N/A,125,125,AWAY,,2025-11-26 19:08:35,46.0,87.0,10.0,15.0,10.0,35.0,30.0,23.0,26.0,4.0,3.0,,125.0,0.0,0.0,0.0,0.0,0.0,0.0,0.0,0.0,0.0,0.0,0.0,,0.0,0.0,0.0,0.0,0.0
2025-03-14_HOU_DAL,2025-03-14,HOU,DAL,,,,,,,N/A,N/A,96,96,HOME,,2025-11-26 19:08:35,0.0,0.0,0.0,0.0,0.0,0.0,0.0,0.0,0.0,0.0,0.0,,0.0,39.0,94.0,8.0,7.0,6.0,28.0,12.0,10.0,14.0,4.0,6.0,,96.0,0.0,0.0,0.0,0.0
2025-03-12_SAS_DAL,2025-03-12,SAS,DAL,,,,,,,N/A,N/A,116,116,HOME,,2025-11-26 19:08:35,0.0,0.0,0.0,0.0,0.0,0.0,0.0,0.0,0.0,0.0,0.0,,0.0,45.0,81.0,13.0,17.0,3.0,28.0,17.0,13.0,30.0,8.0,0.0,,116.0,0.0,0.0,0.0,0.0
2025-03-10_SAS_DAL,2025-03-10,SAS,DAL,,,,,,,N/A,N/A,133,133,AWAY,,2025-11-26 19:08:35,0.0,0.0,0.0,0.0,0.0,0.0,0.0,0.0,0.0,0.0,0.0,,0.0,47.0,88.0,12.0,10.0,10.0,30.0,30.0,27.0,25.0,5.0,2.0,,133.0,0.0,0.0,0.0,0.0
2025-03-09_DAL_PHX,2025-03-09,DAL,PHX,,,,,,,N/A,N/A,116,116,AWAY,,2025-11-26 19:08:35,43.0,88.0,17.0,6.0,5.0,27.0,16.0,13.0,29.0,8.0,2.0,,116.0,0.0,0.0,0.0,0.0,0.0,0.0,0.0,0.0,0.0,0.0,0.0,,0.0,0.0,0.0,0.0,0.0
2025-03-07_DAL_MEM,2025-03-07,DAL,MEM,,,,,,,N/A,N/A,111,111,AWAY,,2025-11-26 19:08:35,37.0,96.0,15.0,12.0,11.0,34.0,24.0,22.0,24.0,7.0,7.0,,111.0,0.0,0.0,0.0,0.0,0.0,0.0,0.0,0.0,0.0,0.0,0.0,,0.0,0.0,0.0,0.0,0.0
2025-03-05_MIL_DAL,2025-03-05,MIL,DAL,,,,,,,N/A,N/A,107,107,HOME,,2025-11-26 19:08:35,0.0,0.0,0.0,0.0,0.0,0.0,0.0,0.0,0.0,0.0,0.0,,0.0,45.0,98.0,13.0,10.0,5.0,25.0,10.0,4.0,30.0,13.0,3.0,,107.0,0.0,0.0,0.0,0.0
2025-03-03_DAL_SAC,2025-03-03,DAL,SAC,,,,,,,N/A,N/A,98,98,AWAY,,2025-11-26 19:08:35,35.0,77.0,7.0,13.0,7.0,30.0,24.0,21.0,28.0,5.0,1.0,,98.0,0.0,0.0,0.0,0.0,0.0,0.0,0.0,0.0,0.0,0.0,0.0,,0.0,0.0,0.0,0.0,0.0
2025-03-01_DAL_MIL,2025-03-01,DAL,MIL,,,,,,,N/A,N/A,117,117,AWAY,,2025-11-26 19:08:35,43.0,91.0,11.0,11.0,8.0,25.0,25.0,20.0,25.0,7.0,1.0,,117.0,0.0,0.0,0.0,0.0,0.0,0.0,0.0,0.0,0.0,0.0,0.0,,0.0,0.0,0.0,0.0,0.0
2025-02-27_DAL_CHA,2025-02-27,DAL,CHA,,,,,,,N/A,N/A,103,103,HOME,,2025-11-26 19:08:35,40.0,97.0,11.0,7.0,10.0,38.0,16.0,12.0,23.0,12.0,7.0,,103.0,0.0,0.0,0.0,0.0,0.0,0.0,0.0,0.0,0.0,0.0,0.0,,0.0,0.0,0.0,0.0,0.0
2025-02-25_LAL_DAL,2025-02-25,LAL,DAL,,,,,,,N/A,N/A,99,99,HOME,,2025-11-26 19:08:35,0.0,0.0,0.0,0.0,0.0,0.0,0.0,0.0,0.0,0.0,0.0,,0.0,35.0,98.0,17.0,12.0,14.0,31.0,13.0,12.0,23.0,7.0,11.0,,99.0,0.0,0.0,0.0,0.0
2025-02-23_GSW_DAL,2025-02-23,GSW,DAL,,,,,,,N/A,N/A,102,102,HOME,,2025-11-26 19:08:35,0.0,0.0,0.0,0.0,0.0,0.0,0.0,0.0,0.0,0.0,0.0,,0.0,38.0,82.0,13.0,18.0,7.0,34.0,19.0,13.0,24.0,7.0,4.0,,102.0,0.0,0.0,0.0,0.0
2025-02-13_DAL_MIA,2025-02-13,DAL,MIA,,,,,,,N/A,N/A,118,118,HOME,,2025-11-26 19:08:35,46.0,90.0,13.0,13.0,11.0,29.0,16.0,13.0,28.0,7.0,2.0,,118.0,0.0,0.0,0.0,0.0,0.0,0.0,0.0,0.0,0.0,0.0,0.0,,0.0,0.0,0.0,0.0,0.0
2025-02-12_DAL_GSW,2025-02-12,DAL,GSW,,,,,,,N/A,N/A,111,111,HOME,,2025-11-26 19:08:35,42.0,87.0,15.0,14.0,9.0,30.0,15.0,12.0,20.0,9.0,7.0,,111.0,0.0,0.0,0.0,0.0,0.0,0.0,0.0,0.0,0.0,0.0,0.0,,0.0,0.0,0.0,0.0,0.0
2025-02-10_DAL_SAC,2025-02-10,DAL,SAC,,,,,,,N/A,N/A,128,128,AWAY,,2025-11-26 19:08:35,49.0,95.0,15.0,11.0,5.0,28.0,24.0,15.0,31.0,11.0,4.0,,128.0,0.0,0.0,0.0,0.0,0.0,0.0,0.0,0.0,0.0,0.0,0.0,,0.0,0.0,0.0,0.0,0.0
2025-02-08_DAL_HOU,2025-02-08,DAL,HOU,,,,,,,N/A,N/A,116,116,HOME,,2025-11-26 19:08:35,39.0,83.0,12.0,5.0,12.0,31.0,34.0,26.0,22.0,4.0,18.0,,116.0,0.0,0.0,0.0,0.0,0.0,0.0,0.0,0.0,0.0,0.0,0.0,,0.0,0.0,0.0,0.0,0.0
2025-02-04_PHI_DAL,2025-02-04,PHI,DAL,,,,,,,N/A,N/A,116,116,HOME,,2025-11-26 19:08:35,0.0,0.0,0.0,0.0,0.0,0.0,0.0,0.0,0.0,0.0,0.0,,0.0,40.0,85.0,11.0,12.0,15.0,29.0,31.0,25.0,24.0,8.0,4.0,,116.0,0.0,0.0,0.0,0.0
2025-01-31_DET_DAL,2025-01-31,DET,DAL,,,,,,,N/A,N/A,102,102,HOME,,2025-11-26 19:08:35,0.0,0.0,0.0,0.0,0.0,0.0,0.0,0.0,0.0,0.0,0.0,,0.0,37.0,87.0,11.0,16.0,16.0,30.0,21.0,17.0,20.0,4.0,13.0,,102.0,0.0,0.0,0.0,0.0
2025-01-27_DAL_WAS,2025-01-27,DAL,WAS,,,,,,,N/A,N/A,130,130,HOME,,2025-11-26 19:08:35,49.0,92.0,20.0,11.0,13.0,38.0,17.0,12.0,39.0,5.0,7.0,,130.0,0.0,0.0,0.0,0.0,0.0,0.0,0.0,0.0,0.0,0.0,0.0,,0.0,0.0,0.0,0.0,0.0
2025-01-23_OKC_DAL,2025-01-23,OKC,DAL,,,,,,,N/A,N/A,121,121,AWAY,,2025-11-26 19:08:35,0.0,0.0,0.0,0.0,0.0,0.0,0.0,0.0,0.0,0.0,0.0,,0.0,39.0,74.0,14.0,20.0,8.0,35.0,36.0,29.0,25.0,9.0,3.0,,121.0,0.0,0.0,0.0,0.0
2025-01-22_DAL_MIN,2025-01-22,DAL,MIN,,,,,,,N/A,N/A,114,114,AWAY,,2025-11-26 19:08:35,45.0,90.0,8.0,13.0,7.0,31.0,19.0,16.0,24.0,5.0,4.0,,114.0,0.0,0.0,0.0,0.0,0.0,0.0,0.0,0.0,0.0,0.0,0.0,,0.0,0.0,0.0,0.0,0.0
2025-01-20_CHA_DAL,2025-01-20,CHA,DAL,,,,,,,N/A,N/A,105,105,HOME,,2025-11-26 19:08:35,0.0,0.0,0.0,0.0,0.0,0.0,0.0,0.0,0.0,0.0,0.0,,0.0,38.0,88.0,6.0,14.0,16.0,35.0,26.0,23.0,19.0,10.0,8.0,,105.0,0.0,0.0,0.0,0.0
2025-01-17_DAL_OKC,2025-01-17,DAL,OKC,,,,,,,N/A,N/A,106,106,HOME,,2025-11-26 19:08:35,37.0,75.0,16.0,17.0,6.0,37.0,22.0,16.0,25.0,11.0,7.0,,106.0,0.0,0.0,0.0,0.0,0.0,0.0,0.0,0.0,0.0,0.0,0.0,,0.0,0.0,0.0,0.0,0.0
2025-01-14_DAL_DEN,2025-01-14,DAL,DEN,,,,,,,N/A,N/A,99,99,AWAY,,2025-11-26 19:08:35,38.0,90.0,9.0,12.0,8.0,22.0,22.0,14.0,27.0,14.0,6.0,,99.0,0.0,0.0,0.0,0.0,0.0,0.0,0.0,0.0,0.0,0.0,0.0,,0.0,0.0,0.0,0.0,0.0
2025-01-12_DAL_DEN,2025-01-12,DAL,DEN,,,,,,,N/A,N/A,101,101,AWAY,,2025-11-26 19:08:35,35.0,85.0,12.0,12.0,8.0,29.0,25.0,19.0,27.0,7.0,5.0,,101.0,0.0,0.0,0.0,0.0,0.0,0.0,0.0,0.0,0.0,0.0,0.0,,0.0,0.0,0.0,0.0,0.0
2025-01-09_DAL_POR,2025-01-09,DAL,POR,,,,,,,N/A,N/A,117,117,HOME,,2025-11-26 19:08:35,40.0,88.0,10.0,14.0,16.0,37.0,30.0,27.0,26.0,8.0,7.0,,117.0,0.0,0.0,0.0,0.0,0.0,0.0,0.0,0.0,0.0,0.0,0.0,,0.0,0.0,0.0,0.0,0.0
2025-01-07_DAL_LAL,2025-01-07,DAL,LAL,,,,,,,N/A,N/A,118,118,HOME,,2025-11-26 19:08:35,45.0,86.0,18.0,10.0,11.0,33.0,14.0,10.0,29.0,7.0,0.0,,118.0,0.0,0.0,0.0,0.0,0.0,0.0,0.0,0.0,0.0,0.0,0.0,,0.0,0.0,0.0,0.0,0.0
2025-01-06_MEM_DAL,2025-01-06,MEM,DAL,,,,,,,N/A,N/A,104,104,HOME,,2025-11-26 19:08:35,0.0,0.0,0.0,0.0,0.0,0.0,0.0,0.0,0.0,0.0,0.0,,0.0,40.0,98.0,13.0,15.0,13.0,37.0,15.0,11.0,25.0,7.0,8.0,,104.0,0.0,0.0,0.0,0.0
2025-01-01_HOU_DAL,2025-01-01,HOU,DAL,,,,,,,N/A,N/A,99,99,HOME,,2025-11-26 19:08:35,0.0,0.0,0.0,0.0,0.0,0.0,0.0,0.0,0.0,0.0,0.0,,0.0,40.0,75.0,11.0,20.0,6.0,32.0,16.0,8.0,19.0,9.0,12.0,,99.0,0.0,0.0,0.0,0.0
2024-12-30_SAC_DAL,2024-12-30,SAC,DAL,,,,,,,N/A,N/A,100,100,HOME,,2025-11-26 19:08:35,0.0,0.0,0.0,0.0,0.0,0.0,0.0,0.0,0.0,0.0,0.0,,0.0,32.0,76.0,12.0,17.0,2.0,34.0,29.0,24.0,17.0,8.0,13.0,,100.0,0.0,0.0,0.0,0.0
2024-12-28_POR_DAL,2024-12-28,POR,DAL,,,,,,,N/A,N/A,122,122,HOME,,2025-11-26 19:08:35,0.0,0.0,0.0,0.0,0.0,0.0,0.0,0.0,0.0,0.0,0.0,,0.0,43.0,89.0,15.0,13.0,10.0,30.0,26.0,21.0,20.0,6.0,10.0,,122.0,0.0,0.0,0.0,0.0
2024-12-27_PHX_DAL,2024-12-27,PHX,DAL,,,,,,,N/A,N/A,98,98,AWAY,,2025-11-26 19:08:35,0.0,0.0,0.0,0.0,0.0,0.0,0.0,0.0,0.0,0.0,0.0,,0.0,35.0,80.0,12.0,15.0,7.0,34.0,17.0,16.0,24.0,6.0,5.0,,98.0,0.0,0.0,0.0,0.0
2024-12-25_DAL_MIN,2024-12-25,DAL,MIN,,,,,,,N/A,N/A,99,99,AWAY,,2025-11-26 19:08:35,36.0,87.0,16.0,12.0,11.0,32.0,11.0,11.0,15.0,6.0,8.0,,99.0,0.0,0.0,0.0,0.0,0.0,0.0,0.0,0.0,0.0,0.0,0.0,,0.0,0.0,0.0,0.0,0.0
2024-12-23_DAL_POR,2024-12-23,DAL,POR,,,,,,,N/A,N/A,132,132,HOME,,2025-11-26 19:08:35,48.0,90.0,12.0,10.0,13.0,28.0,34.0,24.0,27.0,10.0,4.0,,132.0,0.0,0.0,0.0,0.0,0.0,0.0,0.0,0.0,0.0,0.0,0.0,,0.0,0.0,0.0,0.0,0.0
2024-12-21_DAL_LAC,2024-12-21,DAL,LAC,,,,,,,N/A,N/A,113,113,HOME,,2025-11-26 19:08:35,40.0,88.0,14.0,11.0,11.0,32.0,22.0,19.0,25.0,12.0,5.0,,113.0,0.0,0.0,0.0,0.0,0.0,0.0,0.0,0.0,0.0,0.0,0.0,,0.0,0.0,0.0,0.0,0.0
2024-12-19_DAL_LAC,2024-12-19,DAL,LAC,,,,,,,N/A,N/A,95,95,AWAY,,2025-11-26 19:08:35,34.0,86.0,7.0,13.0,8.0,32.0,28.0,20.0,21.0,9.0,5.0,,95.0,0.0,0.0,0.0,0.0,0.0,0.0,0.0,0.0,0.0,0.0,0.0,,0.0,0.0,0.0,0.0,0.0
2024-12-15_GSW_DAL,2024-12-15,GSW,DAL,,,,,,,N/A,N/A,143,143,AWAY,,2025-11-26 19:08:35,0.0,0.0,0.0,0.0,0.0,0.0,0.0,0.0,0.0,0.0,0.0,,0.0,52.0,87.0,21.0,15.0,10.0,37.0,25.0,18.0,36.0,8.0,5.0,,143.0,0.0,0.0,0.0,0.0
2024-12-10_OKC_DAL,2024-12-10,OKC,DAL,,,,,,,N/A,N/A,104,104,HOME,,2025-11-26 19:08:35,0.0,0.0,0.0,0.0,0.0,0.0,0.0,0.0,0.0,0.0,0.0,,0.0,38.0,80.0,15.0,18.0,7.0,37.0,19.0,13.0,25.0,10.0,2.0,,104.0,0.0,0.0,0.0,0.0
2024-12-07_TOR_DAL,2024-12-07,TOR,DAL,,,,,,,N/A,N/A,125,125,AWAY,,2025-11-26 19:08:35,0.0,0.0,0.0,0.0,0.0,0.0,0.0,0.0,0.0,0.0,0.0,,0.0,38.0,81.0,17.0,18.0,14.0,38.0,37.0,32.0,21.0,10.0,8.0,,125.0,0.0,0.0,0.0,0.0
2024-12-05_WAS_DAL,2024-12-05,WAS,DAL,,,,,,,N/A,N/A,137,137,AWAY,,2025-11-26 19:08:35,0.0,0.0,0.0,0.0,0.0,0.0,0.0,0.0,0.0,0.0,0.0,,0.0,48.0,89.0,20.0,15.0,13.0,45.0,27.0,21.0,27.0,8.0,12.0,,137.0,0.0,0.0,0.0,0.0
2024-12-03_DAL_MEM,2024-12-03,DAL,MEM,,,,,,,N/A,N/A,121,121,HOME,,2025-11-26 19:08:35,39.0,81.0,13.0,25.0,14.0,35.0,44.0,30.0,24.0,8.0,8.0,,121.0,0.0,0.0,0.0,0.0,0.0,0.0,0.0,0.0,0.0,0.0,0.0,,0.0,0.0,0.0,0.0,0.0
2024-12-01_POR_DAL,2024-12-01,POR,DAL,,,,,,,N/A,N/A,137,137,AWAY,,2025-11-26 19:08:35,0.0,0.0,0.0,0.0,0.0,0.0,0.0,0.0,0.0,0.0,0.0,,0.0,48.0,87.0,18.0,13.0,8.0,25.0,29.0,23.0,33.0,13.0,0.0,,137.0,0.0,0.0,0.0,0.0
2024-11-30_UTA_DAL,2024-11-30,UTA,DAL,,,,,,,N/A,N/A,106,106,AWAY,,2025-11-26 19:08:35,0.0,0.0,0.0,0.0,0.0,0.0,0.0,0.0,0.0,0.0,0.0,,0.0,41.0,90.0,15.0,15.0,12.0,36.0,15.0,9.0,30.0,12.0,6.0,,106.0,0.0,0.0,0.0,0.0
2024-11-27_DAL_NYK,2024-11-27,DAL,NYK,,,,,,,N/A,N/A,129,129,HOME,,2025-11-26 19:08:35,48.0,85.0,17.0,13.0,10.0,33.0,21.0,16.0,27.0,6.0,4.0,,129.0,0.0,0.0,0.0,0.0,0.0,0.0,0.0,0.0,0.0,0.0,0.0,,0.0,0.0,0.0,0.0,0.0
2024-11-24_MIA_DAL,2024-11-24,MIA,DAL,,,,,,,N/A,N/A,118,118,HOME,,2025-11-26 19:08:35,0.0,0.0,0.0,0.0,0.0,0.0,0.0,0.0,0.0,0.0,0.0,,0.0,44.0,105.0,10.0,13.0,15.0,44.0,25.0,20.0,29.0,6.0,9.0,,118.0,0.0,0.0,0.0,0.0
2024-11-22_DEN_DAL,2024-11-22,DEN,DAL,,,,,,,N/A,N/A,123,123,AWAY,,2025-11-26 19:08:35,0.0,0.0,0.0,0.0,0.0,0.0,0.0,0.0,0.0,0.0,0.0,,0.0,46.0,91.0,10.0,13.0,12.0,32.0,27.0,21.0,24.0,11.0,5.0,,123.0,0.0,0.0,0.0,0.0
2024-11-17_OKC_DAL,2024-11-17,OKC,DAL,,,,,,,N/A,N/A,121,121,AWAY,,2025-11-26 19:08:35,0.0,0.0,0.0,0.0,0.0,0.0,0.0,0.0,0.0,0.0,0.0,,0.0,40.0,84.0,11.0,16.0,18.0,35.0,36.0,30.0,18.0,4.0,5.0,,121.0,0.0,0.0,0.0,0.0
2024-11-16_DAL_SAS,2024-11-16,DAL,SAS,,,,,,,N/A,N/A,110,110,HOME,,2025-11-26 19:08:35,44.0,94.0,8.0,14.0,13.0,40.0,18.0,14.0,26.0,9.0,7.0,,110.0,0.0,0.0,0.0,0.0,0.0,0.0,0.0,0.0,0.0,0.0,0.0,,0.0,0.0,0.0,0.0,0.0
2024-11-14_UTA_DAL,2024-11-14,UTA,DAL,,,,,,,N/A,N/A,113,113,HOME,,2025-11-26 19:08:35,0.0,0.0,0.0,0.0,0.0,0.0,0.0,0.0,0.0,0.0,0.0,,0.0,43.0,85.0,12.0,17.0,11.0,19.0,20.0,15.0,25.0,11.0,10.0,,113.0,0.0,0.0,0.0,0.0
2024-11-12_GSW_DAL,2024-11-12,GSW,DAL,,,,,,,N/A,N/A,117,117,HOME,,2025-11-26 19:08:35,0.0,0.0,0.0,0.0,0.0,0.0,0.0,0.0,0.0,0.0,0.0,,0.0,44.0,84.0,11.0,17.0,8.0,32.0,24.0,18.0,26.0,6.0,1.0,,117.0,0.0,0.0,0.0,0.0
2024-11-10_DEN_DAL,2024-11-10,DEN,DAL,,,,,,,N/A,N/A,120,120,HOME,,2025-11-26 19:08:35,0.0,0.0,0.0,0.0,0.0,0.0,0.0,0.0,0.0,0.0,0.0,,0.0,48.0,90.0,10.0,10.0,10.0,32.0,19.0,14.0,29.0,7.0,5.0,,120.0,0.0,0.0,0.0,0.0
2024-11-08_DAL_PHX,2024-11-08,DAL,PHX,,,,,,,N/A,N/A,113,113,AWAY,,2025-11-26 19:08:35,41.0,80.0,11.0,11.0,8.0,31.0,22.0,20.0,18.0,5.0,1.0,,113.0,0.0,0.0,0.0,0.0,0.0,0.0,0.0,0.0,0.0,0.0,0.0,,0.0,0.0,0.0,0.0,0.0
2024-11-04_DAL_IND,2024-11-04,DAL,IND,,,,,,,N/A,N/A,127,127,AWAY,,2025-11-26 19:08:35,46.0,89.0,15.0,8.0,5.0,33.0,25.0,20.0,29.0,4.0,3.0,,127.0,0.0,0.0,0.0,0.0,0.0,0.0,0.0,0.0,0.0,0.0,0.0,,0.0,0.0,0.0,0.0,0.0
2024-11-03_DAL_ORL,2024-11-03,DAL,ORL,,,,,,,N/A,N/A,108,108,HOME,,2025-11-26 19:08:35,42.0,85.0,10.0,18.0,12.0,41.0,23.0,14.0,25.0,8.0,5.0,,108.0,0.0,0.0,0.0,0.0,0.0,0.0,0.0,0.0,0.0,0.0,0.0,,0.0,0.0,0.0,0.0,0.0
2024-10-31_DAL_HOU,2024-10-31,DAL,HOU,,,,,,,N/A,N/A,102,102,AWAY,,2025-11-26 19:08:35,39.0,85.0,10.0,10.0,10.0,27.0,20.0,14.0,21.0,6.0,7.0,,102.0,0.0,0.0,0.0,0.0,0.0,0.0,0.0,0.0,0.0,0.0,0.0,,0.0,0.0,0.0,0.0,0.0
2024-10-29_MIN_DAL,2024-10-29,MIN,DAL,,,,,,,N/A,N/A,120,120,AWAY,,2025-11-26 19:08:35,0.0,0.0,0.0,0.0,0.0,0.0,0.0,0.0,0.0,0.0,0.0,,0.0,45.0,93.0,16.0,9.0,12.0,28.0,18.0,14.0,25.0,12.0,2.0,,120.0,0.0,0.0,0.0,0.0
2024-10-28_DAL_UTA,2024-10-28,DAL,UTA,,,,,,,N/A,N/A,110,110,HOME,,2025-11-26 19:08:35,43.0,95.0,11.0,13.0,13.0,37.0,17.0,13.0,27.0,9.0,12.0,,110.0,0.0,0.0,0.0,0.0,0.0,0.0,0.0,0.0,0.0,0.0,0.0,,0.0,0.0,0.0,0.0,0.0
2024-10-26_PHX_DAL,2024-10-26,PHX,DAL,,,,,,,N/A,N/A,102,102,HOME,,2025-11-26 19:08:35,0.0,0.0,0.0,0.0,0.0,0.0,0.0,0.0,0.0,0.0,0.0,,0.0,37.0,93.0,13.0,8.0,12.0,34.0,18.0,15.0,22.0,6.0,2.0,,102.0,0.0,0.0,0.0,0.0
2024-10-24_DAL_SAS,2024-10-24,DAL,SAS,,,,,,,N/A,N/A,120,120,HOME,,2025-11-26 19:08:35,42.0,102.0,19.0,9.0,17.0,33.0,23.0,17.0,27.0,9.0,5.0,,120.0,0.0,0.0,0.0,0.0,0.0,0.0,0.0,0.0,0.0,0.0,0.0,,0.0,0.0,0.0,0.0,0.0
2025-04-13_HOU_DEN,2025-04-13,HOU,DEN,,,,,,,N/A,N/A,126,126,AWAY,,2025-11-26 19:08:36,0.0,0.0,0.0,0.0,0.0,0.0,0.0,0.0,0.0,0.0,0.0,,0.0,45.0,88.0,10.0,9.0,11.0,36.0,31.0,26.0,28.0,7.0,6.0,,126.0,0.0,0.0,0.0,0.0
2025-04-11_DEN_MEM,2025-04-11,DEN,MEM,,,,,,,N/A,N/A,117,117,HOME,,2025-11-26 19:08:36,44.0,91.0,5.0,12.0,11.0,41.0,31.0,24.0,32.0,9.0,2.0,,117.0,0.0,0.0,0.0,0.0,0.0,0.0,0.0,0.0,0.0,0.0,0.0,,0.0,0.0,0.0,0.0,0.0
2025-04-09_SAC_DEN,2025-04-09,SAC,DEN,,,,,,,N/A,N/A,124,124,AWAY,,2025-11-26 19:08:36,0.0,0.0,0.0,0.0,0.0,0.0,0.0,0.0,0.0,0.0,0.0,,0.0,43.0,86.0,13.0,7.0,12.0,33.0,31.0,25.0,30.0,7.0,5.0,,124.0,0.0,0.0,0.0,0.0
2025-04-06_DEN_IND,2025-04-06,DEN,IND,,,,,,,N/A,N/A,120,120,AWAY,,2025-11-26 19:08:36,50.0,93.0,8.0,13.0,9.0,38.0,18.0,12.0,33.0,2.0,7.0,,120.0,0.0,0.0,0.0,0.0,0.0,0.0,0.0,0.0,0.0,0.0,0.0,,0.0,0.0,0.0,0.0,0.0
2025-04-04_GSW_DEN,2025-04-04,GSW,DEN,,,,,,,N/A,N/A,104,104,HOME,,2025-11-26 19:08:36,0.0,0.0,0.0,0.0,0.0,0.0,0.0,0.0,0.0,0.0,0.0,,0.0,40.0,74.0,12.0,25.0,7.0,31.0,13.0,12.0,28.0,8.0,4.0,,104.0,0.0,0.0,0.0,0.0
2025-04-02_DEN_SAS,2025-04-02,DEN,SAS,,,,,,,N/A,N/A,106,106,AWAY,,2025-11-26 19:08:36,38.0,96.0,13.0,12.0,14.0,44.0,25.0,17.0,24.0,7.0,4.0,,106.0,0.0,0.0,0.0,0.0,0.0,0.0,0.0,0.0,0.0,0.0,0.0,,0.0,0.0,0.0,0.0,0.0
2025-04-01_DEN_MIN,2025-04-01,DEN,MIN,,,,,,,N/A,N/A,139,139,AWAY,,2025-11-26 19:08:36,47.0,86.0,12.0,16.0,8.0,37.0,44.0,33.0,33.0,7.0,7.0,,139.0,0.0,0.0,0.0,0.0,0.0,0.0,0.0,0.0,0.0,0.0,0.0,,0.0,0.0,0.0,0.0,0.0
2025-03-28_DEN_UTA,2025-03-28,DEN,UTA,,,,,,,N/A,N/A,129,129,HOME,,2025-11-26 19:08:36,48.0,83.0,11.0,18.0,9.0,36.0,28.0,22.0,38.0,12.0,13.0,,129.0,0.0,0.0,0.0,0.0,0.0,0.0,0.0,0.0,0.0,0.0,0.0,,0.0,0.0,0.0,0.0,0.0
2025-03-26_DEN_MIL,2025-03-26,DEN,MIL,,,,,,,N/A,N/A,127,127,HOME,,2025-11-26 19:08:36,49.0,90.0,16.0,9.0,8.0,38.0,22.0,13.0,36.0,6.0,4.0,,127.0,0.0,0.0,0.0,0.0,0.0,0.0,0.0,0.0,0.0,0.0,0.0,,0.0,0.0,0.0,0.0,0.0
2025-03-23_HOU_DEN,2025-03-23,HOU,DEN,,,,,,,N/A,N/A,116,116,AWAY,,2025-11-26 19:08:36,0.0,0.0,0.0,0.0,0.0,0.0,0.0,0.0,0.0,0.0,0.0,,0.0,44.0,87.0,10.0,9.0,10.0,33.0,26.0,18.0,28.0,5.0,4.0,,116.0,0.0,0.0,0.0,0.0
2025-03-21_POR_DEN,2025-03-21,POR,DEN,,,,,,,N/A,N/A,109,109,HOME,,2025-11-26 19:08:36,0.0,0.0,0.0,0.0,0.0,0.0,0.0,0.0,0.0,0.0,0.0,,0.0,38.0,76.0,9.0,20.0,11.0,20.0,28.0,24.0,24.0,10.0,2.0,,109.0,0.0,0.0,0.0,0.0
2025-03-19_LAL_DEN,2025-03-19,LAL,DEN,,,,,,,N/A,N/A,108,108,HOME,,2025-11-26 19:08:36,0.0,0.0,0.0,0.0,0.0,0.0,0.0,0.0,0.0,0.0,0.0,,0.0,41.0,87.0,13.0,18.0,12.0,33.0,21.0,13.0,25.0,8.0,4.0,,108.0,0.0,0.0,0.0,0.0
2025-03-17_GSW_DEN,2025-03-17,GSW,DEN,,,,,,,N/A,N/A,114,114,AWAY,,2025-11-26 19:08:36,0.0,0.0,0.0,0.0,0.0,0.0,0.0,0.0,0.0,0.0,0.0,,0.0,43.0,92.0,14.0,20.0,19.0,34.0,18.0,14.0,32.0,12.0,7.0,,114.0,0.0,0.0,0.0,0.0
2025-03-15_DEN_WAS,2025-03-15,DEN,WAS,,,,,,,N/A,N/A,123,123,AWAY,,2025-11-26 19:08:36,48.0,95.0,12.0,17.0,10.0,32.0,17.0,15.0,40.0,12.0,8.0,,123.0,0.0,0.0,0.0,0.0,0.0,0.0,0.0,0.0,0.0,0.0,0.0,,0.0,0.0,0.0,0.0,0.0
2025-03-14_DEN_LAL,2025-03-14,DEN,LAL,,,,,,,N/A,N/A,131,131,HOME,,2025-11-26 19:08:36,44.0,85.0,13.0,12.0,9.0,30.0,38.0,30.0,30.0,7.0,5.0,,131.0,0.0,0.0,0.0,0.0,0.0,0.0,0.0,0.0,0.0,0.0,0.0,,0.0,0.0,0.0,0.0,0.0
2025-03-12_DEN_MIN,2025-03-12,DEN,MIN,,,,,,,N/A,N/A,95,95,AWAY,,2025-11-26 19:08:36,36.0,89.0,7.0,10.0,12.0,30.0,22.0,16.0,20.0,9.0,4.0,,95.0,0.0,0.0,0.0,0.0,0.0,0.0,0.0,0.0,0.0,0.0,0.0,,0.0,0.0,0.0,0.0,0.0
2025-03-10_OKC_DEN,2025-03-10,OKC,DEN,,,,,,,N/A,N/A,140,140,AWAY,,2025-11-26 19:08:36,0.0,0.0,0.0,0.0,0.0,0.0,0.0,0.0,0.0,0.0,0.0,,0.0,52.0,86.0,18.0,12.0,9.0,34.0,20.0,18.0,32.0,6.0,5.0,,140.0,0.0,0.0,0.0,0.0
2025-03-09_OKC_DEN,2025-03-09,OKC,DEN,,,,,,,N/A,N/A,103,103,HOME,,2025-11-26 19:08:36,0.0,0.0,0.0,0.0,0.0,0.0,0.0,0.0,0.0,0.0,0.0,,0.0,40.0,97.0,12.0,7.0,14.0,34.0,20.0,11.0,22.0,3.0,6.0,,103.0,0.0,0.0,0.0,0.0
2025-03-07_DEN_PHX,2025-03-07,DEN,PHX,,,,,,,N/A,N/A,149,149,HOME,,2025-11-26 19:08:36,57.0,97.0,21.0,9.0,8.0,30.0,18.0,14.0,45.0,8.0,3.0,,149.0,0.0,0.0,0.0,0.0,0.0,0.0,0.0,0.0,0.0,0.0,0.0,,0.0,0.0,0.0,0.0,0.0
2025-03-05_DEN_SAC,2025-03-05,DEN,SAC,,,,,,,N/A,N/A,116,116,HOME,,2025-11-26 19:08:36,40.0,87.0,12.0,13.0,11.0,35.0,30.0,24.0,28.0,5.0,8.0,,116.0,0.0,0.0,0.0,0.0,0.0,0.0,0.0,0.0,0.0,0.0,0.0,,0.0,0.0,0.0,0.0,0.0
2025-02-28_DET_DEN,2025-02-28,DET,DEN,,,,,,,N/A,N/A,134,134,AWAY,,2025-11-26 19:08:36,0.0,0.0,0.0,0.0,0.0,0.0,0.0,0.0,0.0,0.0,0.0,,0.0,47.0,84.0,17.0,19.0,10.0,40.0,31.0,23.0,28.0,5.0,8.0,,134.0,0.0,0.0,0.0,0.0
2025-02-27_MIL_DEN,2025-02-27,MIL,DEN,,,,,,,N/A,N/A,112,112,HOME,,2025-11-26 19:08:36,0.0,0.0,0.0,0.0,0.0,0.0,0.0,0.0,0.0,0.0,0.0,,0.0,47.0,105.0,9.0,13.0,14.0,41.0,11.0,9.0,28.0,8.0,2.0,,112.0,0.0,0.0,0.0,0.0
2025-02-24_IND_DEN,2025-02-24,IND,DEN,,,,,,,N/A,N/A,125,125,AWAY,,2025-11-26 19:08:36,0.0,0.0,0.0,0.0,0.0,0.0,0.0,0.0,0.0,0.0,0.0,,0.0,53.0,94.0,8.0,19.0,14.0,32.0,14.0,11.0,39.0,8.0,4.0,,125.0,0.0,0.0,0.0,0.0
2025-02-22_DEN_LAL,2025-02-22,DEN,LAL,,,,,,,N/A,N/A,100,100,AWAY,,2025-11-26 19:08:36,34.0,85.0,16.0,20.0,12.0,33.0,21.0,16.0,28.0,6.0,1.0,,100.0,0.0,0.0,0.0,0.0,0.0,0.0,0.0,0.0,0.0,0.0,0.0,,0.0,0.0,0.0,0.0,0.0
2025-02-20_DEN_CHA,2025-02-20,DEN,CHA,,,,,,,N/A,N/A,129,129,HOME,,2025-11-26 19:08:36,49.0,98.0,19.0,13.0,16.0,39.0,16.0,12.0,29.0,3.0,3.0,,129.0,0.0,0.0,0.0,0.0,0.0,0.0,0.0,0.0,0.0,0.0,0.0,,0.0,0.0,0.0,0.0,0.0
2025-02-12_DEN_POR,2025-02-12,DEN,POR,,,,,,,N/A,N/A,132,132,HOME,,2025-11-26 19:08:36,49.0,96.0,15.0,12.0,12.0,37.0,24.0,19.0,26.0,9.0,7.0,,132.0,0.0,0.0,0.0,0.0,0.0,0.0,0.0,0.0,0.0,0.0,0.0,,0.0,0.0,0.0,0.0,0.0
2025-02-10_DEN_POR,2025-02-10,DEN,POR,,,,,,,N/A,N/A,146,146,HOME,,2025-11-26 19:08:36,60.0,91.0,8.0,8.0,6.0,32.0,20.0,18.0,44.0,12.0,2.0,,146.0,0.0,0.0,0.0,0.0,0.0,0.0,0.0,0.0,0.0,0.0,0.0,,0.0,0.0,0.0,0.0,0.0
2025-02-08_PHX_DEN,2025-02-08,PHX,DEN,,,,,,,N/A,N/A,122,122,AWAY,,2025-11-26 19:08:36,0.0,0.0,0.0,0.0,0.0,0.0,0.0,0.0,0.0,0.0,0.0,,0.0,45.0,92.0,16.0,9.0,15.0,41.0,17.0,16.0,28.0,5.0,4.0,,122.0,0.0,0.0,0.0,0.0
2025-02-06_DEN_ORL,2025-02-06,DEN,ORL,,,,,,,N/A,N/A,112,112,HOME,,2025-11-26 19:08:36,44.0,83.0,12.0,18.0,12.0,40.0,21.0,12.0,33.0,7.0,4.0,,112.0,0.0,0.0,0.0,0.0,0.0,0.0,0.0,0.0,0.0,0.0,0.0,,0.0,0.0,0.0,0.0,0.0
2025-02-01_CHA_DEN,2025-02-01,CHA,DEN,,,,,,,N/A,N/A,107,107,AWAY,,2025-11-26 19:08:36,0.0,0.0,0.0,0.0,0.0,0.0,0.0,0.0,0.0,0.0,0.0,,0.0,41.0,88.0,7.0,11.0,8.0,35.0,20.0,18.0,29.0,9.0,9.0,,107.0,0.0,0.0,0.0,0.0
2025-01-31_PHI_DEN,2025-01-31,PHI,DEN,,,,,,,N/A,N/A,137,137,AWAY,,2025-11-26 19:08:36,0.0,0.0,0.0,0.0,0.0,0.0,0.0,0.0,0.0,0.0,0.0,,0.0,54.0,82.0,12.0,19.0,9.0,26.0,18.0,17.0,39.0,7.0,2.0,,137.0,0.0,0.0,0.0,0.0
2025-01-29_NYK_DEN,2025-01-29,NYK,DEN,,,,,,,N/A,N/A,112,112,HOME,,2025-11-26 19:08:37,0.0,0.0,0.0,0.0,0.0,0.0,0.0,0.0,0.0,0.0,0.0,,0.0,41.0,84.0,10.0,14.0,11.0,36.0,23.0,20.0,21.0,3.0,5.0,,112.0,0.0,0.0,0.0,0.0
2025-01-25_MIN_DEN,2025-01-25,MIN,DEN,,,,,,,N/A,N/A,104,104,HOME,,2025-11-26 19:08:37,0.0,0.0,0.0,0.0,0.0,0.0,0.0,0.0,0.0,0.0,0.0,,0.0,43.0,88.0,11.0,19.0,14.0,22.0,13.0,7.0,32.0,7.0,3.0,,104.0,0.0,0.0,0.0,0.0
2025-01-23_DEN_SAC,2025-01-23,DEN,SAC,,,,,,,N/A,N/A,132,132,HOME,,2025-11-26 19:08:37,49.0,101.0,13.0,10.0,15.0,41.0,31.0,21.0,30.0,10.0,8.0,,132.0,0.0,0.0,0.0,0.0,0.0,0.0,0.0,0.0,0.0,0.0,0.0,,0.0,0.0,0.0,0.0,0.0
2025-01-21_DEN_PHI,2025-01-21,DEN,PHI,,,,,,,N/A,N/A,144,144,HOME,,2025-11-26 19:08:37,52.0,85.0,16.0,13.0,14.0,37.0,25.0,24.0,39.0,7.0,4.0,,144.0,0.0,0.0,0.0,0.0,0.0,0.0,0.0,0.0,0.0,0.0,0.0,,0.0,0.0,0.0,0.0,0.0
2025-01-19_ORL_DEN,2025-01-19,ORL,DEN,,,,,,,N/A,N/A,113,113,AWAY,,2025-11-26 19:08:37,0.0,0.0,0.0,0.0,0.0,0.0,0.0,0.0,0.0,0.0,0.0,,0.0,40.0,77.0,7.0,20.0,13.0,44.0,31.0,26.0,24.0,6.0,8.0,,113.0,0.0,0.0,0.0,0.0
2025-01-17_MIA_DEN,2025-01-17,MIA,DEN,,,,,,,N/A,N/A,133,133,AWAY,,2025-11-26 19:08:37,0.0,0.0,0.0,0.0,0.0,0.0,0.0,0.0,0.0,0.0,0.0,,0.0,50.0,92.0,16.0,5.0,7.0,34.0,19.0,17.0,35.0,5.0,1.0,,133.0,0.0,0.0,0.0,0.0
2025-01-15_DEN_HOU,2025-01-15,DEN,HOU,,,,,,,N/A,N/A,108,108,AWAY,,2025-11-26 19:08:37,40.0,75.0,14.0,18.0,9.0,27.0,21.0,14.0,22.0,4.0,7.0,,108.0,0.0,0.0,0.0,0.0,0.0,0.0,0.0,0.0,0.0,0.0,0.0,,0.0,0.0,0.0,0.0,0.0
2025-01-10_DEN_BKN,2025-01-10,DEN,BKN,,,,,,,N/A,N/A,124,124,HOME,,2025-11-26 19:08:37,45.0,87.0,9.0,14.0,12.0,37.0,33.0,25.0,34.0,12.0,5.0,,124.0,0.0,0.0,0.0,0.0,0.0,0.0,0.0,0.0,0.0,0.0,0.0,,0.0,0.0,0.0,0.0,0.0
2025-01-08_DEN_LAC,2025-01-08,DEN,LAC,,,,,,,N/A,N/A,126,126,HOME,,2025-11-26 19:08:37,49.0,89.0,17.0,11.0,7.0,38.0,17.0,11.0,29.0,7.0,3.0,,126.0,0.0,0.0,0.0,0.0,0.0,0.0,0.0,0.0,0.0,0.0,0.0,,0.0,0.0,0.0,0.0,0.0
2025-01-04_SAS_DEN,2025-01-04,SAS,DEN,,,,,,,N/A,N/A,122,122,AWAY,,2025-11-26 19:08:37,0.0,0.0,0.0,0.0,0.0,0.0,0.0,0.0,0.0,0.0,0.0,,0.0,47.0,108.0,10.0,7.0,14.0,44.0,23.0,18.0,32.0,11.0,7.0,,122.0,0.0,0.0,0.0,0.0
2025-01-03_DEN_SAS,2025-01-03,DEN,SAS,,,,,,,N/A,N/A,110,110,AWAY,,2025-11-26 19:08:37,42.0,97.0,15.0,8.0,10.0,36.0,16.0,11.0,33.0,7.0,7.0,,110.0,0.0,0.0,0.0,0.0,0.0,0.0,0.0,0.0,0.0,0.0,0.0,,0.0,0.0,0.0,0.0,0.0
2024-12-30_UTA_DEN,2024-12-30,UTA,DEN,,,,,,,N/A,N/A,132,132,AWAY,,2025-11-26 19:08:37,0.0,0.0,0.0,0.0,0.0,0.0,0.0,0.0,0.0,0.0,0.0,,0.0,53.0,105.0,9.0,7.0,17.0,34.0,19.0,17.0,38.0,13.0,3.0,,132.0,0.0,0.0,0.0,0.0
2024-12-28_DEN_DET,2024-12-28,DEN,DET,,,,,,,N/A,N/A,134,134,HOME,,2025-11-26 19:08:37,46.0,82.0,13.0,13.0,8.0,32.0,36.0,29.0,29.0,9.0,6.0,,134.0,0.0,0.0,0.0,0.0,0.0,0.0,0.0,0.0,0.0,0.0,0.0,,0.0,0.0,0.0,0.0,0.0
2024-12-25_PHX_DEN,2024-12-25,PHX,DEN,,,,,,,N/A,N/A,100,100,HOME,,2025-11-26 19:08:37,0.0,0.0,0.0,0.0,0.0,0.0,0.0,0.0,0.0,0.0,0.0,,0.0,36.0,78.0,8.0,16.0,14.0,32.0,28.0,20.0,20.0,3.0,2.0,,100.0,0.0,0.0,0.0,0.0
2024-12-23_DEN_PHX,2024-12-23,DEN,PHX,,,,,,,N/A,N/A,117,117,HOME,,2025-11-26 19:08:37,46.0,90.0,16.0,12.0,11.0,35.0,11.0,9.0,35.0,6.0,4.0,,117.0,0.0,0.0,0.0,0.0,0.0,0.0,0.0,0.0,0.0,0.0,0.0,,0.0,0.0,0.0,0.0,0.0
2024-12-19_POR_DEN,2024-12-19,POR,DEN,,,,,,,N/A,N/A,124,124,HOME,,2025-11-26 19:08:37,0.0,0.0,0.0,0.0,0.0,0.0,0.0,0.0,0.0,0.0,0.0,,0.0,47.0,87.0,15.0,11.0,8.0,32.0,21.0,15.0,35.0,7.0,3.0,,124.0,0.0,0.0,0.0,0.0
2024-12-16_SAC_DEN,2024-12-16,SAC,DEN,,,,,,,N/A,N/A,130,130,AWAY,,2025-11-26 19:08:37,0.0,0.0,0.0,0.0,0.0,0.0,0.0,0.0,0.0,0.0,0.0,,0.0,51.0,102.0,10.0,15.0,15.0,40.0,24.0,18.0,38.0,9.0,4.0,,130.0,0.0,0.0,0.0,0.0
2024-12-13_DEN_LAC,2024-12-13,DEN,LAC,,,,,,,N/A,N/A,120,120,HOME,,2025-11-26 19:08:37,42.0,77.0,10.0,21.0,5.0,41.0,32.0,26.0,23.0,15.0,2.0,,120.0,0.0,0.0,0.0,0.0,0.0,0.0,0.0,0.0,0.0,0.0,0.0,,0.0,0.0,0.0,0.0,0.0
2024-12-07_WAS_DEN,2024-12-07,WAS,DEN,,,,,,,N/A,N/A,113,113,HOME,,2025-11-26 19:08:37,0.0,0.0,0.0,0.0,0.0,0.0,0.0,0.0,0.0,0.0,0.0,,0.0,46.0,95.0,5.0,15.0,16.0,32.0,27.0,16.0,34.0,11.0,6.0,,113.0,0.0,0.0,0.0,0.0
2024-12-03_DEN_GSW,2024-12-03,DEN,GSW,,,,,,,N/A,N/A,119,119,HOME,,2025-11-26 19:08:37,40.0,79.0,11.0,15.0,4.0,34.0,35.0,28.0,32.0,9.0,5.0,,119.0,0.0,0.0,0.0,0.0,0.0,0.0,0.0,0.0,0.0,0.0,0.0,,0.0,0.0,0.0,0.0,0.0
2024-12-01_LAC_DEN,2024-12-01,LAC,DEN,,,,,,,N/A,N/A,122,122,HOME,,2025-11-26 19:08:37,0.0,0.0,0.0,0.0,0.0,0.0,0.0,0.0,0.0,0.0,0.0,,0.0,51.0,88.0,10.0,14.0,8.0,31.0,19.0,10.0,37.0,7.0,3.0,,122.0,0.0,0.0,0.0,0.0
2024-11-27_UTA_DEN,2024-11-27,UTA,DEN,,,,,,,N/A,N/A,122,122,AWAY,,2025-11-26 19:08:37,0.0,0.0,0.0,0.0,0.0,0.0,0.0,0.0,0.0,0.0,0.0,,0.0,46.0,84.0,11.0,10.0,10.0,29.0,23.0,19.0,30.0,10.0,8.0,,122.0,0.0,0.0,0.0,0.0
2024-11-25_DEN_NYK,2024-11-25,DEN,NYK,,,,,,,N/A,N/A,118,118,AWAY,,2025-11-26 19:08:37,41.0,92.0,11.0,11.0,10.0,23.0,27.0,25.0,23.0,5.0,3.0,,118.0,0.0,0.0,0.0,0.0,0.0,0.0,0.0,0.0,0.0,0.0,0.0,,0.0,0.0,0.0,0.0,0.0
2024-11-23_LAL_DEN,2024-11-23,LAL,DEN,,,,,,,N/A,N/A,127,127,AWAY,,2025-11-26 19:08:37,0.0,0.0,0.0,0.0,0.0,0.0,0.0,0.0,0.0,0.0,0.0,,0.0,50.0,82.0,16.0,17.0,8.0,40.0,19.0,11.0,37.0,7.0,2.0,,127.0,0.0,0.0,0.0,0.0
2024-11-19_MEM_DEN,2024-11-19,MEM,DEN,,,,,,,N/A,N/A,122,122,AWAY,,2025-11-26 19:08:37,0.0,0.0,0.0,0.0,0.0,0.0,0.0,0.0,0.0,0.0,0.0,,0.0,48.0,100.0,12.0,18.0,13.0,40.0,22.0,14.0,29.0,15.0,6.0,,122.0,0.0,0.0,0.0,0.0
2024-11-17_MEM_DEN,2024-11-17,MEM,DEN,,,,,,,N/A,N/A,90,90,HOME,,2025-11-26 19:08:37,0.0,0.0,0.0,0.0,0.0,0.0,0.0,0.0,0.0,0.0,0.0,,0.0,35.0,84.0,10.0,14.0,6.0,33.0,14.0,10.0,23.0,9.0,5.0,,90.0,0.0,0.0,0.0,0.0
2024-11-08_DEN_MIA,2024-11-08,DEN,MIA,,,,,,,N/A,N/A,135,135,HOME,,2025-11-26 19:08:37,50.0,81.0,18.0,17.0,6.0,33.0,19.0,17.0,37.0,5.0,5.0,,135.0,0.0,0.0,0.0,0.0,0.0,0.0,0.0,0.0,0.0,0.0,0.0,,0.0,0.0,0.0,0.0,0.0
2024-11-06_DEN_OKC,2024-11-06,DEN,OKC,,,,,,,N/A,N/A,124,124,HOME,,2025-11-26 19:08:37,42.0,89.0,16.0,18.0,13.0,42.0,33.0,24.0,34.0,8.0,6.0,,124.0,0.0,0.0,0.0,0.0,0.0,0.0,0.0,0.0,0.0,0.0,0.0,,0.0,0.0,0.0,0.0,0.0
2024-11-04_DEN_TOR,2024-11-04,DEN,TOR,,,,,,,N/A,N/A,121,121,HOME,,2025-11-26 19:08:37,41.0,83.0,10.0,17.0,14.0,30.0,38.0,29.0,29.0,9.0,10.0,,121.0,0.0,0.0,0.0,0.0,0.0,0.0,0.0,0.0,0.0,0.0,0.0,,0.0,0.0,0.0,0.0,0.0
2024-11-02_DEN_UTA,2024-11-02,DEN,UTA,,,,,,,N/A,N/A,129,129,HOME,,2025-11-26 19:08:37,48.0,99.0,16.0,17.0,19.0,33.0,23.0,17.0,33.0,14.0,1.0,,129.0,0.0,0.0,0.0,0.0,0.0,0.0,0.0,0.0,0.0,0.0,0.0,,0.0,0.0,0.0,0.0,0.0
2024-11-01_MIN_DEN,2024-11-01,MIN,DEN,,,,,,,N/A,N/A,116,116,HOME,,2025-11-26 19:08:37,0.0,0.0,0.0,0.0,0.0,0.0,0.0,0.0,0.0,0.0,0.0,,0.0,41.0,92.0,11.0,13.0,17.0,29.0,29.0,23.0,30.0,11.0,2.0,,116.0,0.0,0.0,0.0,0.0
2024-10-29_BKN_DEN,2024-10-29,BKN,DEN,,,,,,,N/A,N/A,144,144,AWAY,,2025-11-26 19:08:37,0.0,0.0,0.0,0.0,0.0,0.0,0.0,0.0,0.0,0.0,0.0,,0.0,46.0,89.0,13.0,5.0,9.0,34.0,47.0,39.0,31.0,3.0,4.0,,144.0,0.0,0.0,0.0,0.0
2024-10-28_TOR_DEN,2024-10-28,TOR,DEN,,,,,,,N/A,N/A,127,127,AWAY,,2025-11-26 19:08:37,0.0,0.0,0.0,0.0,0.0,0.0,0.0,0.0,0.0,0.0,0.0,,0.0,47.0,96.0,9.0,16.0,15.0,37.0,30.0,24.0,29.0,6.0,6.0,,127.0,0.0,0.0,0.0,0.0
2024-10-26_DEN_LAC,2024-10-26,DEN,LAC,,,,,,,N/A,N/A,104,104,AWAY,,2025-11-26 19:08:37,35.0,87.0,14.0,10.0,10.0,27.0,24.0,20.0,20.0,13.0,4.0,,104.0,0.0,0.0,0.0,0.0,0.0,0.0,0.0,0.0,0.0,0.0,0.0,,0.0,0.0,0.0,0.0,0.0
2024-10-24_DEN_OKC,2024-10-24,DEN,OKC,,,,,,,N/A,N/A,87,87,AWAY,,2025-11-26 19:08:37,35.0,98.0,7.0,15.0,17.0,40.0,14.0,10.0,29.0,11.0,7.0,,87.0,0.0,0.0,0.0,0.0,0.0,0.0,0.0,0.0,0.0,0.0,0.0,,0.0,0.0,0.0,0.0,0.0
2025-04-13_GSW_LAC,2025-04-13,GSW,LAC,,,,,,,N/A,N/A,119,119,AWAY,,2025-11-26 19:08:38,43.0,79.0,15.0,15.0,3.0,22.0,23.0,18.0,31.0,11.0,6.0,,119.0,0.0,0.0,0.0,0.0,0.0,0.0,0.0,0.0,0.0,0.0,0.0,,0.0,0.0,0.0,0.0,0.0
2025-04-11_POR_GSW,2025-04-11,POR,GSW,,,,,,,N/A,N/A,103,103,AWAY,,2025-11-26 19:08:38,0.0,0.0,0.0,0.0,0.0,0.0,0.0,0.0,0.0,0.0,0.0,,0.0,33.0,83.0,14.0,14.0,7.0,38.0,28.0,23.0,26.0,15.0,7.0,,103.0,0.0,0.0,0.0,0.0
2025-04-09_GSW_SAS,2025-04-09,GSW,SAS,,,,,,,N/A,N/A,111,111,AWAY,,2025-11-26 19:08:38,36.0,86.0,16.0,10.0,16.0,29.0,28.0,23.0,29.0,8.0,2.0,,111.0,0.0,0.0,0.0,0.0,0.0,0.0,0.0,0.0,0.0,0.0,0.0,,0.0,0.0,0.0,0.0,0.0
2025-04-08_PHX_GSW,2025-04-08,PHX,GSW,,,,,,,N/A,N/A,133,133,AWAY,,2025-11-26 19:08:38,0.0,0.0,0.0,0.0,0.0,0.0,0.0,0.0,0.0,0.0,0.0,,0.0,45.0,93.0,15.0,15.0,19.0,38.0,34.0,28.0,31.0,14.0,3.0,,133.0,0.0,0.0,0.0,0.0
2025-04-06_GSW_HOU,2025-04-06,GSW,HOU,,,,,,,N/A,N/A,96,96,AWAY,,2025-11-26 19:08:38,37.0,89.0,16.0,20.0,15.0,31.0,11.0,6.0,28.0,12.0,2.0,,96.0,0.0,0.0,0.0,0.0,0.0,0.0,0.0,0.0,0.0,0.0,0.0,,0.0,0.0,0.0,0.0,0.0
2025-04-03_LAL_GSW,2025-04-03,LAL,GSW,,,,,,,N/A,N/A,123,123,AWAY,,2025-11-26 19:08:38,0.0,0.0,0.0,0.0,0.0,0.0,0.0,0.0,0.0,0.0,0.0,,0.0,39.0,82.0,19.0,13.0,14.0,32.0,31.0,26.0,30.0,5.0,2.0,,123.0,0.0,0.0,0.0,0.0
2025-04-01_MEM_GSW,2025-04-01,MEM,GSW,,,,,,,N/A,N/A,134,134,AWAY,,2025-11-26 19:08:38,0.0,0.0,0.0,0.0,0.0,0.0,0.0,0.0,0.0,0.0,0.0,,0.0,42.0,99.0,22.0,11.0,15.0,34.0,28.0,28.0,29.0,11.0,3.0,,134.0,0.0,0.0,0.0,0.0
2025-03-30_SAS_GSW,2025-03-30,SAS,GSW,,,,,,,N/A,N/A,148,148,AWAY,,2025-11-26 19:08:38,0.0,0.0,0.0,0.0,0.0,0.0,0.0,0.0,0.0,0.0,0.0,,0.0,56.0,97.0,21.0,12.0,10.0,34.0,19.0,15.0,42.0,17.0,3.0,,148.0,0.0,0.0,0.0,0.0
2025-03-25_MIA_GSW,2025-03-25,MIA,GSW,,,,,,,N/A,N/A,86,86,HOME,,2025-11-26 19:08:38,0.0,0.0,0.0,0.0,0.0,0.0,0.0,0.0,0.0,0.0,0.0,,0.0,33.0,83.0,9.0,12.0,14.0,24.0,16.0,11.0,20.0,8.0,1.0,,86.0,0.0,0.0,0.0,0.0
2025-03-20_GSW_TOR,2025-03-20,GSW,TOR,,,,,,,N/A,N/A,117,117,HOME,,2025-11-26 19:08:38,38.0,90.0,19.0,14.0,11.0,27.0,28.0,22.0,30.0,13.0,5.0,,117.0,0.0,0.0,0.0,0.0,0.0,0.0,0.0,0.0,0.0,0.0,0.0,,0.0,0.0,0.0,0.0,0.0
2025-03-18_GSW_MIL,2025-03-18,GSW,MIL,,,,,,,N/A,N/A,104,104,HOME,,2025-11-26 19:08:38,32.0,77.0,17.0,18.0,9.0,43.0,26.0,23.0,25.0,7.0,6.0,,104.0,0.0,0.0,0.0,0.0,0.0,0.0,0.0,0.0,0.0,0.0,0.0,,0.0,0.0,0.0,0.0,0.0
2025-03-15_GSW_NYK,2025-03-15,GSW,NYK,,,,,,,N/A,N/A,97,97,HOME,,2025-11-26 19:08:38,33.0,83.0,13.0,9.0,10.0,35.0,22.0,18.0,25.0,7.0,5.0,,97.0,0.0,0.0,0.0,0.0,0.0,0.0,0.0,0.0,0.0,0.0,0.0,,0.0,0.0,0.0,0.0,0.0
2025-03-13_GSW_SAC,2025-03-13,GSW,SAC,,,,,,,N/A,N/A,130,130,HOME,,2025-11-26 19:08:38,45.0,78.0,22.0,14.0,7.0,36.0,24.0,18.0,35.0,8.0,5.0,,130.0,0.0,0.0,0.0,0.0,0.0,0.0,0.0,0.0,0.0,0.0,0.0,,0.0,0.0,0.0,0.0,0.0
2025-03-10_GSW_POR,2025-03-10,GSW,POR,,,,,,,N/A,N/A,130,130,HOME,,2025-11-26 19:08:38,45.0,85.0,21.0,17.0,12.0,28.0,21.0,19.0,35.0,16.0,5.0,,130.0,0.0,0.0,0.0,0.0,0.0,0.0,0.0,0.0,0.0,0.0,0.0,,0.0,0.0,0.0,0.0,0.0
2025-03-08_GSW_DET,2025-03-08,GSW,DET,,,,,,,N/A,N/A,115,115,HOME,,2025-11-26 19:08:38,35.0,84.0,12.0,17.0,11.0,35.0,41.0,33.0,26.0,12.0,4.0,,115.0,0.0,0.0,0.0,0.0,0.0,0.0,0.0,0.0,0.0,0.0,0.0,,0.0,0.0,0.0,0.0,0.0
2025-03-06_BKN_GSW,2025-03-06,BKN,GSW,,,,,,,N/A,N/A,121,121,AWAY,,2025-11-26 19:08:38,0.0,0.0,0.0,0.0,0.0,0.0,0.0,0.0,0.0,0.0,0.0,,0.0,40.0,82.0,12.0,16.0,15.0,30.0,32.0,29.0,31.0,3.0,4.0,,121.0,0.0,0.0,0.0,0.0
2025-03-04_NYK_GSW,2025-03-04,NYK,GSW,,,,,,,N/A,N/A,114,114,AWAY,,2025-11-26 19:08:38,0.0,0.0,0.0,0.0,0.0,0.0,0.0,0.0,0.0,0.0,0.0,,0.0,43.0,88.0,13.0,11.0,9.0,35.0,19.0,15.0,30.0,7.0,7.0,,114.0,0.0,0.0,0.0,0.0
2025-03-03_CHA_GSW,2025-03-03,CHA,GSW,,,,,,,N/A,N/A,119,119,AWAY,,2025-11-26 19:08:38,0.0,0.0,0.0,0.0,0.0,0.0,0.0,0.0,0.0,0.0,0.0,,0.0,40.0,95.0,18.0,8.0,12.0,42.0,24.0,21.0,33.0,10.0,4.0,,119.0,0.0,0.0,0.0,0.0
2025-03-01_PHI_GSW,2025-03-01,PHI,GSW,,,,,,,N/A,N/A,119,119,HOME,,2025-11-26 19:08:38,0.0,0.0,0.0,0.0,0.0,0.0,0.0,0.0,0.0,0.0,0.0,,0.0,46.0,100.0,12.0,15.0,18.0,31.0,19.0,15.0,33.0,7.0,4.0,,119.0,0.0,0.0,0.0,0.0
2025-02-27_ORL_GSW,2025-02-27,ORL,GSW,,,,,,,N/A,N/A,121,121,AWAY,,2025-11-26 19:08:38,0.0,0.0,0.0,0.0,0.0,0.0,0.0,0.0,0.0,0.0,0.0,,0.0,36.0,79.0,19.0,12.0,11.0,27.0,34.0,30.0,26.0,8.0,7.0,,121.0,0.0,0.0,0.0,0.0
2025-02-25_GSW_CHA,2025-02-25,GSW,CHA,,,,,,,N/A,N/A,128,128,HOME,,2025-11-26 19:08:38,49.0,100.0,15.0,11.0,16.0,35.0,18.0,15.0,40.0,16.0,5.0,,128.0,0.0,0.0,0.0,0.0,0.0,0.0,0.0,0.0,0.0,0.0,0.0,,0.0,0.0,0.0,0.0,0.0
2025-02-21_SAC_GSW,2025-02-21,SAC,GSW,,,,,,,N/A,N/A,132,132,AWAY,,2025-11-26 19:08:38,0.0,0.0,0.0,0.0,0.0,0.0,0.0,0.0,0.0,0.0,0.0,,0.0,50.0,93.0,20.0,12.0,11.0,24.0,12.0,12.0,40.0,13.0,3.0,,132.0,0.0,0.0,0.0,0.0
2025-02-13_HOU_GSW,2025-02-13,HOU,GSW,,,,,,,N/A,N/A,105,105,AWAY,,2025-11-26 19:08:38,0.0,0.0,0.0,0.0,0.0,0.0,0.0,0.0,0.0,0.0,0.0,,0.0,35.0,89.0,11.0,10.0,9.0,33.0,27.0,24.0,26.0,13.0,6.0,,105.0,0.0,0.0,0.0,0.0
2025-02-10_MIL_GSW,2025-02-10,MIL,GSW,,,,,,,N/A,N/A,125,125,AWAY,,2025-11-26 19:08:38,0.0,0.0,0.0,0.0,0.0,0.0,0.0,0.0,0.0,0.0,0.0,,0.0,41.0,93.0,13.0,9.0,15.0,33.0,38.0,30.0,27.0,16.0,2.0,,125.0,0.0,0.0,0.0,0.0
2025-02-06_LAL_GSW,2025-02-06,LAL,GSW,,,,,,,N/A,N/A,112,112,HOME,,2025-11-26 19:08:38,0.0,0.0,0.0,0.0,0.0,0.0,0.0,0.0,0.0,0.0,0.0,,0.0,41.0,101.0,16.0,12.0,10.0,30.0,20.0,14.0,29.0,8.0,2.0,,112.0,0.0,0.0,0.0,0.0
2025-02-05_UTA_GSW,2025-02-05,UTA,GSW,,,,,,,N/A,N/A,128,128,HOME,,2025-11-26 19:08:38,0.0,0.0,0.0,0.0,0.0,0.0,0.0,0.0,0.0,0.0,0.0,,0.0,46.0,100.0,17.0,9.0,12.0,29.0,27.0,19.0,33.0,6.0,4.0,,128.0,0.0,0.0,0.0,0.0
2025-02-03_GSW_ORL,2025-02-03,GSW,ORL,,,,,,,N/A,N/A,104,104,HOME,,2025-11-26 19:08:38,34.0,78.0,12.0,13.0,9.0,35.0,34.0,24.0,25.0,9.0,0.0,,104.0,0.0,0.0,0.0,0.0,0.0,0.0,0.0,0.0,0.0,0.0,0.0,,0.0,0.0,0.0,0.0,0.0
2025-01-31_GSW_PHX,2025-01-31,GSW,PHX,,,,,,,N/A,N/A,105,105,AWAY,,2025-11-26 19:08:38,36.0,96.0,16.0,12.0,14.0,35.0,25.0,17.0,26.0,11.0,6.0,,105.0,0.0,0.0,0.0,0.0,0.0,0.0,0.0,0.0,0.0,0.0,0.0,,0.0,0.0,0.0,0.0,0.0
2025-01-29_GSW_OKC,2025-01-29,GSW,OKC,,,,,,,N/A,N/A,116,116,HOME,,2025-11-26 19:08:38,40.0,81.0,13.0,15.0,7.0,35.0,28.0,23.0,30.0,6.0,7.0,,116.0,0.0,0.0,0.0,0.0,0.0,0.0,0.0,0.0,0.0,0.0,0.0,,0.0,0.0,0.0,0.0,0.0
2025-01-28_GSW_UTA,2025-01-28,GSW,UTA,,,,,,,N/A,N/A,114,114,HOME,,2025-11-26 19:08:38,36.0,92.0,17.0,9.0,16.0,31.0,31.0,25.0,29.0,8.0,4.0,,114.0,0.0,0.0,0.0,0.0,0.0,0.0,0.0,0.0,0.0,0.0,0.0,,0.0,0.0,0.0,0.0,0.0
2025-01-25_GSW_LAL,2025-01-25,GSW,LAL,,,,,,,N/A,N/A,108,108,AWAY,,2025-11-26 19:08:38,41.0,89.0,16.0,11.0,11.0,27.0,16.0,10.0,30.0,10.0,0.0,,108.0,0.0,0.0,0.0,0.0,0.0,0.0,0.0,0.0,0.0,0.0,0.0,,0.0,0.0,0.0,0.0,0.0
2025-01-22_SAC_GSW,2025-01-22,SAC,GSW,,,,,,,N/A,N/A,117,117,HOME,,2025-11-26 19:08:38,0.0,0.0,0.0,0.0,0.0,0.0,0.0,0.0,0.0,0.0,0.0,,0.0,43.0,92.0,22.0,19.0,12.0,32.0,13.0,9.0,31.0,5.0,2.0,,117.0,0.0,0.0,0.0,0.0
2025-01-18_GSW_WAS,2025-01-18,GSW,WAS,,,,,,,N/A,N/A,122,122,HOME,,2025-11-26 19:08:38,45.0,96.0,14.0,9.0,17.0,38.0,24.0,18.0,24.0,6.0,7.0,,122.0,0.0,0.0,0.0,0.0,0.0,0.0,0.0,0.0,0.0,0.0,0.0,,0.0,0.0,0.0,0.0,0.0
2025-01-15_MIN_GSW,2025-01-15,MIN,GSW,,,,,,,N/A,N/A,116,116,AWAY,,2025-11-26 19:08:38,0.0,0.0,0.0,0.0,0.0,0.0,0.0,0.0,0.0,0.0,0.0,,0.0,40.0,82.0,18.0,12.0,14.0,31.0,21.0,18.0,26.0,8.0,5.0,,116.0,0.0,0.0,0.0,0.0
2025-01-13_TOR_GSW,2025-01-13,TOR,GSW,,,,,,,N/A,N/A,101,101,HOME,,2025-11-26 19:08:38,0.0,0.0,0.0,0.0,0.0,0.0,0.0,0.0,0.0,0.0,0.0,,0.0,35.0,88.0,16.0,14.0,14.0,32.0,22.0,15.0,23.0,11.0,4.0,,101.0,0.0,0.0,0.0,0.0
2025-01-10_IND_GSW,2025-01-10,IND,GSW,,,,,,,N/A,N/A,96,96,HOME,,2025-11-26 19:08:38,0.0,0.0,0.0,0.0,0.0,0.0,0.0,0.0,0.0,0.0,0.0,,0.0,38.0,91.0,10.0,13.0,11.0,31.0,13.0,10.0,25.0,11.0,2.0,,96.0,0.0,0.0,0.0,0.0
2025-01-09_DET_GSW,2025-01-09,DET,GSW,,,,,,,N/A,N/A,107,107,AWAY,,2025-11-26 19:08:38,0.0,0.0,0.0,0.0,0.0,0.0,0.0,0.0,0.0,0.0,0.0,,0.0,41.0,89.0,15.0,15.0,15.0,34.0,16.0,10.0,32.0,9.0,7.0,,107.0,0.0,0.0,0.0,0.0
2025-01-07_GSW_MIA,2025-01-07,GSW,MIA,,,,,,,N/A,N/A,98,98,AWAY,,2025-11-26 19:08:38,40.0,98.0,14.0,10.0,11.0,41.0,5.0,4.0,28.0,9.0,6.0,,98.0,0.0,0.0,0.0,0.0,0.0,0.0,0.0,0.0,0.0,0.0,0.0,,0.0,0.0,0.0,0.0,0.0
2025-01-05_GSW_SAC,2025-01-05,GSW,SAC,,,,,,,N/A,N/A,99,99,AWAY,,2025-11-26 19:08:38,37.0,81.0,12.0,22.0,9.0,26.0,18.0,13.0,22.0,10.0,3.0,,99.0,0.0,0.0,0.0,0.0,0.0,0.0,0.0,0.0,0.0,0.0,0.0,,0.0,0.0,0.0,0.0,0.0
2025-01-04_GSW_MEM,2025-01-04,GSW,MEM,,,,,,,N/A,N/A,121,121,HOME,,2025-11-26 19:08:38,44.0,84.0,23.0,18.0,9.0,20.0,16.0,10.0,32.0,13.0,5.0,,121.0,0.0,0.0,0.0,0.0,0.0,0.0,0.0,0.0,0.0,0.0,0.0,,0.0,0.0,0.0,0.0,0.0
2025-01-02_GSW_PHI,2025-01-02,GSW,PHI,,,,,,,N/A,N/A,139,139,HOME,,2025-11-26 19:08:38,53.0,87.0,22.0,11.0,5.0,38.0,15.0,11.0,41.0,5.0,8.0,,139.0,0.0,0.0,0.0,0.0,0.0,0.0,0.0,0.0,0.0,0.0,0.0,,0.0,0.0,0.0,0.0,0.0
2024-12-28_GSW_PHX,2024-12-28,GSW,PHX,,,,,,,N/A,N/A,109,109,HOME,,2025-11-26 19:08:38,41.0,98.0,12.0,11.0,18.0,31.0,19.0,15.0,26.0,8.0,7.0,,109.0,0.0,0.0,0.0,0.0,0.0,0.0,0.0,0.0,0.0,0.0,0.0,,0.0,0.0,0.0,0.0,0.0
2024-12-27_LAC_GSW,2024-12-27,LAC,GSW,,,,,,,N/A,N/A,92,92,HOME,,2025-11-26 19:08:38,0.0,0.0,0.0,0.0,0.0,0.0,0.0,0.0,0.0,0.0,0.0,,0.0,35.0,95.0,7.0,14.0,19.0,28.0,20.0,15.0,24.0,14.0,2.0,,92.0,0.0,0.0,0.0,0.0
2024-12-25_GSW_LAL,2024-12-25,GSW,LAL,,,,,,,N/A,N/A,113,113,AWAY,,2025-11-26 19:08:38,41.0,89.0,18.0,12.0,12.0,32.0,17.0,13.0,26.0,2.0,8.0,,113.0,0.0,0.0,0.0,0.0,0.0,0.0,0.0,0.0,0.0,0.0,0.0,,0.0,0.0,0.0,0.0,0.0
2024-12-23_GSW_IND,2024-12-23,GSW,IND,,,,,,,N/A,N/A,105,105,AWAY,,2025-11-26 19:08:38,39.0,90.0,12.0,11.0,11.0,33.0,21.0,15.0,29.0,7.0,7.0,,105.0,0.0,0.0,0.0,0.0,0.0,0.0,0.0,0.0,0.0,0.0,0.0,,0.0,0.0,0.0,0.0,0.0
2024-12-21_MIN_GSW,2024-12-21,MIN,GSW,,,,,,,N/A,N/A,113,113,AWAY,,2025-11-26 19:08:38,0.0,0.0,0.0,0.0,0.0,0.0,0.0,0.0,0.0,0.0,0.0,,0.0,40.0,87.0,16.0,10.0,11.0,34.0,23.0,17.0,30.0,9.0,6.0,,113.0,0.0,0.0,0.0,0.0
2024-12-19_MEM_GSW,2024-12-19,MEM,GSW,,,,,,,N/A,N/A,93,93,HOME,,2025-11-26 19:08:38,0.0,0.0,0.0,0.0,0.0,0.0,0.0,0.0,0.0,0.0,0.0,,0.0,32.0,90.0,12.0,17.0,10.0,26.0,24.0,17.0,20.0,11.0,5.0,,93.0,0.0,0.0,0.0,0.0
2024-12-11_HOU_GSW,2024-12-11,HOU,GSW,,,,,,,N/A,N/A,90,90,HOME,,2025-11-26 19:08:38,0.0,0.0,0.0,0.0,0.0,0.0,0.0,0.0,0.0,0.0,0.0,,0.0,37.0,84.0,12.0,15.0,11.0,28.0,9.0,4.0,22.0,13.0,8.0,,90.0,0.0,0.0,0.0,0.0
2024-12-08_GSW_MIN,2024-12-08,GSW,MIN,,,,,,,N/A,N/A,114,114,HOME,,2025-11-26 19:08:38,42.0,90.0,16.0,11.0,14.0,31.0,20.0,14.0,28.0,8.0,6.0,,114.0,0.0,0.0,0.0,0.0,0.0,0.0,0.0,0.0,0.0,0.0,0.0,,0.0,0.0,0.0,0.0,0.0
2024-12-06_GSW_MIN,2024-12-06,GSW,MIN,,,,,,,N/A,N/A,90,90,AWAY,,2025-11-26 19:08:38,32.0,82.0,11.0,22.0,10.0,31.0,17.0,15.0,21.0,9.0,4.0,,90.0,0.0,0.0,0.0,0.0,0.0,0.0,0.0,0.0,0.0,0.0,0.0,,0.0,0.0,0.0,0.0,0.0
2024-12-05_GSW_HOU,2024-12-05,GSW,HOU,,,,,,,N/A,N/A,99,99,HOME,,2025-11-26 19:08:38,36.0,86.0,9.0,10.0,11.0,43.0,27.0,18.0,19.0,5.0,3.0,,99.0,0.0,0.0,0.0,0.0,0.0,0.0,0.0,0.0,0.0,0.0,0.0,,0.0,0.0,0.0,0.0,0.0
2024-11-30_PHX_GSW,2024-11-30,PHX,GSW,,,,,,,N/A,N/A,105,105,HOME,,2025-11-26 19:08:38,0.0,0.0,0.0,0.0,0.0,0.0,0.0,0.0,0.0,0.0,0.0,,0.0,38.0,92.0,14.0,9.0,9.0,34.0,18.0,15.0,28.0,8.0,5.0,,105.0,0.0,0.0,0.0,0.0
2024-11-27_GSW_OKC,2024-11-27,GSW,OKC,,,,,,,N/A,N/A,101,101,AWAY,,2025-11-26 19:08:38,35.0,98.0,16.0,14.0,18.0,39.0,21.0,15.0,25.0,7.0,6.0,,101.0,0.0,0.0,0.0,0.0,0.0,0.0,0.0,0.0,0.0,0.0,0.0,,0.0,0.0,0.0,0.0,0.0
2024-11-25_GSW_BKN,2024-11-25,GSW,BKN,,,,,,,N/A,N/A,120,120,AWAY,,2025-11-26 19:08:38,45.0,93.0,19.0,12.0,11.0,32.0,17.0,11.0,32.0,8.0,5.0,,120.0,0.0,0.0,0.0,0.0,0.0,0.0,0.0,0.0,0.0,0.0,0.0,,0.0,0.0,0.0,0.0,0.0
2024-11-23_SAS_GSW,2024-11-23,SAS,GSW,,,,,,,N/A,N/A,94,94,HOME,,2025-11-26 19:08:38,0.0,0.0,0.0,0.0,0.0,0.0,0.0,0.0,0.0,0.0,0.0,,0.0,36.0,95.0,14.0,10.0,17.0,32.0,13.0,8.0,29.0,4.0,3.0,,94.0,0.0,0.0,0.0,0.0
2024-11-18_LAC_GSW,2024-11-18,LAC,GSW,,,,,,,N/A,N/A,99,99,HOME,,2025-11-26 19:08:38,0.0,0.0,0.0,0.0,0.0,0.0,0.0,0.0,0.0,0.0,0.0,,0.0,37.0,84.0,16.0,19.0,9.0,36.0,19.0,9.0,27.0,12.0,4.0,,99.0,0.0,0.0,0.0,0.0
2024-11-15_GSW_MEM,2024-11-15,GSW,MEM,,,,,,,N/A,N/A,123,123,HOME,,2025-11-26 19:08:38,43.0,98.0,19.0,19.0,14.0,42.0,25.0,18.0,33.0,9.0,5.0,,123.0,0.0,0.0,0.0,0.0,0.0,0.0,0.0,0.0,0.0,0.0,0.0,,0.0,0.0,0.0,0.0,0.0
2024-11-10_OKC_GSW,2024-11-10,OKC,GSW,,,,,,,N/A,N/A,127,127,AWAY,,2025-11-26 19:08:38,0.0,0.0,0.0,0.0,0.0,0.0,0.0,0.0,0.0,0.0,0.0,,0.0,45.0,89.0,21.0,14.0,13.0,33.0,23.0,16.0,35.0,8.0,3.0,,127.0,0.0,0.0,0.0,0.0
2024-11-04_WAS_GSW,2024-11-04,WAS,GSW,,,,,,,N/A,N/A,125,125,AWAY,,2025-11-26 19:08:38,0.0,0.0,0.0,0.0,0.0,0.0,0.0,0.0,0.0,0.0,0.0,,0.0,44.0,97.0,12.0,6.0,16.0,40.0,34.0,25.0,29.0,5.0,7.0,,125.0,0.0,0.0,0.0,0.0
2024-11-02_HOU_GSW,2024-11-02,HOU,GSW,,,,,,,N/A,N/A,127,127,AWAY,,2025-11-26 19:08:38,0.0,0.0,0.0,0.0,0.0,0.0,0.0,0.0,0.0,0.0,0.0,,0.0,40.0,78.0,15.0,14.0,9.0,38.0,50.0,32.0,26.0,5.0,4.0,,127.0,0.0,0.0,0.0,0.0
2024-10-27_GSW_LAC,2024-10-27,GSW,LAC,,,,,,,N/A,N/A,104,104,AWAY,,2025-11-26 19:08:38,38.0,88.0,14.0,21.0,14.0,33.0,22.0,14.0,19.0,10.0,5.0,,104.0,0.0,0.0,0.0,0.0,0.0,0.0,0.0,0.0,0.0,0.0,0.0,,0.0,0.0,0.0,0.0,0.0
2024-10-25_UTA_GSW,2024-10-25,UTA,GSW,,,,,,,N/A,N/A,127,127,AWAY,,2025-11-26 19:08:38,0.0,0.0,0.0,0.0,0.0,0.0,0.0,0.0,0.0,0.0,0.0,,0.0,51.0,106.0,20.0,13.0,19.0,41.0,6.0,5.0,35.0,15.0,6.0,,127.0,0.0,0.0,0.0,0.0
2024-10-23_POR_GSW,2024-10-23,POR,GSW,,,,,,,N/A,N/A,140,140,AWAY,,2025-11-26 19:08:38,0.0,0.0,0.0,0.0,0.0,0.0,0.0,0.0,0.0,0.0,0.0,,0.0,48.0,93.0,20.0,17.0,15.0,42.0,30.0,24.0,38.0,13.0,5.0,,140.0,0.0,0.0,0.0,0.0
2025-04-11_LAL_HOU,2025-04-11,LAL,HOU,,,,,,,N/A,N/A,109,109,HOME,,2025-11-26 19:08:39,0.0,0.0,0.0,0.0,0.0,0.0,0.0,0.0,0.0,0.0,0.0,,0.0,41.0,90.0,18.0,18.0,7.0,30.0,12.0,9.0,22.0,8.0,5.0,,109.0,0.0,0.0,0.0,0.0
2025-04-09_LAC_HOU,2025-04-09,LAC,HOU,,,,,,,N/A,N/A,117,117,HOME,,2025-11-26 19:08:39,0.0,0.0,0.0,0.0,0.0,0.0,0.0,0.0,0.0,0.0,0.0,,0.0,45.0,88.0,20.0,13.0,7.0,29.0,10.0,7.0,24.0,7.0,4.0,,117.0,0.0,0.0,0.0,0.0
2025-04-04_HOU_OKC,2025-04-04,HOU,OKC,,,,,,,N/A,N/A,125,125,HOME,,2025-11-26 19:08:39,45.0,92.0,13.0,13.0,14.0,34.0,26.0,22.0,24.0,10.0,5.0,,125.0,0.0,0.0,0.0,0.0,0.0,0.0,0.0,0.0,0.0,0.0,0.0,,0.0,0.0,0.0,0.0,0.0
2025-04-02_HOU_UTA,2025-04-02,HOU,UTA,,,,,,,N/A,N/A,143,143,HOME,,2025-11-26 19:08:39,56.0,104.0,19.0,10.0,18.0,45.0,19.0,12.0,30.0,4.0,6.0,,143.0,0.0,0.0,0.0,0.0,0.0,0.0,0.0,0.0,0.0,0.0,0.0,,0.0,0.0,0.0,0.0,0.0
2025-03-31_LAL_HOU,2025-03-31,LAL,HOU,,,,,,,N/A,N/A,98,98,HOME,,2025-11-26 19:08:39,0.0,0.0,0.0,0.0,0.0,0.0,0.0,0.0,0.0,0.0,0.0,,0.0,37.0,89.0,10.0,15.0,10.0,41.0,17.0,14.0,26.0,7.0,5.0,,98.0,0.0,0.0,0.0,0.0
2025-03-30_PHX_HOU,2025-03-30,PHX,HOU,,,,,,,N/A,N/A,148,148,AWAY,,2025-11-26 19:08:39,0.0,0.0,0.0,0.0,0.0,0.0,0.0,0.0,0.0,0.0,0.0,,0.0,56.0,98.0,18.0,9.0,13.0,32.0,25.0,18.0,37.0,14.0,4.0,,148.0,0.0,0.0,0.0,0.0
2025-03-27_UTA_HOU,2025-03-27,UTA,HOU,,,,,,,N/A,N/A,121,121,AWAY,,2025-11-26 19:08:39,0.0,0.0,0.0,0.0,0.0,0.0,0.0,0.0,0.0,0.0,0.0,,0.0,47.0,102.0,12.0,9.0,18.0,33.0,19.0,15.0,26.0,7.0,5.0,,121.0,0.0,0.0,0.0,0.0
2025-03-21_MIA_HOU,2025-03-21,MIA,HOU,,,,,,,N/A,N/A,102,102,AWAY,,2025-11-26 19:08:39,0.0,0.0,0.0,0.0,0.0,0.0,0.0,0.0,0.0,0.0,0.0,,0.0,39.0,84.0,14.0,15.0,15.0,31.0,21.0,10.0,14.0,17.0,4.0,,102.0,0.0,0.0,0.0,0.0
2025-03-19_ORL_HOU,2025-03-19,ORL,HOU,,,,,,,N/A,N/A,116,116,AWAY,,2025-11-26 19:08:39,0.0,0.0,0.0,0.0,0.0,0.0,0.0,0.0,0.0,0.0,0.0,,0.0,38.0,81.0,11.0,15.0,12.0,34.0,32.0,29.0,18.0,10.0,5.0,,116.0,0.0,0.0,0.0,0.0
2025-03-17_HOU_PHI,2025-03-17,HOU,PHI,,,,,,,N/A,N/A,144,144,HOME,,2025-11-26 19:08:39,51.0,107.0,22.0,15.0,23.0,35.0,24.0,20.0,35.0,8.0,5.0,,144.0,0.0,0.0,0.0,0.0,0.0,0.0,0.0,0.0,0.0,0.0,0.0,,0.0,0.0,0.0,0.0,0.0
2025-03-12_HOU_PHX,2025-03-12,HOU,PHX,,,,,,,N/A,N/A,111,111,HOME,,2025-11-26 19:08:39,40.0,88.0,12.0,9.0,11.0,27.0,25.0,19.0,25.0,11.0,3.0,,111.0,0.0,0.0,0.0,0.0,0.0,0.0,0.0,0.0,0.0,0.0,0.0,,0.0,0.0,0.0,0.0,0.0
2025-03-10_HOU_ORL,2025-03-10,HOU,ORL,,,,,,,N/A,N/A,97,97,HOME,,2025-11-26 19:08:39,35.0,89.0,16.0,19.0,20.0,43.0,18.0,11.0,20.0,4.0,4.0,,97.0,0.0,0.0,0.0,0.0,0.0,0.0,0.0,0.0,0.0,0.0,0.0,,0.0,0.0,0.0,0.0,0.0
2025-03-04_IND_HOU,2025-03-04,IND,HOU,,,,,,,N/A,N/A,102,102,HOME,,2025-11-26 19:08:39,0.0,0.0,0.0,0.0,0.0,0.0,0.0,0.0,0.0,0.0,0.0,,0.0,40.0,98.0,9.0,14.0,24.0,34.0,26.0,13.0,22.0,6.0,0.0,,102.0,0.0,0.0,0.0,0.0
2025-03-03_OKC_HOU,2025-03-03,OKC,HOU,,,,,,,N/A,N/A,128,128,HOME,,2025-11-26 19:08:39,0.0,0.0,0.0,0.0,0.0,0.0,0.0,0.0,0.0,0.0,0.0,,0.0,49.0,101.0,16.0,16.0,15.0,34.0,17.0,14.0,20.0,8.0,7.0,,128.0,0.0,0.0,0.0,0.0
2025-03-01_HOU_SAC,2025-03-01,HOU,SAC,,,,,,,N/A,N/A,103,103,AWAY,,2025-11-26 19:08:39,37.0,86.0,13.0,15.0,13.0,30.0,23.0,16.0,18.0,7.0,2.0,,103.0,0.0,0.0,0.0,0.0,0.0,0.0,0.0,0.0,0.0,0.0,0.0,,0.0,0.0,0.0,0.0,0.0
2025-02-26_HOU_SAS,2025-02-26,HOU,SAS,,,,,,,N/A,N/A,118,118,HOME,,2025-11-26 19:08:39,48.0,102.0,11.0,14.0,20.0,40.0,14.0,11.0,22.0,4.0,5.0,,118.0,0.0,0.0,0.0,0.0,0.0,0.0,0.0,0.0,0.0,0.0,0.0,,0.0,0.0,0.0,0.0,0.0
2025-02-25_HOU_MIL,2025-02-25,HOU,MIL,,,,,,,N/A,N/A,100,100,HOME,,2025-11-26 19:08:39,37.0,91.0,12.0,15.0,16.0,37.0,18.0,14.0,18.0,6.0,9.0,,100.0,0.0,0.0,0.0,0.0,0.0,0.0,0.0,0.0,0.0,0.0,0.0,,0.0,0.0,0.0,0.0,0.0
2025-02-22_UTA_HOU,2025-02-22,UTA,HOU,,,,,,,N/A,N/A,115,115,HOME,,2025-11-26 19:08:39,0.0,0.0,0.0,0.0,0.0,0.0,0.0,0.0,0.0,0.0,0.0,,0.0,44.0,100.0,17.0,7.0,8.0,33.0,18.0,10.0,33.0,3.0,2.0,,115.0,0.0,0.0,0.0,0.0
2025-02-21_HOU_MIN,2025-02-21,HOU,MIN,,,,,,,N/A,N/A,121,121,HOME,,2025-11-26 19:08:39,42.0,84.0,13.0,20.0,9.0,39.0,32.0,24.0,18.0,5.0,6.0,,121.0,0.0,0.0,0.0,0.0,0.0,0.0,0.0,0.0,0.0,0.0,0.0,,0.0,0.0,0.0,0.0,0.0
2025-02-12_HOU_PHX,2025-02-12,HOU,PHX,,,,,,,N/A,N/A,119,119,HOME,,2025-11-26 19:08:40,46.0,97.0,13.0,11.0,17.0,30.0,24.0,14.0,32.0,10.0,4.0,,119.0,0.0,0.0,0.0,0.0,0.0,0.0,0.0,0.0,0.0,0.0,0.0,,0.0,0.0,0.0,0.0,0.0
2025-02-09_HOU_TOR,2025-02-09,HOU,TOR,,,,,,,N/A,N/A,94,94,HOME,,2025-11-26 19:08:40,31.0,86.0,10.0,15.0,10.0,48.0,28.0,22.0,17.0,8.0,3.0,,94.0,0.0,0.0,0.0,0.0,0.0,0.0,0.0,0.0,0.0,0.0,0.0,,0.0,0.0,0.0,0.0,0.0
2025-02-06_MIN_HOU,2025-02-06,MIN,HOU,,,,,,,N/A,N/A,114,114,HOME,,2025-11-26 19:08:40,0.0,0.0,0.0,0.0,0.0,0.0,0.0,0.0,0.0,0.0,0.0,,0.0,41.0,84.0,12.0,10.0,12.0,27.0,28.0,20.0,26.0,12.0,7.0,,114.0,0.0,0.0,0.0,0.0
2025-02-04_BKN_HOU,2025-02-04,BKN,HOU,,,,,,,N/A,N/A,97,97,HOME,,2025-11-26 19:08:40,0.0,0.0,0.0,0.0,0.0,0.0,0.0,0.0,0.0,0.0,0.0,,0.0,34.0,83.0,11.0,16.0,16.0,29.0,27.0,18.0,23.0,6.0,6.0,,97.0,0.0,0.0,0.0,0.0
2025-02-03_NYK_HOU,2025-02-03,NYK,HOU,,,,,,,N/A,N/A,118,118,HOME,,2025-11-26 19:08:40,0.0,0.0,0.0,0.0,0.0,0.0,0.0,0.0,0.0,0.0,0.0,,0.0,48.0,104.0,8.0,15.0,20.0,30.0,15.0,14.0,27.0,8.0,6.0,,118.0,0.0,0.0,0.0,0.0
2025-02-01_HOU_BKN,2025-02-01,HOU,BKN,,,,,,,N/A,N/A,98,98,AWAY,,2025-11-26 19:08:40,38.0,95.0,12.0,10.0,14.0,30.0,15.0,10.0,18.0,6.0,6.0,,98.0,0.0,0.0,0.0,0.0,0.0,0.0,0.0,0.0,0.0,0.0,0.0,,0.0,0.0,0.0,0.0,0.0
2025-01-30_MEM_HOU,2025-01-30,MEM,HOU,,,,,,,N/A,N/A,119,119,HOME,,2025-11-26 19:08:40,0.0,0.0,0.0,0.0,0.0,0.0,0.0,0.0,0.0,0.0,0.0,,0.0,42.0,97.0,13.0,12.0,19.0,26.0,28.0,22.0,22.0,6.0,5.0,,119.0,0.0,0.0,0.0,0.0
2025-01-20_HOU_DET,2025-01-20,HOU,DET,,,,,,,N/A,N/A,96,96,AWAY,,2025-11-26 19:08:40,37.0,94.0,11.0,16.0,15.0,24.0,16.0,11.0,19.0,18.0,1.0,,96.0,0.0,0.0,0.0,0.0,0.0,0.0,0.0,0.0,0.0,0.0,0.0,,0.0,0.0,0.0,0.0,0.0
2025-01-18_POR_HOU,2025-01-18,POR,HOU,,,,,,,N/A,N/A,125,125,AWAY,,2025-11-26 19:08:40,0.0,0.0,0.0,0.0,0.0,0.0,0.0,0.0,0.0,0.0,0.0,,0.0,48.0,108.0,14.0,12.0,23.0,38.0,22.0,15.0,25.0,13.0,4.0,,125.0,0.0,0.0,0.0,0.0
2025-01-16_SAC_HOU,2025-01-16,SAC,HOU,,,,,,,N/A,N/A,127,127,HOME,,2025-11-26 19:08:40,0.0,0.0,0.0,0.0,0.0,0.0,0.0,0.0,0.0,0.0,0.0,,0.0,49.0,93.0,12.0,14.0,12.0,34.0,24.0,17.0,24.0,10.0,6.0,,127.0,0.0,0.0,0.0,0.0
2025-01-13_HOU_MEM,2025-01-13,HOU,MEM,,,,,,,N/A,N/A,120,120,HOME,,2025-11-26 19:08:40,41.0,81.0,16.0,22.0,15.0,25.0,31.0,22.0,28.0,13.0,8.0,,120.0,0.0,0.0,0.0,0.0,0.0,0.0,0.0,0.0,0.0,0.0,0.0,,0.0,0.0,0.0,0.0,0.0
2025-01-09_MEM_HOU,2025-01-09,MEM,HOU,,,,,,,N/A,N/A,119,119,AWAY,,2025-11-26 19:08:40,0.0,0.0,0.0,0.0,0.0,0.0,0.0,0.0,0.0,0.0,0.0,,0.0,41.0,96.0,13.0,12.0,16.0,28.0,41.0,24.0,21.0,13.0,3.0,,119.0,0.0,0.0,0.0,0.0
2025-01-07_WAS_HOU,2025-01-07,WAS,HOU,,,,,,,N/A,N/A,135,135,AWAY,,2025-11-26 19:08:40,0.0,0.0,0.0,0.0,0.0,0.0,0.0,0.0,0.0,0.0,0.0,,0.0,50.0,97.0,15.0,10.0,19.0,30.0,23.0,20.0,31.0,15.0,2.0,,135.0,0.0,0.0,0.0,0.0
2025-01-05_HOU_LAL,2025-01-05,HOU,LAL,,,,,,,N/A,N/A,119,119,HOME,,2025-11-26 19:08:40,47.0,99.0,14.0,6.0,18.0,31.0,19.0,11.0,19.0,3.0,4.0,,119.0,0.0,0.0,0.0,0.0,0.0,0.0,0.0,0.0,0.0,0.0,0.0,,0.0,0.0,0.0,0.0,0.0
2024-12-29_HOU_MIA,2024-12-29,HOU,MIA,,,,,,,N/A,N/A,100,100,AWAY,,2025-11-26 19:08:40,38.0,97.0,13.0,12.0,19.0,33.0,13.0,11.0,24.0,5.0,4.0,,100.0,0.0,0.0,0.0,0.0,0.0,0.0,0.0,0.0,0.0,0.0,0.0,,0.0,0.0,0.0,0.0,0.0
2024-12-27_HOU_MIN,2024-12-27,HOU,MIN,,,,,,,N/A,N/A,112,112,AWAY,,2025-11-26 19:08:40,45.0,92.0,10.0,13.0,16.0,31.0,19.0,12.0,19.0,7.0,3.0,,112.0,0.0,0.0,0.0,0.0,0.0,0.0,0.0,0.0,0.0,0.0,0.0,,0.0,0.0,0.0,0.0,0.0
2024-12-23_CHA_HOU,2024-12-23,CHA,HOU,,,,,,,N/A,N/A,114,114,AWAY,,2025-11-26 19:08:40,0.0,0.0,0.0,0.0,0.0,0.0,0.0,0.0,0.0,0.0,0.0,,0.0,43.0,99.0,13.0,11.0,21.0,39.0,19.0,15.0,23.0,4.0,8.0,,114.0,0.0,0.0,0.0,0.0
2024-12-22_TOR_HOU,2024-12-22,TOR,HOU,,,,,,,N/A,N/A,114,114,AWAY,,2025-11-26 19:08:40,0.0,0.0,0.0,0.0,0.0,0.0,0.0,0.0,0.0,0.0,0.0,,0.0,40.0,89.0,7.0,21.0,18.0,35.0,33.0,27.0,18.0,12.0,6.0,,114.0,0.0,0.0,0.0,0.0
2024-12-14_OKC_HOU,2024-12-14,OKC,HOU,,,,,,,N/A,N/A,96,96,HOME,,2025-11-26 19:08:40,0.0,0.0,0.0,0.0,0.0,0.0,0.0,0.0,0.0,0.0,0.0,,0.0,35.0,96.0,11.0,16.0,19.0,30.0,25.0,15.0,17.0,7.0,3.0,,96.0,0.0,0.0,0.0,0.0
2024-12-08_LAC_HOU,2024-12-08,LAC,HOU,,,,,,,N/A,N/A,117,117,AWAY,,2025-11-26 19:08:40,0.0,0.0,0.0,0.0,0.0,0.0,0.0,0.0,0.0,0.0,0.0,,0.0,40.0,82.0,15.0,15.0,12.0,38.0,26.0,22.0,23.0,4.0,4.0,,117.0,0.0,0.0,0.0,0.0
2024-12-03_SAC_HOU,2024-12-03,SAC,HOU,,,,,,,N/A,N/A,111,111,HOME,,2025-11-26 19:08:40,0.0,0.0,0.0,0.0,0.0,0.0,0.0,0.0,0.0,0.0,0.0,,0.0,41.0,93.0,14.0,15.0,18.0,35.0,21.0,15.0,14.0,6.0,1.0,,111.0,0.0,0.0,0.0,0.0
2024-12-01_HOU_OKC,2024-12-01,HOU,OKC,,,,,,,N/A,N/A,119,119,HOME,,2025-11-26 19:08:40,38.0,92.0,13.0,10.0,15.0,36.0,39.0,30.0,20.0,3.0,6.0,,119.0,0.0,0.0,0.0,0.0,0.0,0.0,0.0,0.0,0.0,0.0,0.0,,0.0,0.0,0.0,0.0,0.0
2024-11-27_PHI_HOU,2024-11-27,PHI,HOU,,,,,,,N/A,N/A,122,122,AWAY,,2025-11-26 19:08:40,0.0,0.0,0.0,0.0,0.0,0.0,0.0,0.0,0.0,0.0,0.0,,0.0,40.0,88.0,10.0,20.0,14.0,37.0,38.0,32.0,23.0,10.0,14.0,,122.0,0.0,0.0,0.0,0.0
2024-11-26_MIN_HOU,2024-11-26,MIN,HOU,,,,,,,N/A,N/A,117,117,AWAY,,2025-11-26 19:08:40,0.0,0.0,0.0,0.0,0.0,0.0,0.0,0.0,0.0,0.0,0.0,,0.0,45.0,99.0,15.0,10.0,7.0,37.0,13.0,12.0,31.0,12.0,9.0,,117.0,0.0,0.0,0.0,0.0
2024-11-23_HOU_POR,2024-11-23,HOU,POR,,,,,,,N/A,N/A,98,98,AWAY,,2025-11-26 19:08:40,32.0,90.0,8.0,9.0,14.0,29.0,33.0,26.0,17.0,8.0,5.0,,98.0,0.0,0.0,0.0,0.0,0.0,0.0,0.0,0.0,0.0,0.0,0.0,,0.0,0.0,0.0,0.0,0.0
2024-11-22_HOU_POR,2024-11-22,HOU,POR,,,,,,,N/A,N/A,116,116,HOME,,2025-11-26 19:08:40,42.0,93.0,15.0,17.0,13.0,38.0,25.0,17.0,27.0,14.0,5.0,,116.0,0.0,0.0,0.0,0.0,0.0,0.0,0.0,0.0,0.0,0.0,0.0,,0.0,0.0,0.0,0.0,0.0
2024-11-20_HOU_IND,2024-11-20,HOU,IND,,,,,,,N/A,N/A,130,130,HOME,,2025-11-26 19:08:40,47.0,102.0,12.0,13.0,13.0,34.0,33.0,24.0,25.0,16.0,2.0,,130.0,0.0,0.0,0.0,0.0,0.0,0.0,0.0,0.0,0.0,0.0,0.0,,0.0,0.0,0.0,0.0,0.0
2024-11-18_MIL_HOU,2024-11-18,MIL,HOU,,,,,,,N/A,N/A,100,100,HOME,,2025-11-26 19:08:40,0.0,0.0,0.0,0.0,0.0,0.0,0.0,0.0,0.0,0.0,0.0,,0.0,40.0,100.0,9.0,12.0,16.0,37.0,13.0,11.0,19.0,9.0,6.0,,100.0,0.0,0.0,0.0,0.0
2024-11-15_HOU_LAC,2024-11-15,HOU,LAC,,,,,,,N/A,N/A,125,125,HOME,,2025-11-26 19:08:40,46.0,95.0,19.0,12.0,9.0,39.0,18.0,14.0,31.0,11.0,3.0,,125.0,0.0,0.0,0.0,0.0,0.0,0.0,0.0,0.0,0.0,0.0,0.0,,0.0,0.0,0.0,0.0,0.0
2024-11-13_HOU_LAC,2024-11-13,HOU,LAC,,,,,,,N/A,N/A,111,111,HOME,,2025-11-26 19:08:40,42.0,97.0,15.0,13.0,18.0,41.0,17.0,12.0,28.0,8.0,11.0,,111.0,0.0,0.0,0.0,0.0,0.0,0.0,0.0,0.0,0.0,0.0,0.0,,0.0,0.0,0.0,0.0,0.0
2024-11-11_HOU_WAS,2024-11-11,HOU,WAS,,,,,,,N/A,N/A,107,107,HOME,,2025-11-26 19:08:40,40.0,87.0,5.0,19.0,17.0,41.0,25.0,22.0,13.0,12.0,10.0,,107.0,0.0,0.0,0.0,0.0,0.0,0.0,0.0,0.0,0.0,0.0,0.0,,0.0,0.0,0.0,0.0,0.0
2024-11-10_DET_HOU,2024-11-10,DET,HOU,,,,,,,N/A,N/A,101,101,AWAY,,2025-11-26 19:08:40,0.0,0.0,0.0,0.0,0.0,0.0,0.0,0.0,0.0,0.0,0.0,,0.0,38.0,93.0,7.0,11.0,17.0,36.0,24.0,18.0,19.0,10.0,5.0,,101.0,0.0,0.0,0.0,0.0
2024-11-08_OKC_HOU,2024-11-08,OKC,HOU,,,,,,,N/A,N/A,107,107,HOME,,2025-11-26 19:08:40,0.0,0.0,0.0,0.0,0.0,0.0,0.0,0.0,0.0,0.0,0.0,,0.0,39.0,90.0,11.0,17.0,14.0,34.0,26.0,18.0,19.0,7.0,3.0,,107.0,0.0,0.0,0.0,0.0
2024-11-06_HOU_SAS,2024-11-06,HOU,SAS,,,,,,,N/A,N/A,127,127,HOME,,2025-11-26 19:08:40,54.0,96.0,10.0,11.0,11.0,34.0,15.0,9.0,28.0,10.0,5.0,,127.0,0.0,0.0,0.0,0.0,0.0,0.0,0.0,0.0,0.0,0.0,0.0,,0.0,0.0,0.0,0.0,0.0
2024-11-04_HOU_NYK,2024-11-04,HOU,NYK,,,,,,,N/A,N/A,109,109,HOME,,2025-11-26 19:08:40,43.0,88.0,8.0,10.0,11.0,39.0,18.0,15.0,21.0,4.0,6.0,,109.0,0.0,0.0,0.0,0.0,0.0,0.0,0.0,0.0,0.0,0.0,0.0,,0.0,0.0,0.0,0.0,0.0
2024-10-28_SAS_HOU,2024-10-28,SAS,HOU,,,,,,,N/A,N/A,106,106,AWAY,,2025-11-26 19:08:40,0.0,0.0,0.0,0.0,0.0,0.0,0.0,0.0,0.0,0.0,0.0,,0.0,35.0,85.0,15.0,12.0,13.0,30.0,24.0,21.0,20.0,6.0,2.0,,106.0,0.0,0.0,0.0,0.0
2024-10-26_SAS_HOU,2024-10-26,SAS,HOU,,,,,,,N/A,N/A,106,106,HOME,,2025-11-26 19:08:40,0.0,0.0,0.0,0.0,0.0,0.0,0.0,0.0,0.0,0.0,0.0,,0.0,38.0,92.0,13.0,10.0,8.0,26.0,21.0,17.0,21.0,10.0,3.0,,106.0,0.0,0.0,0.0,0.0
2024-10-25_HOU_MEM,2024-10-25,HOU,MEM,,,,,,,N/A,N/A,128,128,HOME,,2025-11-26 19:08:40,43.0,98.0,17.0,17.0,23.0,41.0,36.0,25.0,20.0,10.0,4.0,,128.0,0.0,0.0,0.0,0.0,0.0,0.0,0.0,0.0,0.0,0.0,0.0,,0.0,0.0,0.0,0.0,0.0
2024-10-23_HOU_CHA,2024-10-23,HOU,CHA,,,,,,,N/A,N/A,105,105,AWAY,,2025-11-26 19:08:40,38.0,103.0,13.0,8.0,16.0,27.0,20.0,16.0,19.0,8.0,4.0,,105.0,0.0,0.0,0.0,0.0,0.0,0.0,0.0,0.0,0.0,0.0,0.0,,0.0,0.0,0.0,0.0,0.0
2025-04-11_SAC_LAC,2025-04-11,SAC,LAC,,,,,,,N/A,N/A,101,101,AWAY,,2025-11-26 19:08:41,0.0,0.0,0.0,0.0,0.0,0.0,0.0,0.0,0.0,0.0,0.0,,0.0,40.0,78.0,7.0,12.0,7.0,30.0,18.0,14.0,19.0,6.0,2.0,,101.0,0.0,0.0,0.0,0.0
2025-04-08_LAC_SAS,2025-04-08,LAC,SAS,,,,,,,N/A,N/A,122,122,HOME,,2025-11-26 19:08:41,48.0,93.0,14.0,15.0,14.0,36.0,16.0,12.0,30.0,6.0,0.0,,122.0,0.0,0.0,0.0,0.0,0.0,0.0,0.0,0.0,0.0,0.0,0.0,,0.0,0.0,0.0,0.0,0.0
2025-03-31_ORL_LAC,2025-03-31,ORL,LAC,,,,,,,N/A,N/A,96,96,AWAY,,2025-11-26 19:08:41,0.0,0.0,0.0,0.0,0.0,0.0,0.0,0.0,0.0,0.0,0.0,,0.0,36.0,82.0,8.0,16.0,11.0,36.0,19.0,16.0,18.0,12.0,5.0,,96.0,0.0,0.0,0.0,0.0
2025-03-28_BKN_LAC,2025-03-28,BKN,LAC,,,,,,,N/A,N/A,132,132,AWAY,,2025-11-26 19:08:41,0.0,0.0,0.0,0.0,0.0,0.0,0.0,0.0,0.0,0.0,0.0,,0.0,44.0,80.0,19.0,12.0,2.0,46.0,28.0,25.0,29.0,11.0,4.0,,132.0,0.0,0.0,0.0,0.0
2025-03-26_NYK_LAC,2025-03-26,NYK,LAC,,,,,,,N/A,N/A,126,126,AWAY,,2025-11-26 19:08:41,0.0,0.0,0.0,0.0,0.0,0.0,0.0,0.0,0.0,0.0,0.0,,0.0,45.0,88.0,16.0,5.0,13.0,32.0,24.0,20.0,27.0,4.0,8.0,,126.0,0.0,0.0,0.0,0.0
2025-03-23_LAC_OKC,2025-03-23,LAC,OKC,,,,,,,N/A,N/A,101,101,AWAY,,2025-11-26 19:08:41,35.0,82.0,8.0,14.0,11.0,37.0,28.0,23.0,20.0,6.0,8.0,,101.0,0.0,0.0,0.0,0.0,0.0,0.0,0.0,0.0,0.0,0.0,0.0,,0.0,0.0,0.0,0.0,0.0
2025-03-21_LAC_MEM,2025-03-21,LAC,MEM,,,,,,,N/A,N/A,128,128,HOME,,2025-11-26 19:08:41,45.0,78.0,17.0,13.0,2.0,41.0,26.0,21.0,29.0,7.0,9.0,,128.0,0.0,0.0,0.0,0.0,0.0,0.0,0.0,0.0,0.0,0.0,0.0,,0.0,0.0,0.0,0.0,0.0
2025-03-16_LAC_CHA,2025-03-16,LAC,CHA,,,,,,,N/A,N/A,123,123,HOME,,2025-11-26 19:08:41,45.0,93.0,13.0,10.0,17.0,41.0,23.0,20.0,30.0,10.0,5.0,,123.0,0.0,0.0,0.0,0.0,0.0,0.0,0.0,0.0,0.0,0.0,0.0,,0.0,0.0,0.0,0.0,0.0
2025-03-12_MIA_LAC,2025-03-12,MIA,LAC,,,,,,,N/A,N/A,119,119,AWAY,,2025-11-26 19:08:41,0.0,0.0,0.0,0.0,0.0,0.0,0.0,0.0,0.0,0.0,0.0,,0.0,45.0,76.0,13.0,16.0,11.0,34.0,24.0,16.0,24.0,7.0,0.0,,119.0,0.0,0.0,0.0,0.0
2025-03-09_LAC_SAC,2025-03-09,LAC,SAC,,,,,,,N/A,N/A,111,111,HOME,,2025-11-26 19:08:41,43.0,81.0,10.0,9.0,3.0,35.0,25.0,15.0,23.0,4.0,5.0,,111.0,0.0,0.0,0.0,0.0,0.0,0.0,0.0,0.0,0.0,0.0,0.0,,0.0,0.0,0.0,0.0,0.0
2025-03-07_LAC_NYK,2025-03-07,LAC,NYK,,,,,,,N/A,N/A,105,105,HOME,,2025-11-26 19:08:41,37.0,88.0,15.0,12.0,9.0,38.0,19.0,16.0,23.0,7.0,8.0,,105.0,0.0,0.0,0.0,0.0,0.0,0.0,0.0,0.0,0.0,0.0,0.0,,0.0,0.0,0.0,0.0,0.0
2025-03-05_LAC_DET,2025-03-05,LAC,DET,,,,,,,N/A,N/A,123,123,HOME,,2025-11-26 19:08:41,44.0,80.0,13.0,9.0,6.0,27.0,26.0,22.0,18.0,8.0,6.0,,123.0,0.0,0.0,0.0,0.0,0.0,0.0,0.0,0.0,0.0,0.0,0.0,,0.0,0.0,0.0,0.0,0.0
2025-03-04_PHX_LAC,2025-03-04,PHX,LAC,,,,,,,N/A,N/A,117,117,HOME,,2025-11-26 19:08:41,0.0,0.0,0.0,0.0,0.0,0.0,0.0,0.0,0.0,0.0,0.0,,0.0,43.0,83.0,8.0,6.0,7.0,30.0,27.0,23.0,29.0,8.0,3.0,,117.0,0.0,0.0,0.0,0.0
2025-03-02_LAL_LAC,2025-03-02,LAL,LAC,,,,,,,N/A,N/A,102,102,HOME,,2025-11-26 19:08:41,0.0,0.0,0.0,0.0,0.0,0.0,0.0,0.0,0.0,0.0,0.0,,0.0,38.0,88.0,12.0,12.0,10.0,30.0,17.0,14.0,24.0,9.0,1.0,,102.0,0.0,0.0,0.0,0.0
2025-02-28_LAL_LAC,2025-02-28,LAL,LAC,,,,,,,N/A,N/A,102,102,HOME,,2025-11-26 19:08:41,0.0,0.0,0.0,0.0,0.0,0.0,0.0,0.0,0.0,0.0,0.0,,0.0,39.0,87.0,9.0,17.0,15.0,29.0,21.0,15.0,25.0,11.0,1.0,,102.0,0.0,0.0,0.0,0.0
2025-02-24_DET_LAC,2025-02-24,DET,LAC,,,,,,,N/A,N/A,97,97,HOME,,2025-11-26 19:08:41,0.0,0.0,0.0,0.0,0.0,0.0,0.0,0.0,0.0,0.0,0.0,,0.0,37.0,92.0,11.0,17.0,15.0,33.0,19.0,12.0,24.0,12.0,3.0,,97.0,0.0,0.0,0.0,0.0
2025-02-23_IND_LAC,2025-02-23,IND,LAC,,,,,,,N/A,N/A,111,111,HOME,,2025-11-26 19:08:41,0.0,0.0,0.0,0.0,0.0,0.0,0.0,0.0,0.0,0.0,0.0,,0.0,38.0,85.0,10.0,10.0,6.0,26.0,33.0,25.0,23.0,9.0,3.0,,111.0,0.0,0.0,0.0,0.0
2025-02-20_MIL_LAC,2025-02-20,MIL,LAC,,,,,,,N/A,N/A,110,110,HOME,,2025-11-26 19:08:41,0.0,0.0,0.0,0.0,0.0,0.0,0.0,0.0,0.0,0.0,0.0,,0.0,41.0,88.0,12.0,11.0,11.0,32.0,19.0,16.0,28.0,14.0,7.0,,110.0,0.0,0.0,0.0,0.0
2025-02-13_UTA_LAC,2025-02-13,UTA,LAC,,,,,,,N/A,N/A,120,120,AWAY,,2025-11-26 19:08:41,0.0,0.0,0.0,0.0,0.0,0.0,0.0,0.0,0.0,0.0,0.0,,0.0,39.0,94.0,14.0,10.0,13.0,30.0,36.0,28.0,22.0,16.0,5.0,,120.0,0.0,0.0,0.0,0.0
2025-02-12_LAC_MEM,2025-02-12,LAC,MEM,,,,,,,N/A,N/A,128,128,HOME,,2025-11-26 19:08:41,47.0,93.0,13.0,15.0,13.0,33.0,22.0,21.0,29.0,17.0,2.0,,128.0,0.0,0.0,0.0,0.0,0.0,0.0,0.0,0.0,0.0,0.0,0.0,,0.0,0.0,0.0,0.0,0.0
2025-02-08_LAC_UTA,2025-02-08,LAC,UTA,,,,,,,N/A,N/A,130,130,HOME,,2025-11-26 19:08:41,51.0,88.0,11.0,14.0,8.0,29.0,21.0,17.0,36.0,8.0,2.0,,130.0,0.0,0.0,0.0,0.0,0.0,0.0,0.0,0.0,0.0,0.0,0.0,,0.0,0.0,0.0,0.0,0.0
2025-02-06_LAC_IND,2025-02-06,LAC,IND,,,,,,,N/A,N/A,112,112,AWAY,,2025-11-26 19:08:41,41.0,88.0,17.0,19.0,11.0,37.0,18.0,13.0,25.0,5.0,4.0,,112.0,0.0,0.0,0.0,0.0,0.0,0.0,0.0,0.0,0.0,0.0,0.0,,0.0,0.0,0.0,0.0,0.0
2025-02-04_LAC_LAL,2025-02-04,LAC,LAL,,,,,,,N/A,N/A,97,97,AWAY,,2025-11-26 19:08:41,34.0,89.0,12.0,9.0,10.0,26.0,19.0,17.0,30.0,9.0,5.0,,97.0,0.0,0.0,0.0,0.0,0.0,0.0,0.0,0.0,0.0,0.0,0.0,,0.0,0.0,0.0,0.0,0.0
2025-02-02_TOR_LAC,2025-02-02,TOR,LAC,,,,,,,N/A,N/A,108,108,HOME,,2025-11-26 19:08:41,0.0,0.0,0.0,0.0,0.0,0.0,0.0,0.0,0.0,0.0,0.0,,0.0,41.0,88.0,9.0,10.0,13.0,28.0,21.0,17.0,21.0,6.0,7.0,,108.0,0.0,0.0,0.0,0.0
2025-01-31_CHA_LAC,2025-01-31,CHA,LAC,,,,,,,N/A,N/A,112,112,AWAY,,2025-11-26 19:08:41,0.0,0.0,0.0,0.0,0.0,0.0,0.0,0.0,0.0,0.0,0.0,,0.0,44.0,81.0,11.0,16.0,9.0,36.0,20.0,13.0,26.0,7.0,4.0,,112.0,0.0,0.0,0.0,0.0
2025-01-29_SAS_LAC,2025-01-29,SAS,LAC,,,,,,,N/A,N/A,128,128,AWAY,,2025-11-26 19:08:41,0.0,0.0,0.0,0.0,0.0,0.0,0.0,0.0,0.0,0.0,0.0,,0.0,48.0,91.0,12.0,15.0,17.0,40.0,23.0,20.0,26.0,7.0,3.0,,128.0,0.0,0.0,0.0,0.0
2025-01-27_PHX_LAC,2025-01-27,PHX,LAC,,,,,,,N/A,N/A,109,109,HOME,,2025-11-26 19:08:41,0.0,0.0,0.0,0.0,0.0,0.0,0.0,0.0,0.0,0.0,0.0,,0.0,41.0,83.0,10.0,15.0,10.0,32.0,20.0,17.0,22.0,12.0,5.0,,109.0,0.0,0.0,0.0,0.0
2025-01-25_LAC_MIL,2025-01-25,LAC,MIL,,,,,,,N/A,N/A,127,127,HOME,,2025-11-26 19:08:41,44.0,97.0,11.0,6.0,12.0,35.0,28.0,28.0,19.0,8.0,3.0,,127.0,0.0,0.0,0.0,0.0,0.0,0.0,0.0,0.0,0.0,0.0,0.0,,0.0,0.0,0.0,0.0,0.0
2025-01-23_LAC_WAS,2025-01-23,LAC,WAS,,,,,,,N/A,N/A,110,110,HOME,,2025-11-26 19:08:41,40.0,88.0,13.0,18.0,11.0,44.0,18.0,17.0,29.0,10.0,7.0,,110.0,0.0,0.0,0.0,0.0,0.0,0.0,0.0,0.0,0.0,0.0,0.0,,0.0,0.0,0.0,0.0,0.0
2025-01-19_LAC_LAL,2025-01-19,LAC,LAL,,,,,,,N/A,N/A,116,116,HOME,,2025-11-26 19:08:41,47.0,89.0,11.0,12.0,11.0,27.0,14.0,11.0,27.0,12.0,4.0,,116.0,0.0,0.0,0.0,0.0,0.0,0.0,0.0,0.0,0.0,0.0,0.0,,0.0,0.0,0.0,0.0,0.0
2025-01-16_POR_LAC,2025-01-16,POR,LAC,,,,,,,N/A,N/A,118,118,AWAY,,2025-11-26 19:08:41,0.0,0.0,0.0,0.0,0.0,0.0,0.0,0.0,0.0,0.0,0.0,,0.0,44.0,78.0,10.0,15.0,8.0,42.0,27.0,20.0,23.0,9.0,4.0,,118.0,0.0,0.0,0.0,0.0
2025-01-15_LAC_BKN,2025-01-15,LAC,BKN,,,,,,,N/A,N/A,126,126,HOME,,2025-11-26 19:08:41,43.0,79.0,12.0,14.0,6.0,40.0,30.0,28.0,26.0,13.0,3.0,,126.0,0.0,0.0,0.0,0.0,0.0,0.0,0.0,0.0,0.0,0.0,0.0,,0.0,0.0,0.0,0.0,0.0
2025-01-13_LAC_MIA,2025-01-13,LAC,MIA,,,,,,,N/A,N/A,109,109,HOME,,2025-11-26 19:08:41,45.0,93.0,13.0,11.0,7.0,41.0,10.0,6.0,28.0,11.0,6.0,,109.0,0.0,0.0,0.0,0.0,0.0,0.0,0.0,0.0,0.0,0.0,0.0,,0.0,0.0,0.0,0.0,0.0
2025-01-06_MIN_LAC,2025-01-06,MIN,LAC,,,,,,,N/A,N/A,106,106,HOME,,2025-11-26 19:08:41,0.0,0.0,0.0,0.0,0.0,0.0,0.0,0.0,0.0,0.0,0.0,,0.0,37.0,89.0,12.0,13.0,14.0,35.0,25.0,20.0,23.0,9.0,10.0,,106.0,0.0,0.0,0.0,0.0
2025-01-02_OKC_LAC,2025-01-02,OKC,LAC,,,,,,,N/A,N/A,98,98,HOME,,2025-11-26 19:08:41,0.0,0.0,0.0,0.0,0.0,0.0,0.0,0.0,0.0,0.0,0.0,,0.0,38.0,81.0,11.0,19.0,10.0,35.0,17.0,11.0,25.0,6.0,1.0,,98.0,0.0,0.0,0.0,0.0
2024-12-31_SAS_LAC,2024-12-31,SAS,LAC,,,,,,,N/A,N/A,86,86,HOME,,2025-11-26 19:08:41,0.0,0.0,0.0,0.0,0.0,0.0,0.0,0.0,0.0,0.0,0.0,,0.0,30.0,87.0,11.0,13.0,10.0,31.0,18.0,15.0,17.0,7.0,3.0,,86.0,0.0,0.0,0.0,0.0
2024-12-23_MEM_LAC,2024-12-23,MEM,LAC,,,,,,,N/A,N/A,114,114,AWAY,,2025-11-26 19:08:41,0.0,0.0,0.0,0.0,0.0,0.0,0.0,0.0,0.0,0.0,0.0,,0.0,42.0,96.0,9.0,17.0,15.0,38.0,26.0,21.0,22.0,15.0,6.0,,114.0,0.0,0.0,0.0,0.0
2024-12-16_LAC_UTA,2024-12-16,LAC,UTA,,,,,,,N/A,N/A,144,144,HOME,,2025-11-26 19:08:41,49.0,82.0,21.0,14.0,7.0,34.0,32.0,25.0,28.0,13.0,6.0,,144.0,0.0,0.0,0.0,0.0,0.0,0.0,0.0,0.0,0.0,0.0,0.0,,0.0,0.0,0.0,0.0,0.0
2024-12-04_LAC_MIN,2024-12-04,LAC,MIN,,,,,,,N/A,N/A,80,80,AWAY,,2025-11-26 19:08:41,29.0,83.0,11.0,21.0,10.0,36.0,13.0,11.0,13.0,7.0,2.0,,80.0,0.0,0.0,0.0,0.0,0.0,0.0,0.0,0.0,0.0,0.0,0.0,,0.0,0.0,0.0,0.0,0.0
2024-12-03_LAC_POR,2024-12-03,LAC,POR,,,,,,,N/A,N/A,127,127,HOME,,2025-11-26 19:08:41,47.0,85.0,19.0,13.0,11.0,24.0,17.0,14.0,29.0,8.0,8.0,,127.0,0.0,0.0,0.0,0.0,0.0,0.0,0.0,0.0,0.0,0.0,0.0,,0.0,0.0,0.0,0.0,0.0
2024-11-29_MIN_LAC,2024-11-29,MIN,LAC,,,,,,,N/A,N/A,92,92,HOME,,2025-11-26 19:08:41,0.0,0.0,0.0,0.0,0.0,0.0,0.0,0.0,0.0,0.0,0.0,,0.0,36.0,84.0,10.0,15.0,8.0,31.0,13.0,10.0,20.0,17.0,3.0,,92.0,0.0,0.0,0.0,0.0
2024-11-27_WAS_LAC,2024-11-27,WAS,LAC,,,,,,,N/A,N/A,121,121,AWAY,,2025-11-26 19:08:41,0.0,0.0,0.0,0.0,0.0,0.0,0.0,0.0,0.0,0.0,0.0,,0.0,45.0,89.0,12.0,13.0,13.0,34.0,25.0,19.0,27.0,18.0,4.0,,121.0,0.0,0.0,0.0,0.0
2024-11-24_PHI_LAC,2024-11-24,PHI,LAC,,,,,,,N/A,N/A,125,125,AWAY,,2025-11-26 19:08:41,0.0,0.0,0.0,0.0,0.0,0.0,0.0,0.0,0.0,0.0,0.0,,0.0,47.0,81.0,12.0,17.0,10.0,34.0,25.0,19.0,31.0,9.0,5.0,,125.0,0.0,0.0,0.0,0.0
2024-11-22_LAC_SAC,2024-11-22,LAC,SAC,,,,,,,N/A,N/A,104,104,HOME,,2025-11-26 19:08:41,39.0,94.0,10.0,12.0,11.0,43.0,16.0,16.0,27.0,13.0,3.0,,104.0,0.0,0.0,0.0,0.0,0.0,0.0,0.0,0.0,0.0,0.0,0.0,,0.0,0.0,0.0,0.0,0.0
2024-11-20_LAC_ORL,2024-11-20,LAC,ORL,,,,,,,N/A,N/A,104,104,HOME,,2025-11-26 19:08:41,38.0,77.0,11.0,22.0,15.0,34.0,21.0,17.0,22.0,10.0,1.0,,104.0,0.0,0.0,0.0,0.0,0.0,0.0,0.0,0.0,0.0,0.0,0.0,,0.0,0.0,0.0,0.0,0.0
2024-11-17_LAC_UTA,2024-11-17,LAC,UTA,,,,,,,N/A,N/A,116,116,HOME,,2025-11-26 19:08:41,46.0,94.0,11.0,9.0,14.0,27.0,17.0,13.0,30.0,11.0,5.0,,116.0,0.0,0.0,0.0,0.0,0.0,0.0,0.0,0.0,0.0,0.0,0.0,,0.0,0.0,0.0,0.0,0.0
2024-11-11_OKC_LAC,2024-11-11,OKC,LAC,,,,,,,N/A,N/A,128,128,HOME,,2025-11-26 19:08:41,0.0,0.0,0.0,0.0,0.0,0.0,0.0,0.0,0.0,0.0,0.0,,0.0,44.0,80.0,20.0,23.0,15.0,32.0,29.0,20.0,31.0,5.0,5.0,,128.0,0.0,0.0,0.0,0.0
2024-11-09_LAC_TOR,2024-11-09,LAC,TOR,,,,,,,N/A,N/A,105,105,HOME,,2025-11-26 19:08:41,35.0,76.0,10.0,12.0,7.0,40.0,32.0,25.0,18.0,6.0,8.0,,105.0,0.0,0.0,0.0,0.0,0.0,0.0,0.0,0.0,0.0,0.0,0.0,,0.0,0.0,0.0,0.0,0.0
2024-11-08_SAC_LAC,2024-11-08,SAC,LAC,,,,,,,N/A,N/A,107,107,AWAY,,2025-11-26 19:08:41,0.0,0.0,0.0,0.0,0.0,0.0,0.0,0.0,0.0,0.0,0.0,,0.0,36.0,81.0,14.0,18.0,12.0,36.0,23.0,21.0,20.0,7.0,2.0,,107.0,0.0,0.0,0.0,0.0
2024-11-06_LAC_PHI,2024-11-06,LAC,PHI,,,,,,,N/A,N/A,110,110,HOME,,2025-11-26 19:08:41,41.0,72.0,12.0,17.0,8.0,21.0,19.0,16.0,27.0,12.0,1.0,,110.0,0.0,0.0,0.0,0.0,0.0,0.0,0.0,0.0,0.0,0.0,0.0,,0.0,0.0,0.0,0.0,0.0
2024-11-04_LAC_SAS,2024-11-04,LAC,SAS,,,,,,,N/A,N/A,113,113,HOME,,2025-11-26 19:08:41,41.0,90.0,19.0,10.0,16.0,28.0,17.0,12.0,25.0,6.0,7.0,,113.0,0.0,0.0,0.0,0.0,0.0,0.0,0.0,0.0,0.0,0.0,0.0,,0.0,0.0,0.0,0.0,0.0
2024-11-02_LAC_OKC,2024-11-02,LAC,OKC,,,,,,,N/A,N/A,92,92,AWAY,,2025-11-26 19:08:41,32.0,79.0,11.0,20.0,10.0,40.0,26.0,17.0,23.0,10.0,7.0,,92.0,0.0,0.0,0.0,0.0,0.0,0.0,0.0,0.0,0.0,0.0,0.0,,0.0,0.0,0.0,0.0,0.0
2024-10-31_LAC_PHX,2024-10-31,LAC,PHX,,,,,,,N/A,N/A,119,119,AWAY,,2025-11-26 19:08:41,45.0,93.0,12.0,14.0,15.0,33.0,21.0,17.0,27.0,8.0,8.0,,119.0,0.0,0.0,0.0,0.0,0.0,0.0,0.0,0.0,0.0,0.0,0.0,,0.0,0.0,0.0,0.0,0.0
2024-10-30_LAC_POR,2024-10-30,LAC,POR,,,,,,,N/A,N/A,105,105,AWAY,,2025-11-26 19:08:41,41.0,90.0,13.0,13.0,13.0,36.0,18.0,10.0,26.0,10.0,5.0,,105.0,0.0,0.0,0.0,0.0,0.0,0.0,0.0,0.0,0.0,0.0,0.0,,0.0,0.0,0.0,0.0,0.0
2024-10-23_LAC_PHX,2024-10-23,LAC,PHX,,,,,,,N/A,N/A,113,113,AWAY,,2025-11-26 19:08:41,42.0,92.0,8.0,21.0,13.0,38.0,30.0,21.0,27.0,9.0,1.0,,113.0,0.0,0.0,0.0,0.0,0.0,0.0,0.0,0.0,0.0,0.0,0.0,,0.0,0.0,0.0,0.0,0.0
2025-04-13_POR_LAL,2025-04-13,POR,LAL,,,,,,,N/A,N/A,81,81,HOME,,2025-11-26 19:08:42,0.0,0.0,0.0,0.0,0.0,0.0,0.0,0.0,0.0,0.0,0.0,,0.0,31.0,80.0,9.0,20.0,13.0,29.0,14.0,10.0,21.0,9.0,11.0,,81.0,0.0,0.0,0.0,0.0
2025-04-08_OKC_LAL,2025-04-08,OKC,LAL,,,,,,,N/A,N/A,120,120,HOME,,2025-11-26 19:08:42,0.0,0.0,0.0,0.0,0.0,0.0,0.0,0.0,0.0,0.0,0.0,,0.0,37.0,80.0,18.0,18.0,12.0,33.0,37.0,28.0,21.0,2.0,6.0,,120.0,0.0,0.0,0.0,0.0
2025-04-06_OKC_LAL,2025-04-06,OKC,LAL,,,,,,,N/A,N/A,126,126,AWAY,,2025-11-26 19:08:42,0.0,0.0,0.0,0.0,0.0,0.0,0.0,0.0,0.0,0.0,0.0,,0.0,46.0,84.0,22.0,15.0,8.0,35.0,17.0,12.0,25.0,6.0,2.0,,126.0,0.0,0.0,0.0,0.0
2025-03-29_MEM_LAL,2025-03-29,MEM,LAL,,,,,,,N/A,N/A,134,134,AWAY,,2025-11-26 19:08:42,0.0,0.0,0.0,0.0,0.0,0.0,0.0,0.0,0.0,0.0,0.0,,0.0,45.0,89.0,19.0,13.0,8.0,34.0,27.0,25.0,30.0,7.0,3.0,,134.0,0.0,0.0,0.0,0.0
2025-03-26_IND_LAL,2025-03-26,IND,LAL,,,,,,,N/A,N/A,120,120,AWAY,,2025-11-26 19:08:42,0.0,0.0,0.0,0.0,0.0,0.0,0.0,0.0,0.0,0.0,0.0,,0.0,41.0,79.0,17.0,14.0,8.0,35.0,24.0,21.0,26.0,5.0,3.0,,120.0,0.0,0.0,0.0,0.0
2025-03-24_ORL_LAL,2025-03-24,ORL,LAL,,,,,,,N/A,N/A,106,106,HOME,,2025-11-26 19:08:42,0.0,0.0,0.0,0.0,0.0,0.0,0.0,0.0,0.0,0.0,0.0,,0.0,37.0,80.0,10.0,10.0,11.0,28.0,28.0,22.0,19.0,7.0,1.0,,106.0,0.0,0.0,0.0,0.0
2025-03-20_LAL_MIL,2025-03-20,LAL,MIL,,,,,,,N/A,N/A,89,89,AWAY,,2025-11-26 19:08:42,34.0,82.0,11.0,19.0,14.0,36.0,16.0,10.0,26.0,5.0,4.0,,89.0,0.0,0.0,0.0,0.0,0.0,0.0,0.0,0.0,0.0,0.0,0.0,,0.0,0.0,0.0,0.0,0.0
2025-03-17_LAL_SAS,2025-03-17,LAL,SAS,,,,,,,N/A,N/A,125,125,HOME,,2025-11-26 19:08:42,44.0,90.0,19.0,9.0,8.0,34.0,24.0,18.0,34.0,13.0,4.0,,125.0,0.0,0.0,0.0,0.0,0.0,0.0,0.0,0.0,0.0,0.0,0.0,,0.0,0.0,0.0,0.0,0.0
2025-03-16_LAL_PHX,2025-03-16,LAL,PHX,,,,,,,N/A,N/A,107,107,HOME,,2025-11-26 19:08:42,35.0,81.0,14.0,8.0,7.0,33.0,32.0,23.0,22.0,7.0,5.0,,107.0,0.0,0.0,0.0,0.0,0.0,0.0,0.0,0.0,0.0,0.0,0.0,,0.0,0.0,0.0,0.0,0.0
2025-03-13_MIL_LAL,2025-03-13,MIL,LAL,,,,,,,N/A,N/A,106,106,HOME,,2025-11-26 19:08:42,0.0,0.0,0.0,0.0,0.0,0.0,0.0,0.0,0.0,0.0,0.0,,0.0,38.0,87.0,15.0,13.0,5.0,33.0,18.0,15.0,18.0,3.0,4.0,,106.0,0.0,0.0,0.0,0.0
2025-03-10_BKN_LAL,2025-03-10,BKN,LAL,,,,,,,N/A,N/A,108,108,HOME,,2025-11-26 19:08:42,0.0,0.0,0.0,0.0,0.0,0.0,0.0,0.0,0.0,0.0,0.0,,0.0,37.0,85.0,19.0,15.0,8.0,35.0,19.0,15.0,31.0,4.0,4.0,,108.0,0.0,0.0,0.0,0.0
2025-03-06_LAL_NYK,2025-03-06,LAL,NYK,,,,,,,N/A,N/A,113,113,HOME,,2025-11-26 19:08:42,38.0,89.0,14.0,16.0,12.0,37.0,28.0,23.0,25.0,7.0,4.0,,113.0,0.0,0.0,0.0,0.0,0.0,0.0,0.0,0.0,0.0,0.0,0.0,,0.0,0.0,0.0,0.0,0.0
2025-02-27_LAL_MIN,2025-02-27,LAL,MIN,,,,,,,N/A,N/A,111,111,HOME,,2025-11-26 19:08:42,34.0,82.0,11.0,12.0,16.0,36.0,46.0,32.0,21.0,7.0,2.0,,111.0,0.0,0.0,0.0,0.0,0.0,0.0,0.0,0.0,0.0,0.0,0.0,,0.0,0.0,0.0,0.0,0.0
2025-02-20_POR_LAL,2025-02-20,POR,LAL,,,,,,,N/A,N/A,110,110,AWAY,,2025-11-26 19:08:42,0.0,0.0,0.0,0.0,0.0,0.0,0.0,0.0,0.0,0.0,0.0,,0.0,39.0,82.0,9.0,22.0,11.0,37.0,25.0,23.0,20.0,7.0,6.0,,110.0,0.0,0.0,0.0,0.0
2025-02-19_LAL_CHA,2025-02-19,LAL,CHA,,,,,,,N/A,N/A,97,97,AWAY,,2025-11-26 19:08:42,37.0,90.0,15.0,18.0,12.0,38.0,12.0,8.0,29.0,7.0,4.0,,97.0,0.0,0.0,0.0,0.0,0.0,0.0,0.0,0.0,0.0,0.0,0.0,,0.0,0.0,0.0,0.0,0.0
2025-02-12_UTA_LAL,2025-02-12,UTA,LAL,,,,,,,N/A,N/A,119,119,HOME,,2025-11-26 19:08:42,0.0,0.0,0.0,0.0,0.0,0.0,0.0,0.0,0.0,0.0,0.0,,0.0,41.0,92.0,20.0,14.0,14.0,31.0,30.0,17.0,31.0,5.0,3.0,,119.0,0.0,0.0,0.0,0.0
2025-02-10_LAL_UTA,2025-02-10,LAL,UTA,,,,,,,N/A,N/A,132,132,HOME,,2025-11-26 19:08:42,50.0,92.0,15.0,11.0,10.0,34.0,18.0,17.0,28.0,11.0,2.0,,132.0,0.0,0.0,0.0,0.0,0.0,0.0,0.0,0.0,0.0,0.0,0.0,,0.0,0.0,0.0,0.0,0.0
2025-02-08_LAL_IND,2025-02-08,LAL,IND,,,,,,,N/A,N/A,124,124,HOME,,2025-11-26 19:08:42,46.0,88.0,11.0,14.0,9.0,37.0,23.0,21.0,29.0,6.0,3.0,,124.0,0.0,0.0,0.0,0.0,0.0,0.0,0.0,0.0,0.0,0.0,0.0,,0.0,0.0,0.0,0.0,0.0
2025-02-01_NYK_LAL,2025-02-01,NYK,LAL,,,,,,,N/A,N/A,128,128,AWAY,,2025-11-26 19:08:42,0.0,0.0,0.0,0.0,0.0,0.0,0.0,0.0,0.0,0.0,0.0,,0.0,47.0,81.0,19.0,15.0,3.0,34.0,18.0,15.0,26.0,9.0,4.0,,128.0,0.0,0.0,0.0,0.0
2025-01-30_WAS_LAL,2025-01-30,WAS,LAL,,,,,,,N/A,N/A,134,134,AWAY,,2025-11-26 19:08:42,0.0,0.0,0.0,0.0,0.0,0.0,0.0,0.0,0.0,0.0,0.0,,0.0,49.0,90.0,15.0,11.0,9.0,39.0,22.0,21.0,31.0,9.0,6.0,,134.0,0.0,0.0,0.0,0.0
2025-01-28_PHI_LAL,2025-01-28,PHI,LAL,,,,,,,N/A,N/A,104,104,HOME,,2025-11-26 19:08:42,0.0,0.0,0.0,0.0,0.0,0.0,0.0,0.0,0.0,0.0,0.0,,0.0,37.0,72.0,10.0,22.0,4.0,35.0,23.0,20.0,25.0,5.0,3.0,,104.0,0.0,0.0,0.0,0.0
2025-01-27_CHA_LAL,2025-01-27,CHA,LAL,,,,,,,N/A,N/A,112,112,AWAY,,2025-11-26 19:08:42,0.0,0.0,0.0,0.0,0.0,0.0,0.0,0.0,0.0,0.0,0.0,,0.0,44.0,86.0,6.0,16.0,12.0,36.0,24.0,18.0,22.0,9.0,5.0,,112.0,0.0,0.0,0.0,0.0
2025-01-21_LAL_WAS,2025-01-21,LAL,WAS,,,,,,,N/A,N/A,111,111,HOME,,2025-11-26 19:08:42,43.0,90.0,11.0,10.0,7.0,43.0,18.0,14.0,30.0,6.0,10.0,,111.0,0.0,0.0,0.0,0.0,0.0,0.0,0.0,0.0,0.0,0.0,0.0,,0.0,0.0,0.0,0.0,0.0
2025-01-17_LAL_BKN,2025-01-17,LAL,BKN,,,,,,,N/A,N/A,102,102,HOME,,2025-11-26 19:08:42,38.0,82.0,12.0,10.0,6.0,28.0,18.0,14.0,24.0,6.0,7.0,,102.0,0.0,0.0,0.0,0.0,0.0,0.0,0.0,0.0,0.0,0.0,0.0,,0.0,0.0,0.0,0.0,0.0
2025-01-15_LAL_MIA,2025-01-15,LAL,MIA,,,,,,,N/A,N/A,117,117,HOME,,2025-11-26 19:08:42,47.0,90.0,13.0,6.0,6.0,28.0,14.0,10.0,33.0,12.0,4.0,,117.0,0.0,0.0,0.0,0.0,0.0,0.0,0.0,0.0,0.0,0.0,0.0,,0.0,0.0,0.0,0.0,0.0
2025-01-13_LAL_SAS,2025-01-13,LAL,SAS,,,,,,,N/A,N/A,102,102,AWAY,,2025-11-26 19:08:42,39.0,87.0,14.0,19.0,15.0,25.0,16.0,10.0,24.0,9.0,4.0,,102.0,0.0,0.0,0.0,0.0,0.0,0.0,0.0,0.0,0.0,0.0,0.0,,0.0,0.0,0.0,0.0,0.0
2025-01-02_LAL_POR,2025-01-02,LAL,POR,,,,,,,N/A,N/A,114,114,HOME,,2025-11-26 19:08:43,43.0,94.0,15.0,12.0,15.0,28.0,14.0,13.0,30.0,8.0,3.0,,114.0,0.0,0.0,0.0,0.0,0.0,0.0,0.0,0.0,0.0,0.0,0.0,,0.0,0.0,0.0,0.0,0.0
2024-12-28_LAL_SAC,2024-12-28,LAL,SAC,,,,,,,N/A,N/A,132,132,HOME,,2025-11-26 19:08:43,46.0,77.0,14.0,11.0,4.0,29.0,33.0,26.0,33.0,4.0,3.0,,132.0,0.0,0.0,0.0,0.0,0.0,0.0,0.0,0.0,0.0,0.0,0.0,,0.0,0.0,0.0,0.0,0.0
2024-12-23_LAL_DET,2024-12-23,LAL,DET,,,,,,,N/A,N/A,114,114,AWAY,,2025-11-26 19:08:43,40.0,74.0,14.0,18.0,6.0,32.0,25.0,20.0,28.0,8.0,3.0,,114.0,0.0,0.0,0.0,0.0,0.0,0.0,0.0,0.0,0.0,0.0,0.0,,0.0,0.0,0.0,0.0,0.0
2024-12-21_SAC_LAL,2024-12-21,SAC,LAL,,,,,,,N/A,N/A,103,103,AWAY,,2025-11-26 19:08:43,0.0,0.0,0.0,0.0,0.0,0.0,0.0,0.0,0.0,0.0,0.0,,0.0,40.0,83.0,9.0,13.0,9.0,39.0,21.0,14.0,23.0,10.0,6.0,,103.0,0.0,0.0,0.0,0.0
2024-12-19_SAC_LAL,2024-12-19,SAC,LAL,,,,,,,N/A,N/A,113,113,AWAY,,2025-11-26 19:08:43,0.0,0.0,0.0,0.0,0.0,0.0,0.0,0.0,0.0,0.0,0.0,,0.0,38.0,94.0,12.0,10.0,14.0,39.0,30.0,25.0,22.0,8.0,10.0,,113.0,0.0,0.0,0.0,0.0
2024-12-15_LAL_MEM,2024-12-15,LAL,MEM,,,,,,,N/A,N/A,116,116,HOME,,2025-11-26 19:08:43,39.0,82.0,10.0,21.0,10.0,34.0,39.0,28.0,23.0,10.0,7.0,,116.0,0.0,0.0,0.0,0.0,0.0,0.0,0.0,0.0,0.0,0.0,0.0,,0.0,0.0,0.0,0.0,0.0
2024-12-13_MIN_LAL,2024-12-13,MIN,LAL,,,,,,,N/A,N/A,87,87,HOME,,2025-11-26 19:08:43,0.0,0.0,0.0,0.0,0.0,0.0,0.0,0.0,0.0,0.0,0.0,,0.0,33.0,86.0,10.0,21.0,15.0,38.0,17.0,11.0,17.0,7.0,6.0,,87.0,0.0,0.0,0.0,0.0
2024-12-08_LAL_POR,2024-12-08,LAL,POR,,,,,,,N/A,N/A,107,107,HOME,,2025-11-26 19:08:43,38.0,83.0,13.0,11.0,8.0,32.0,21.0,18.0,25.0,14.0,7.0,,107.0,0.0,0.0,0.0,0.0,0.0,0.0,0.0,0.0,0.0,0.0,0.0,,0.0,0.0,0.0,0.0,0.0
2024-12-04_MIA_LAL,2024-12-04,MIA,LAL,,,,,,,N/A,N/A,93,93,HOME,,2025-11-26 19:08:43,0.0,0.0,0.0,0.0,0.0,0.0,0.0,0.0,0.0,0.0,0.0,,0.0,37.0,88.0,5.0,13.0,12.0,24.0,19.0,14.0,29.0,9.0,4.0,,93.0,0.0,0.0,0.0,0.0
2024-12-02_MIN_LAL,2024-12-02,MIN,LAL,,,,,,,N/A,N/A,80,80,HOME,,2025-11-26 19:08:43,0.0,0.0,0.0,0.0,0.0,0.0,0.0,0.0,0.0,0.0,0.0,,0.0,32.0,79.0,6.0,20.0,9.0,30.0,14.0,10.0,19.0,8.0,2.0,,80.0,0.0,0.0,0.0,0.0
2024-12-01_UTA_LAL,2024-12-01,UTA,LAL,,,,,,,N/A,N/A,105,105,AWAY,,2025-11-26 19:08:43,0.0,0.0,0.0,0.0,0.0,0.0,0.0,0.0,0.0,0.0,0.0,,0.0,39.0,88.0,7.0,5.0,10.0,32.0,25.0,20.0,23.0,7.0,4.0,,105.0,0.0,0.0,0.0,0.0
2024-11-29_LAL_OKC,2024-11-29,LAL,OKC,,,,,,,N/A,N/A,93,93,AWAY,,2025-11-26 19:08:43,33.0,73.0,11.0,17.0,8.0,39.0,21.0,16.0,25.0,4.0,6.0,,93.0,0.0,0.0,0.0,0.0,0.0,0.0,0.0,0.0,0.0,0.0,0.0,,0.0,0.0,0.0,0.0,0.0
2024-11-27_SAS_LAL,2024-11-27,SAS,LAL,,,,,,,N/A,N/A,119,119,AWAY,,2025-11-26 19:08:43,0.0,0.0,0.0,0.0,0.0,0.0,0.0,0.0,0.0,0.0,0.0,,0.0,48.0,90.0,13.0,13.0,11.0,35.0,10.0,10.0,31.0,8.0,3.0,,119.0,0.0,0.0,0.0,0.0
2024-11-26_PHX_LAL,2024-11-26,PHX,LAL,,,,,,,N/A,N/A,100,100,HOME,,2025-11-26 19:08:43,0.0,0.0,0.0,0.0,0.0,0.0,0.0,0.0,0.0,0.0,0.0,,0.0,37.0,85.0,8.0,12.0,7.0,35.0,25.0,18.0,25.0,7.0,6.0,,100.0,0.0,0.0,0.0,0.0
2024-11-21_LAL_ORL,2024-11-21,LAL,ORL,,,,,,,N/A,N/A,118,118,AWAY,,2025-11-26 19:08:43,44.0,87.0,13.0,10.0,9.0,27.0,26.0,17.0,21.0,4.0,6.0,,118.0,0.0,0.0,0.0,0.0,0.0,0.0,0.0,0.0,0.0,0.0,0.0,,0.0,0.0,0.0,0.0,0.0
2024-11-19_LAL_UTA,2024-11-19,LAL,UTA,,,,,,,N/A,N/A,124,124,HOME,,2025-11-26 19:08:43,42.0,76.0,14.0,14.0,6.0,28.0,36.0,26.0,30.0,9.0,5.0,,124.0,0.0,0.0,0.0,0.0,0.0,0.0,0.0,0.0,0.0,0.0,0.0,,0.0,0.0,0.0,0.0,0.0
2024-11-15_SAS_LAL,2024-11-15,SAS,LAL,,,,,,,N/A,N/A,120,120,AWAY,,2025-11-26 19:08:43,0.0,0.0,0.0,0.0,0.0,0.0,0.0,0.0,0.0,0.0,0.0,,0.0,44.0,88.0,14.0,10.0,10.0,31.0,23.0,18.0,27.0,10.0,3.0,,120.0,0.0,0.0,0.0,0.0
2024-11-13_LAL_MEM,2024-11-13,LAL,MEM,,,,,,,N/A,N/A,128,128,HOME,,2025-11-26 19:08:43,43.0,85.0,20.0,18.0,7.0,35.0,32.0,22.0,31.0,7.0,5.0,,128.0,0.0,0.0,0.0,0.0,0.0,0.0,0.0,0.0,0.0,0.0,0.0,,0.0,0.0,0.0,0.0,0.0
2024-11-10_LAL_TOR,2024-11-10,LAL,TOR,,,,,,,N/A,N/A,123,123,HOME,,2025-11-26 19:08:43,44.0,86.0,12.0,5.0,10.0,23.0,28.0,23.0,30.0,9.0,4.0,,123.0,0.0,0.0,0.0,0.0,0.0,0.0,0.0,0.0,0.0,0.0,0.0,,0.0,0.0,0.0,0.0,0.0
2024-11-08_LAL_PHI,2024-11-08,LAL,PHI,,,,,,,N/A,N/A,116,116,HOME,,2025-11-26 19:08:43,44.0,85.0,16.0,11.0,5.0,40.0,14.0,12.0,28.0,1.0,13.0,,116.0,0.0,0.0,0.0,0.0,0.0,0.0,0.0,0.0,0.0,0.0,0.0,,0.0,0.0,0.0,0.0,0.0
2024-11-06_MEM_LAL,2024-11-06,MEM,LAL,,,,,,,N/A,N/A,114,114,HOME,,2025-11-26 19:08:43,0.0,0.0,0.0,0.0,0.0,0.0,0.0,0.0,0.0,0.0,0.0,,0.0,41.0,93.0,15.0,11.0,9.0,28.0,21.0,17.0,23.0,10.0,1.0,,114.0,0.0,0.0,0.0,0.0
2024-11-04_DET_LAL,2024-11-04,DET,LAL,,,,,,,N/A,N/A,103,103,HOME,,2025-11-26 19:08:43,0.0,0.0,0.0,0.0,0.0,0.0,0.0,0.0,0.0,0.0,0.0,,0.0,37.0,85.0,9.0,13.0,7.0,30.0,27.0,20.0,28.0,8.0,1.0,,103.0,0.0,0.0,0.0,0.0
2024-11-01_TOR_LAL,2024-11-01,TOR,LAL,,,,,,,N/A,N/A,131,131,AWAY,,2025-11-26 19:08:43,0.0,0.0,0.0,0.0,0.0,0.0,0.0,0.0,0.0,0.0,0.0,,0.0,42.0,88.0,11.0,10.0,9.0,34.0,41.0,36.0,29.0,6.0,5.0,,131.0,0.0,0.0,0.0,0.0
2024-10-28_PHX_LAL,2024-10-28,PHX,LAL,,,,,,,N/A,N/A,105,105,HOME,,2025-11-26 19:08:43,0.0,0.0,0.0,0.0,0.0,0.0,0.0,0.0,0.0,0.0,0.0,,0.0,39.0,94.0,14.0,11.0,11.0,35.0,18.0,13.0,25.0,5.0,6.0,,105.0,0.0,0.0,0.0,0.0
2024-10-26_LAL_SAC,2024-10-26,LAL,SAC,,,,,,,N/A,N/A,131,131,HOME,,2025-11-26 19:08:43,48.0,92.0,14.0,19.0,13.0,32.0,24.0,21.0,32.0,8.0,3.0,,131.0,0.0,0.0,0.0,0.0,0.0,0.0,0.0,0.0,0.0,0.0,0.0,,0.0,0.0,0.0,0.0,0.0
2024-10-25_LAL_PHX,2024-10-25,LAL,PHX,,,,,,,N/A,N/A,123,123,HOME,,2025-11-26 19:08:43,40.0,75.0,14.0,12.0,6.0,31.0,39.0,29.0,33.0,10.0,5.0,,123.0,0.0,0.0,0.0,0.0,0.0,0.0,0.0,0.0,0.0,0.0,0.0,,0.0,0.0,0.0,0.0,0.0
2024-10-22_LAL_MIN,2024-10-22,LAL,MIN,,,,,,,N/A,N/A,110,110,HOME,,2025-11-26 19:08:43,42.0,95.0,5.0,7.0,15.0,31.0,25.0,21.0,22.0,7.0,8.0,,110.0,0.0,0.0,0.0,0.0,0.0,0.0,0.0,0.0,0.0,0.0,0.0,,0.0,0.0,0.0,0.0,0.0
2025-04-13_MIA_WAS,2025-04-13,MIA,WAS,,,,,,,N/A,N/A,118,118,AWAY,,2025-11-26 19:08:44,49.0,98.0,10.0,8.0,9.0,37.0,12.0,10.0,28.0,8.0,6.0,,118.0,0.0,0.0,0.0,0.0,0.0,0.0,0.0,0.0,0.0,0.0,0.0,,0.0,0.0,0.0,0.0,0.0
2025-04-07_MIA_PHI,2025-04-07,MIA,PHI,,,,,,,N/A,N/A,117,117,HOME,,2025-11-26 19:08:44,45.0,89.0,16.0,13.0,10.0,37.0,15.0,11.0,26.0,7.0,6.0,,117.0,0.0,0.0,0.0,0.0,0.0,0.0,0.0,0.0,0.0,0.0,0.0,,0.0,0.0,0.0,0.0,0.0
2025-04-05_MIA_MIL,2025-04-05,MIA,MIL,,,,,,,N/A,N/A,115,115,AWAY,,2025-11-26 19:08:44,43.0,102.0,15.0,10.0,12.0,40.0,16.0,14.0,24.0,4.0,1.0,,115.0,0.0,0.0,0.0,0.0,0.0,0.0,0.0,0.0,0.0,0.0,0.0,,0.0,0.0,0.0,0.0,0.0
2025-04-03_MIA_MEM,2025-04-03,MIA,MEM,,,,,,,N/A,N/A,108,108,AWAY,,2025-11-26 19:08:44,39.0,95.0,14.0,11.0,15.0,32.0,19.0,16.0,24.0,11.0,8.0,,108.0,0.0,0.0,0.0,0.0,0.0,0.0,0.0,0.0,0.0,0.0,0.0,,0.0,0.0,0.0,0.0,0.0
2025-03-31_WAS_MIA,2025-03-31,WAS,MIA,,,,,,,N/A,N/A,120,120,AWAY,,2025-11-26 19:08:44,0.0,0.0,0.0,0.0,0.0,0.0,0.0,0.0,0.0,0.0,0.0,,0.0,47.0,93.0,9.0,17.0,15.0,47.0,24.0,17.0,29.0,12.0,2.0,,120.0,0.0,0.0,0.0,0.0
2025-03-29_PHI_MIA,2025-03-29,PHI,MIA,,,,,,,N/A,N/A,118,118,AWAY,,2025-11-26 19:08:44,0.0,0.0,0.0,0.0,0.0,0.0,0.0,0.0,0.0,0.0,0.0,,0.0,44.0,93.0,20.0,9.0,16.0,31.0,13.0,10.0,33.0,12.0,4.0,,118.0,0.0,0.0,0.0,0.0
2025-03-23_MIA_CHA,2025-03-23,MIA,CHA,,,,,,,N/A,N/A,122,122,HOME,,2025-11-26 19:08:44,47.0,82.0,12.0,10.0,7.0,25.0,20.0,16.0,27.0,10.0,4.0,,122.0,0.0,0.0,0.0,0.0,0.0,0.0,0.0,0.0,0.0,0.0,0.0,,0.0,0.0,0.0,0.0,0.0
2025-03-19_MIA_DET,2025-03-19,MIA,DET,,,,,,,N/A,N/A,113,113,AWAY,,2025-11-26 19:08:44,44.0,90.0,10.0,13.0,11.0,26.0,18.0,15.0,24.0,7.0,5.0,,113.0,0.0,0.0,0.0,0.0,0.0,0.0,0.0,0.0,0.0,0.0,0.0,,0.0,0.0,0.0,0.0,0.0
2025-03-17_NYK_MIA,2025-03-17,NYK,MIA,,,,,,,N/A,N/A,95,95,HOME,,2025-11-26 19:08:44,0.0,0.0,0.0,0.0,0.0,0.0,0.0,0.0,0.0,0.0,0.0,,0.0,39.0,82.0,6.0,20.0,9.0,30.0,12.0,11.0,23.0,9.0,6.0,,95.0,0.0,0.0,0.0,0.0
2025-03-15_MEM_MIA,2025-03-15,MEM,MIA,,,,,,,N/A,N/A,91,91,HOME,,2025-11-26 19:08:44,0.0,0.0,0.0,0.0,0.0,0.0,0.0,0.0,0.0,0.0,0.0,,0.0,35.0,88.0,9.0,14.0,10.0,27.0,15.0,12.0,24.0,6.0,4.0,,91.0,0.0,0.0,0.0,0.0
2025-03-10_MIA_CHA,2025-03-10,MIA,CHA,,,,,,,N/A,N/A,102,102,AWAY,,2025-11-26 19:08:44,39.0,85.0,10.0,16.0,11.0,35.0,20.0,14.0,24.0,7.0,3.0,,102.0,0.0,0.0,0.0,0.0,0.0,0.0,0.0,0.0,0.0,0.0,0.0,,0.0,0.0,0.0,0.0,0.0
2025-03-07_MIA_MIN,2025-03-07,MIA,MIN,,,,,,,N/A,N/A,104,104,AWAY,,2025-11-26 19:08:44,41.0,89.0,14.0,9.0,7.0,34.0,11.0,8.0,29.0,7.0,2.0,,104.0,0.0,0.0,0.0,0.0,0.0,0.0,0.0,0.0,0.0,0.0,0.0,,0.0,0.0,0.0,0.0,0.0
2025-03-03_MIA_WAS,2025-03-03,MIA,WAS,,,,,,,N/A,N/A,106,106,HOME,,2025-11-26 19:08:44,39.0,82.0,13.0,11.0,5.0,43.0,18.0,15.0,31.0,10.0,4.0,,106.0,0.0,0.0,0.0,0.0,0.0,0.0,0.0,0.0,0.0,0.0,0.0,,0.0,0.0,0.0,0.0,0.0
2025-03-02_MIA_NYK,2025-03-02,MIA,NYK,,,,,,,N/A,N/A,112,112,AWAY,,2025-11-26 19:08:44,45.0,84.0,11.0,12.0,3.0,31.0,16.0,11.0,29.0,5.0,6.0,,112.0,0.0,0.0,0.0,0.0,0.0,0.0,0.0,0.0,0.0,0.0,0.0,,0.0,0.0,0.0,0.0,0.0
2025-02-28_MIA_IND,2025-02-28,MIA,IND,,,,,,,N/A,N/A,125,125,HOME,,2025-11-26 19:08:44,48.0,84.0,17.0,14.0,12.0,27.0,13.0,12.0,34.0,7.0,4.0,,125.0,0.0,0.0,0.0,0.0,0.0,0.0,0.0,0.0,0.0,0.0,0.0,,0.0,0.0,0.0,0.0,0.0
2025-02-23_MIL_MIA,2025-02-23,MIL,MIA,,,,,,,N/A,N/A,113,113,HOME,,2025-11-26 19:08:44,0.0,0.0,0.0,0.0,0.0,0.0,0.0,0.0,0.0,0.0,0.0,,0.0,41.0,88.0,9.0,9.0,10.0,36.0,26.0,22.0,25.0,3.0,3.0,,113.0,0.0,0.0,0.0,0.0
2025-02-21_TOR_MIA,2025-02-21,TOR,MIA,,,,,,,N/A,N/A,120,120,AWAY,,2025-11-26 19:08:44,0.0,0.0,0.0,0.0,0.0,0.0,0.0,0.0,0.0,0.0,0.0,,0.0,46.0,90.0,13.0,12.0,8.0,36.0,18.0,15.0,20.0,8.0,3.0,,120.0,0.0,0.0,0.0,0.0
2025-02-12_OKC_MIA,2025-02-12,OKC,MIA,,,,,,,N/A,N/A,101,101,HOME,,2025-11-26 19:08:44,0.0,0.0,0.0,0.0,0.0,0.0,0.0,0.0,0.0,0.0,0.0,,0.0,36.0,79.0,11.0,16.0,10.0,35.0,25.0,18.0,24.0,7.0,5.0,,101.0,0.0,0.0,0.0,0.0
2025-02-07_BKN_MIA,2025-02-07,BKN,MIA,,,,,,,N/A,N/A,86,86,HOME,,2025-11-26 19:08:44,0.0,0.0,0.0,0.0,0.0,0.0,0.0,0.0,0.0,0.0,0.0,,0.0,32.0,90.0,12.0,14.0,11.0,28.0,12.0,10.0,23.0,9.0,5.0,,86.0,0.0,0.0,0.0,0.0
2025-02-05_PHI_MIA,2025-02-05,PHI,MIA,,,,,,,N/A,N/A,108,108,AWAY,,2025-11-26 19:08:44,0.0,0.0,0.0,0.0,0.0,0.0,0.0,0.0,0.0,0.0,0.0,,0.0,39.0,83.0,14.0,22.0,13.0,41.0,20.0,16.0,25.0,3.0,4.0,,108.0,0.0,0.0,0.0,0.0
2025-02-01_SAS_MIA,2025-02-01,SAS,MIA,,,,,,,N/A,N/A,105,105,AWAY,,2025-11-26 19:08:44,0.0,0.0,0.0,0.0,0.0,0.0,0.0,0.0,0.0,0.0,0.0,,0.0,41.0,89.0,13.0,13.0,12.0,40.0,17.0,10.0,30.0,7.0,5.0,,105.0,0.0,0.0,0.0,0.0
2025-01-27_MIA_ORL,2025-01-27,MIA,ORL,,,,,,,N/A,N/A,125,125,HOME,,2025-11-26 19:08:44,48.0,92.0,15.0,16.0,5.0,38.0,21.0,14.0,34.0,9.0,2.0,,125.0,0.0,0.0,0.0,0.0,0.0,0.0,0.0,0.0,0.0,0.0,0.0,,0.0,0.0,0.0,0.0,0.0
2025-01-25_BKN_MIA,2025-01-25,BKN,MIA,,,,,,,N/A,N/A,106,106,AWAY,,2025-11-26 19:08:44,0.0,0.0,0.0,0.0,0.0,0.0,0.0,0.0,0.0,0.0,0.0,,0.0,35.0,79.0,13.0,22.0,12.0,39.0,24.0,23.0,22.0,9.0,6.0,,106.0,0.0,0.0,0.0,0.0
2025-01-23_MIL_MIA,2025-01-23,MIL,MIA,,,,,,,N/A,N/A,96,96,HOME,,2025-11-26 19:08:44,0.0,0.0,0.0,0.0,0.0,0.0,0.0,0.0,0.0,0.0,0.0,,0.0,34.0,92.0,12.0,10.0,13.0,37.0,21.0,16.0,26.0,3.0,3.0,,96.0,0.0,0.0,0.0,0.0
2025-01-21_MIA_POR,2025-01-21,MIA,POR,,,,,,,N/A,N/A,107,107,AWAY,,2025-11-26 19:08:44,41.0,93.0,14.0,8.0,12.0,33.0,12.0,11.0,26.0,2.0,3.0,,107.0,0.0,0.0,0.0,0.0,0.0,0.0,0.0,0.0,0.0,0.0,0.0,,0.0,0.0,0.0,0.0,0.0
2025-01-19_MIA_SAS,2025-01-19,MIA,SAS,,,,,,,N/A,N/A,128,128,HOME,,2025-11-26 19:08:44,50.0,95.0,18.0,11.0,12.0,37.0,10.0,10.0,35.0,8.0,6.0,,128.0,0.0,0.0,0.0,0.0,0.0,0.0,0.0,0.0,0.0,0.0,0.0,,0.0,0.0,0.0,0.0,0.0
2025-01-11_POR_MIA,2025-01-11,POR,MIA,,,,,,,N/A,N/A,119,119,AWAY,,2025-11-26 19:08:44,0.0,0.0,0.0,0.0,0.0,0.0,0.0,0.0,0.0,0.0,0.0,,0.0,44.0,92.0,19.0,10.0,8.0,35.0,16.0,12.0,31.0,13.0,5.0,,119.0,0.0,0.0,0.0,0.0
2025-01-09_UTA_MIA,2025-01-09,UTA,MIA,,,,,,,N/A,N/A,97,97,AWAY,,2025-11-26 19:08:44,0.0,0.0,0.0,0.0,0.0,0.0,0.0,0.0,0.0,0.0,0.0,,0.0,36.0,91.0,14.0,14.0,13.0,36.0,15.0,11.0,26.0,10.0,7.0,,97.0,0.0,0.0,0.0,0.0
2025-01-06_SAC_MIA,2025-01-06,SAC,MIA,,,,,,,N/A,N/A,118,118,HOME,,2025-11-26 19:08:44,0.0,0.0,0.0,0.0,0.0,0.0,0.0,0.0,0.0,0.0,0.0,,0.0,43.0,102.0,11.0,13.0,12.0,41.0,27.0,21.0,25.0,14.0,6.0,,118.0,0.0,0.0,0.0,0.0
2025-01-04_MIA_UTA,2025-01-04,MIA,UTA,,,,,,,N/A,N/A,100,100,AWAY,,2025-11-26 19:08:44,35.0,80.0,9.0,15.0,5.0,27.0,30.0,21.0,25.0,9.0,7.0,,100.0,0.0,0.0,0.0,0.0,0.0,0.0,0.0,0.0,0.0,0.0,0.0,,0.0,0.0,0.0,0.0,0.0
2025-01-02_MIA_IND,2025-01-02,MIA,IND,,,,,,,N/A,N/A,115,115,AWAY,,2025-11-26 19:08:44,43.0,75.0,11.0,14.0,5.0,34.0,21.0,18.0,34.0,6.0,6.0,,115.0,0.0,0.0,0.0,0.0,0.0,0.0,0.0,0.0,0.0,0.0,0.0,,0.0,0.0,0.0,0.0,0.0
2024-12-26_ORL_MIA,2024-12-26,ORL,MIA,,,,,,,N/A,N/A,89,89,AWAY,,2025-11-26 19:08:44,0.0,0.0,0.0,0.0,0.0,0.0,0.0,0.0,0.0,0.0,0.0,,0.0,31.0,76.0,15.0,20.0,7.0,28.0,14.0,12.0,21.0,14.0,6.0,,89.0,0.0,0.0,0.0,0.0
2024-12-23_MIA_BKN,2024-12-23,MIA,BKN,,,,,,,N/A,N/A,110,110,HOME,,2025-11-26 19:08:44,36.0,73.0,17.0,15.0,5.0,39.0,24.0,21.0,27.0,6.0,3.0,,110.0,0.0,0.0,0.0,0.0,0.0,0.0,0.0,0.0,0.0,0.0,0.0,,0.0,0.0,0.0,0.0,0.0
2024-12-21_ORL_MIA,2024-12-21,ORL,MIA,,,,,,,N/A,N/A,114,114,HOME,,2025-11-26 19:08:44,0.0,0.0,0.0,0.0,0.0,0.0,0.0,0.0,0.0,0.0,0.0,,0.0,36.0,75.0,9.0,14.0,7.0,31.0,42.0,33.0,16.0,7.0,2.0,,114.0,0.0,0.0,0.0,0.0
2024-12-20_MIA_OKC,2024-12-20,MIA,OKC,,,,,,,N/A,N/A,97,97,AWAY,,2025-11-26 19:08:44,36.0,83.0,12.0,18.0,7.0,34.0,20.0,13.0,20.0,9.0,3.0,,97.0,0.0,0.0,0.0,0.0,0.0,0.0,0.0,0.0,0.0,0.0,0.0,,0.0,0.0,0.0,0.0,0.0
2024-12-16_DET_MIA,2024-12-16,DET,MIA,,,,,,,N/A,N/A,124,124,HOME,,2025-11-26 19:08:44,0.0,0.0,0.0,0.0,0.0,0.0,0.0,0.0,0.0,0.0,0.0,,0.0,45.0,99.0,12.0,13.0,9.0,35.0,24.0,22.0,30.0,16.0,2.0,,124.0,0.0,0.0,0.0,0.0
2024-12-12_MIA_TOR,2024-12-12,MIA,TOR,,,,,,,N/A,N/A,114,114,HOME,,2025-11-26 19:08:44,40.0,83.0,13.0,15.0,11.0,41.0,32.0,21.0,21.0,4.0,3.0,,114.0,0.0,0.0,0.0,0.0,0.0,0.0,0.0,0.0,0.0,0.0,0.0,,0.0,0.0,0.0,0.0,0.0
2024-12-07_MIA_PHX,2024-12-07,MIA,PHX,,,,,,,N/A,N/A,121,121,HOME,,2025-11-26 19:08:44,45.0,86.0,13.0,11.0,11.0,30.0,23.0,18.0,30.0,9.0,4.0,,121.0,0.0,0.0,0.0,0.0,0.0,0.0,0.0,0.0,0.0,0.0,0.0,,0.0,0.0,0.0,0.0,0.0
2024-12-01_TOR_MIA,2024-12-01,TOR,MIA,,,,,,,N/A,N/A,116,116,HOME,,2025-11-26 19:08:44,0.0,0.0,0.0,0.0,0.0,0.0,0.0,0.0,0.0,0.0,0.0,,0.0,39.0,88.0,15.0,14.0,12.0,33.0,28.0,23.0,25.0,11.0,4.0,,116.0,0.0,0.0,0.0,0.0
2024-11-29_MIA_TOR,2024-11-29,MIA,TOR,,,,,,,N/A,N/A,121,121,HOME,,2025-11-26 19:08:44,43.0,94.0,21.0,8.0,9.0,24.0,17.0,14.0,32.0,10.0,0.0,,121.0,0.0,0.0,0.0,0.0,0.0,0.0,0.0,0.0,0.0,0.0,0.0,,0.0,0.0,0.0,0.0,0.0
2024-11-27_CHA_MIA,2024-11-27,CHA,MIA,,,,,,,N/A,N/A,98,98,AWAY,,2025-11-26 19:08:44,0.0,0.0,0.0,0.0,0.0,0.0,0.0,0.0,0.0,0.0,0.0,,0.0,33.0,73.0,14.0,18.0,4.0,40.0,22.0,18.0,21.0,6.0,5.0,,98.0,0.0,0.0,0.0,0.0
2024-11-26_MIA_MIL,2024-11-26,MIA,MIL,,,,,,,N/A,N/A,103,103,AWAY,,2025-11-26 19:08:44,35.0,77.0,10.0,8.0,9.0,29.0,30.0,23.0,26.0,6.0,2.0,,103.0,0.0,0.0,0.0,0.0,0.0,0.0,0.0,0.0,0.0,0.0,0.0,,0.0,0.0,0.0,0.0,0.0
2024-11-18_MIA_PHI,2024-11-18,MIA,PHI,,,,,,,N/A,N/A,106,106,HOME,,2025-11-26 19:08:44,36.0,87.0,13.0,13.0,9.0,44.0,23.0,21.0,26.0,10.0,2.0,,106.0,0.0,0.0,0.0,0.0,0.0,0.0,0.0,0.0,0.0,0.0,0.0,,0.0,0.0,0.0,0.0,0.0
2024-11-17_IND_MIA,2024-11-17,IND,MIA,,,,,,,N/A,N/A,110,110,HOME,,2025-11-26 19:08:44,0.0,0.0,0.0,0.0,0.0,0.0,0.0,0.0,0.0,0.0,0.0,,0.0,36.0,90.0,19.0,10.0,15.0,23.0,20.0,19.0,21.0,4.0,1.0,,110.0,0.0,0.0,0.0,0.0
2024-11-15_IND_MIA,2024-11-15,IND,MIA,,,,,,,N/A,N/A,124,124,AWAY,,2025-11-26 19:08:44,0.0,0.0,0.0,0.0,0.0,0.0,0.0,0.0,0.0,0.0,0.0,,0.0,45.0,87.0,15.0,10.0,4.0,32.0,23.0,19.0,27.0,16.0,1.0,,124.0,0.0,0.0,0.0,0.0
2024-11-12_DET_MIA,2024-11-12,DET,MIA,,,,,,,N/A,N/A,121,121,HOME,,2025-11-26 19:08:44,0.0,0.0,0.0,0.0,0.0,0.0,0.0,0.0,0.0,0.0,0.0,,0.0,47.0,101.0,17.0,10.0,12.0,31.0,13.0,10.0,25.0,14.0,3.0,,121.0,0.0,0.0,0.0,0.0
2024-11-10_MIN_MIA,2024-11-10,MIN,MIA,,,,,,,N/A,N/A,95,95,AWAY,,2025-11-26 19:08:44,0.0,0.0,0.0,0.0,0.0,0.0,0.0,0.0,0.0,0.0,0.0,,0.0,34.0,77.0,11.0,22.0,6.0,37.0,22.0,16.0,18.0,14.0,9.0,,95.0,0.0,0.0,0.0,0.0
2024-11-06_PHX_MIA,2024-11-06,PHX,MIA,,,,,,,N/A,N/A,112,112,HOME,,2025-11-26 19:08:44,0.0,0.0,0.0,0.0,0.0,0.0,0.0,0.0,0.0,0.0,0.0,,0.0,40.0,92.0,13.0,10.0,13.0,30.0,20.0,19.0,27.0,12.0,3.0,,112.0,0.0,0.0,0.0,0.0
2024-11-04_MIA_SAC,2024-11-04,MIA,SAC,,,,,,,N/A,N/A,110,110,AWAY,,2025-11-26 19:08:44,37.0,85.0,15.0,10.0,8.0,28.0,30.0,21.0,24.0,9.0,6.0,,110.0,0.0,0.0,0.0,0.0,0.0,0.0,0.0,0.0,0.0,0.0,0.0,,0.0,0.0,0.0,0.0,0.0
2024-11-02_WAS_MIA,2024-11-02,WAS,MIA,,,,,,,N/A,N/A,118,118,AWAY,,2025-11-26 19:08:44,0.0,0.0,0.0,0.0,0.0,0.0,0.0,0.0,0.0,0.0,0.0,,0.0,43.0,102.0,15.0,13.0,21.0,44.0,24.0,17.0,19.0,6.0,3.0,,118.0,0.0,0.0,0.0,0.0
2024-10-30_MIA_NYK,2024-10-30,MIA,NYK,,,,,,,N/A,N/A,107,107,AWAY,,2025-11-26 19:08:44,37.0,81.0,17.0,10.0,7.0,32.0,24.0,16.0,27.0,6.0,3.0,,107.0,0.0,0.0,0.0,0.0,0.0,0.0,0.0,0.0,0.0,0.0,0.0,,0.0,0.0,0.0,0.0,0.0
2024-10-28_MIA_DET,2024-10-28,MIA,DET,,,,,,,N/A,N/A,106,106,HOME,,2025-11-26 19:08:44,38.0,88.0,15.0,9.0,10.0,34.0,20.0,15.0,24.0,14.0,3.0,,106.0,0.0,0.0,0.0,0.0,0.0,0.0,0.0,0.0,0.0,0.0,0.0,,0.0,0.0,0.0,0.0,0.0
2024-10-26_CHA_MIA,2024-10-26,CHA,MIA,,,,,,,N/A,N/A,114,114,AWAY,,2025-11-26 19:08:44,0.0,0.0,0.0,0.0,0.0,0.0,0.0,0.0,0.0,0.0,0.0,,0.0,40.0,86.0,14.0,13.0,13.0,30.0,28.0,20.0,33.0,8.0,6.0,,114.0,0.0,0.0,0.0,0.0
2024-10-23_MIA_ORL,2024-10-23,MIA,ORL,,,,,,,N/A,N/A,97,97,AWAY,,2025-11-26 19:08:44,32.0,82.0,11.0,11.0,9.0,32.0,29.0,22.0,24.0,5.0,8.0,,97.0,0.0,0.0,0.0,0.0,0.0,0.0,0.0,0.0,0.0,0.0,0.0,,0.0,0.0,0.0,0.0,0.0
2025-04-13_MIL_DET,2025-04-13,MIL,DET,,,,,,,N/A,N/A,140,140,HOME,,2025-11-26 19:08:45,50.0,86.0,23.0,20.0,6.0,32.0,22.0,17.0,30.0,5.0,7.0,,140.0,0.0,0.0,0.0,0.0,0.0,0.0,0.0,0.0,0.0,0.0,0.0,,0.0,0.0,0.0,0.0,0.0
2025-04-11_DET_MIL,2025-04-11,DET,MIL,,,,,,,N/A,N/A,125,125,AWAY,,2025-11-26 19:08:45,0.0,0.0,0.0,0.0,0.0,0.0,0.0,0.0,0.0,0.0,0.0,,0.0,43.0,94.0,17.0,7.0,8.0,36.0,27.0,22.0,30.0,7.0,8.0,,125.0,0.0,0.0,0.0,0.0
2025-04-08_MIL_MIN,2025-04-08,MIL,MIN,,,,,,,N/A,N/A,110,110,HOME,,2025-11-26 19:08:45,40.0,84.0,12.0,11.0,11.0,32.0,25.0,18.0,27.0,8.0,2.0,,110.0,0.0,0.0,0.0,0.0,0.0,0.0,0.0,0.0,0.0,0.0,0.0,,0.0,0.0,0.0,0.0,0.0
2025-04-03_PHI_MIL,2025-04-03,PHI,MIL,,,,,,,N/A,N/A,126,126,AWAY,,2025-11-26 19:08:45,0.0,0.0,0.0,0.0,0.0,0.0,0.0,0.0,0.0,0.0,0.0,,0.0,46.0,82.0,16.0,11.0,8.0,32.0,27.0,18.0,32.0,7.0,7.0,,126.0,0.0,0.0,0.0,0.0
2025-04-01_MIL_PHX,2025-04-01,MIL,PHX,,,,,,,N/A,N/A,133,133,HOME,,2025-11-26 19:08:45,51.0,74.0,17.0,18.0,3.0,26.0,15.0,14.0,32.0,6.0,5.0,,133.0,0.0,0.0,0.0,0.0,0.0,0.0,0.0,0.0,0.0,0.0,0.0,,0.0,0.0,0.0,0.0,0.0
2025-03-28_MIL_NYK,2025-03-28,MIL,NYK,,,,,,,N/A,N/A,107,107,AWAY,,2025-11-26 19:08:45,41.0,75.0,13.0,16.0,3.0,29.0,19.0,12.0,24.0,2.0,3.0,,107.0,0.0,0.0,0.0,0.0,0.0,0.0,0.0,0.0,0.0,0.0,0.0,,0.0,0.0,0.0,0.0,0.0
2025-03-24_PHX_MIL,2025-03-24,PHX,MIL,,,,,,,N/A,N/A,106,106,HOME,,2025-11-26 19:08:45,0.0,0.0,0.0,0.0,0.0,0.0,0.0,0.0,0.0,0.0,0.0,,0.0,37.0,83.0,12.0,7.0,9.0,27.0,29.0,20.0,24.0,12.0,0.0,,106.0,0.0,0.0,0.0,0.0
2025-03-22_SAC_MIL,2025-03-22,SAC,MIL,,,,,,,N/A,N/A,114,114,AWAY,,2025-11-26 19:08:45,0.0,0.0,0.0,0.0,0.0,0.0,0.0,0.0,0.0,0.0,0.0,,0.0,44.0,84.0,13.0,9.0,11.0,31.0,20.0,13.0,22.0,6.0,3.0,,114.0,0.0,0.0,0.0,0.0
2025-03-16_MIL_OKC,2025-03-16,MIL,OKC,,,,,,,N/A,N/A,105,105,AWAY,,2025-11-26 19:08:45,33.0,83.0,13.0,9.0,9.0,25.0,33.0,26.0,21.0,7.0,8.0,,105.0,0.0,0.0,0.0,0.0,0.0,0.0,0.0,0.0,0.0,0.0,0.0,,0.0,0.0,0.0,0.0,0.0
2025-03-15_MIL_IND,2025-03-15,MIL,IND,,,,,,,N/A,N/A,126,126,HOME,,2025-11-26 19:08:45,43.0,79.0,15.0,15.0,7.0,38.0,26.0,25.0,28.0,9.0,4.0,,126.0,0.0,0.0,0.0,0.0,0.0,0.0,0.0,0.0,0.0,0.0,0.0,,0.0,0.0,0.0,0.0,0.0
2025-03-11_IND_MIL,2025-03-11,IND,MIL,,,,,,,N/A,N/A,114,114,HOME,,2025-11-26 19:08:45,0.0,0.0,0.0,0.0,0.0,0.0,0.0,0.0,0.0,0.0,0.0,,0.0,43.0,84.0,14.0,15.0,6.0,38.0,19.0,14.0,32.0,4.0,2.0,,114.0,0.0,0.0,0.0,0.0
2025-03-08_MIL_ORL,2025-03-08,MIL,ORL,,,,,,,N/A,N/A,109,109,AWAY,,2025-11-26 19:08:45,41.0,75.0,11.0,12.0,4.0,34.0,23.0,16.0,17.0,8.0,4.0,,109.0,0.0,0.0,0.0,0.0,0.0,0.0,0.0,0.0,0.0,0.0,0.0,,0.0,0.0,0.0,0.0,0.0
2025-02-21_WAS_MIL,2025-02-21,WAS,MIL,,,,,,,N/A,N/A,104,104,AWAY,,2025-11-26 19:08:45,0.0,0.0,0.0,0.0,0.0,0.0,0.0,0.0,0.0,0.0,0.0,,0.0,39.0,82.0,9.0,16.0,8.0,36.0,26.0,17.0,24.0,11.0,6.0,,104.0,0.0,0.0,0.0,0.0
2025-02-12_MIN_MIL,2025-02-12,MIN,MIL,,,,,,,N/A,N/A,103,103,AWAY,,2025-11-26 19:08:45,0.0,0.0,0.0,0.0,0.0,0.0,0.0,0.0,0.0,0.0,0.0,,0.0,39.0,88.0,12.0,12.0,6.0,42.0,16.0,13.0,24.0,7.0,1.0,,103.0,0.0,0.0,0.0,0.0
2025-02-09_MIL_PHI,2025-02-09,MIL,PHI,,,,,,,N/A,N/A,135,135,HOME,,2025-11-26 19:08:45,46.0,105.0,24.0,12.0,19.0,34.0,20.0,19.0,29.0,7.0,3.0,,135.0,0.0,0.0,0.0,0.0,0.0,0.0,0.0,0.0,0.0,0.0,0.0,,0.0,0.0,0.0,0.0,0.0
2025-02-05_CHA_MIL,2025-02-05,CHA,MIL,,,,,,,N/A,N/A,112,112,AWAY,,2025-11-26 19:08:45,0.0,0.0,0.0,0.0,0.0,0.0,0.0,0.0,0.0,0.0,0.0,,0.0,41.0,81.0,18.0,9.0,6.0,38.0,13.0,12.0,26.0,6.0,4.0,,112.0,0.0,0.0,0.0,0.0
2025-02-03_OKC_MIL,2025-02-03,OKC,MIL,,,,,,,N/A,N/A,96,96,HOME,,2025-11-26 19:08:45,0.0,0.0,0.0,0.0,0.0,0.0,0.0,0.0,0.0,0.0,0.0,,0.0,35.0,93.0,13.0,14.0,9.0,28.0,21.0,13.0,24.0,12.0,3.0,,96.0,0.0,0.0,0.0,0.0
2025-02-02_MIL_MEM,2025-02-02,MIL,MEM,,,,,,,N/A,N/A,119,119,AWAY,,2025-11-26 19:08:45,44.0,91.0,20.0,13.0,8.0,28.0,19.0,11.0,32.0,7.0,5.0,,119.0,0.0,0.0,0.0,0.0,0.0,0.0,0.0,0.0,0.0,0.0,0.0,,0.0,0.0,0.0,0.0,0.0
2025-01-31_SAS_MIL,2025-01-31,SAS,MIL,,,,,,,N/A,N/A,118,118,HOME,,2025-11-26 19:08:45,0.0,0.0,0.0,0.0,0.0,0.0,0.0,0.0,0.0,0.0,0.0,,0.0,43.0,100.0,12.0,10.0,17.0,30.0,26.0,20.0,24.0,3.0,8.0,,118.0,0.0,0.0,0.0,0.0
2025-01-28_POR_MIL,2025-01-28,POR,MIL,,,,,,,N/A,N/A,112,112,HOME,,2025-11-26 19:08:45,0.0,0.0,0.0,0.0,0.0,0.0,0.0,0.0,0.0,0.0,0.0,,0.0,44.0,87.0,11.0,11.0,9.0,27.0,18.0,13.0,26.0,8.0,2.0,,112.0,0.0,0.0,0.0,0.0
2025-01-27_UTA_MIL,2025-01-27,UTA,MIL,,,,,,,N/A,N/A,125,125,AWAY,,2025-11-26 19:08:45,0.0,0.0,0.0,0.0,0.0,0.0,0.0,0.0,0.0,0.0,0.0,,0.0,52.0,86.0,12.0,12.0,5.0,41.0,17.0,9.0,33.0,6.0,5.0,,125.0,0.0,0.0,0.0,0.0
2025-01-19_MIL_PHI,2025-01-19,MIL,PHI,,,,,,,N/A,N/A,123,123,HOME,,2025-11-26 19:08:45,43.0,87.0,14.0,6.0,7.0,41.0,30.0,23.0,31.0,2.0,3.0,,123.0,0.0,0.0,0.0,0.0,0.0,0.0,0.0,0.0,0.0,0.0,0.0,,0.0,0.0,0.0,0.0,0.0
2025-01-17_MIL_TOR,2025-01-17,MIL,TOR,,,,,,,N/A,N/A,130,130,HOME,,2025-11-26 19:08:45,42.0,81.0,13.0,13.0,11.0,33.0,41.0,33.0,25.0,7.0,5.0,,130.0,0.0,0.0,0.0,0.0,0.0,0.0,0.0,0.0,0.0,0.0,0.0,,0.0,0.0,0.0,0.0,0.0
2025-01-15_MIL_ORL,2025-01-15,MIL,ORL,,,,,,,N/A,N/A,122,122,HOME,,2025-11-26 19:08:45,45.0,72.0,7.0,21.0,3.0,46.0,35.0,25.0,24.0,10.0,10.0,,122.0,0.0,0.0,0.0,0.0,0.0,0.0,0.0,0.0,0.0,0.0,0.0,,0.0,0.0,0.0,0.0,0.0
2025-01-14_MIL_SAC,2025-01-14,MIL,SAC,,,,,,,N/A,N/A,130,130,HOME,,2025-11-26 19:08:45,49.0,99.0,17.0,7.0,11.0,41.0,18.0,15.0,32.0,2.0,4.0,,130.0,0.0,0.0,0.0,0.0,0.0,0.0,0.0,0.0,0.0,0.0,0.0,,0.0,0.0,0.0,0.0,0.0
2025-01-12_NYK_MIL,2025-01-12,NYK,MIL,,,,,,,N/A,N/A,106,106,HOME,,2025-11-26 19:08:45,0.0,0.0,0.0,0.0,0.0,0.0,0.0,0.0,0.0,0.0,0.0,,0.0,43.0,94.0,10.0,14.0,15.0,24.0,17.0,10.0,22.0,6.0,3.0,,106.0,0.0,0.0,0.0,0.0
2025-01-10_ORL_MIL,2025-01-10,ORL,MIL,,,,,,,N/A,N/A,109,109,AWAY,,2025-11-26 19:08:45,0.0,0.0,0.0,0.0,0.0,0.0,0.0,0.0,0.0,0.0,0.0,,0.0,43.0,83.0,9.0,11.0,7.0,36.0,23.0,14.0,18.0,10.0,5.0,,109.0,0.0,0.0,0.0,0.0
2025-01-08_MIL_SAS,2025-01-08,MIL,SAS,,,,,,,N/A,N/A,121,121,HOME,,2025-11-26 19:08:45,44.0,92.0,19.0,10.0,10.0,47.0,20.0,14.0,26.0,7.0,4.0,,121.0,0.0,0.0,0.0,0.0,0.0,0.0,0.0,0.0,0.0,0.0,0.0,,0.0,0.0,0.0,0.0,0.0
2025-01-06_TOR_MIL,2025-01-06,TOR,MIL,,,,,,,N/A,N/A,128,128,AWAY,,2025-11-26 19:08:45,0.0,0.0,0.0,0.0,0.0,0.0,0.0,0.0,0.0,0.0,0.0,,0.0,47.0,82.0,22.0,21.0,7.0,39.0,15.0,12.0,37.0,7.0,8.0,,128.0,0.0,0.0,0.0,0.0
2025-01-04_MIL_POR,2025-01-04,MIL,POR,,,,,,,N/A,N/A,102,102,AWAY,,2025-11-26 19:08:45,41.0,95.0,13.0,11.0,7.0,36.0,9.0,7.0,25.0,14.0,3.0,,102.0,0.0,0.0,0.0,0.0,0.0,0.0,0.0,0.0,0.0,0.0,0.0,,0.0,0.0,0.0,0.0,0.0
2025-01-02_MIL_BKN,2025-01-02,MIL,BKN,,,,,,,N/A,N/A,110,110,AWAY,,2025-11-26 19:08:45,40.0,90.0,11.0,14.0,13.0,33.0,28.0,19.0,21.0,6.0,6.0,,110.0,0.0,0.0,0.0,0.0,0.0,0.0,0.0,0.0,0.0,0.0,0.0,,0.0,0.0,0.0,0.0,0.0
2024-12-31_IND_MIL,2024-12-31,IND,MIL,,,,,,,N/A,N/A,120,120,AWAY,,2025-11-26 19:08:45,0.0,0.0,0.0,0.0,0.0,0.0,0.0,0.0,0.0,0.0,0.0,,0.0,45.0,97.0,12.0,12.0,13.0,38.0,24.0,18.0,27.0,10.0,0.0,,120.0,0.0,0.0,0.0,0.0
2024-12-26_MIL_BKN,2024-12-26,MIL,BKN,,,,,,,N/A,N/A,105,105,AWAY,,2025-11-26 19:08:45,41.0,83.0,15.0,22.0,8.0,31.0,12.0,8.0,23.0,12.0,3.0,,105.0,0.0,0.0,0.0,0.0,0.0,0.0,0.0,0.0,0.0,0.0,0.0,,0.0,0.0,0.0,0.0,0.0
2024-12-21_MIL_WAS,2024-12-21,MIL,WAS,,,,,,,N/A,N/A,112,112,HOME,,2025-11-26 19:08:45,44.0,98.0,20.0,11.0,10.0,34.0,5.0,4.0,35.0,12.0,2.0,,112.0,0.0,0.0,0.0,0.0,0.0,0.0,0.0,0.0,0.0,0.0,0.0,,0.0,0.0,0.0,0.0,0.0
2024-12-10_MIL_ORL,2024-12-10,MIL,ORL,,,,,,,N/A,N/A,114,114,HOME,,2025-11-26 19:08:45,42.0,77.0,11.0,16.0,5.0,32.0,25.0,19.0,27.0,9.0,6.0,,114.0,0.0,0.0,0.0,0.0,0.0,0.0,0.0,0.0,0.0,0.0,0.0,,0.0,0.0,0.0,0.0,0.0
2024-12-08_BKN_MIL,2024-12-08,BKN,MIL,,,,,,,N/A,N/A,118,118,AWAY,,2025-11-26 19:08:45,0.0,0.0,0.0,0.0,0.0,0.0,0.0,0.0,0.0,0.0,0.0,,0.0,39.0,68.0,15.0,16.0,3.0,28.0,32.0,25.0,26.0,6.0,7.0,,118.0,0.0,0.0,0.0,0.0
2024-12-03_DET_MIL,2024-12-03,DET,MIL,,,,,,,N/A,N/A,128,128,AWAY,,2025-11-26 19:08:46,0.0,0.0,0.0,0.0,0.0,0.0,0.0,0.0,0.0,0.0,0.0,,0.0,45.0,80.0,23.0,16.0,4.0,32.0,21.0,15.0,26.0,10.0,6.0,,128.0,0.0,0.0,0.0,0.0
2024-11-30_MIL_WAS,2024-11-30,MIL,WAS,,,,,,,N/A,N/A,124,124,HOME,,2025-11-26 19:08:46,44.0,86.0,16.0,11.0,7.0,31.0,25.0,20.0,31.0,5.0,6.0,,124.0,0.0,0.0,0.0,0.0,0.0,0.0,0.0,0.0,0.0,0.0,0.0,,0.0,0.0,0.0,0.0,0.0
2024-11-23_MIL_CHA,2024-11-23,MIL,CHA,,,,,,,N/A,N/A,125,125,HOME,,2025-11-26 19:08:46,43.0,89.0,18.0,14.0,10.0,41.0,26.0,21.0,20.0,3.0,9.0,,125.0,0.0,0.0,0.0,0.0,0.0,0.0,0.0,0.0,0.0,0.0,0.0,,0.0,0.0,0.0,0.0,0.0
2024-11-22_MIL_IND,2024-11-22,MIL,IND,,,,,,,N/A,N/A,129,129,HOME,,2025-11-26 19:08:46,48.0,90.0,17.0,17.0,10.0,34.0,20.0,16.0,33.0,10.0,4.0,,129.0,0.0,0.0,0.0,0.0,0.0,0.0,0.0,0.0,0.0,0.0,0.0,,0.0,0.0,0.0,0.0,0.0
2024-11-16_CHA_MIL,2024-11-16,CHA,MIL,,,,,,,N/A,N/A,114,114,HOME,,2025-11-26 19:08:46,0.0,0.0,0.0,0.0,0.0,0.0,0.0,0.0,0.0,0.0,0.0,,0.0,47.0,92.0,15.0,9.0,8.0,32.0,11.0,5.0,31.0,6.0,6.0,,114.0,0.0,0.0,0.0,0.0
2024-11-13_MIL_DET,2024-11-13,MIL,DET,,,,,,,N/A,N/A,127,127,HOME,,2025-11-26 19:08:46,45.0,95.0,15.0,11.0,9.0,38.0,25.0,22.0,26.0,10.0,9.0,,127.0,0.0,0.0,0.0,0.0,0.0,0.0,0.0,0.0,0.0,0.0,0.0,,0.0,0.0,0.0,0.0,0.0
2024-11-12_MIL_TOR,2024-11-12,MIL,TOR,,,,,,,N/A,N/A,99,99,HOME,,2025-11-26 19:08:46,38.0,94.0,16.0,16.0,12.0,35.0,12.0,7.0,25.0,16.0,9.0,,99.0,0.0,0.0,0.0,0.0,0.0,0.0,0.0,0.0,0.0,0.0,0.0,,0.0,0.0,0.0,0.0,0.0
2024-11-08_NYK_MIL,2024-11-08,NYK,MIL,,,,,,,N/A,N/A,94,94,HOME,,2025-11-26 19:08:46,0.0,0.0,0.0,0.0,0.0,0.0,0.0,0.0,0.0,0.0,0.0,,0.0,36.0,83.0,7.0,12.0,11.0,30.0,23.0,15.0,20.0,1.0,5.0,,94.0,0.0,0.0,0.0,0.0
2024-11-07_MIL_UTA,2024-11-07,MIL,UTA,,,,,,,N/A,N/A,123,123,HOME,,2025-11-26 19:08:46,43.0,84.0,15.0,10.0,11.0,30.0,30.0,22.0,20.0,13.0,3.0,,123.0,0.0,0.0,0.0,0.0,0.0,0.0,0.0,0.0,0.0,0.0,0.0,,0.0,0.0,0.0,0.0,0.0
2024-10-31_MEM_MIL,2024-10-31,MEM,MIL,,,,,,,N/A,N/A,99,99,HOME,,2025-11-26 19:08:46,0.0,0.0,0.0,0.0,0.0,0.0,0.0,0.0,0.0,0.0,0.0,,0.0,41.0,96.0,9.0,10.0,9.0,29.0,19.0,8.0,20.0,10.0,4.0,,99.0,0.0,0.0,0.0,0.0
2024-10-27_BKN_MIL,2024-10-27,BKN,MIL,,,,,,,N/A,N/A,102,102,HOME,,2025-11-26 19:08:46,0.0,0.0,0.0,0.0,0.0,0.0,0.0,0.0,0.0,0.0,0.0,,0.0,33.0,74.0,10.0,18.0,7.0,36.0,31.0,26.0,20.0,7.0,3.0,,102.0,0.0,0.0,0.0,0.0
2024-10-23_PHI_MIL,2024-10-23,PHI,MIL,,,,,,,N/A,N/A,124,124,AWAY,,2025-11-26 19:08:46,0.0,0.0,0.0,0.0,0.0,0.0,0.0,0.0,0.0,0.0,0.0,,0.0,43.0,80.0,16.0,14.0,8.0,38.0,31.0,22.0,27.0,4.0,9.0,,124.0,0.0,0.0,0.0,0.0
2025-04-13_MIN_UTA,2025-04-13,MIN,UTA,,,,,,,N/A,N/A,116,116,HOME,,2025-11-26 19:08:47,46.0,98.0,13.0,13.0,17.0,37.0,16.0,11.0,23.0,9.0,9.0,,116.0,0.0,0.0,0.0,0.0,0.0,0.0,0.0,0.0,0.0,0.0,0.0,,0.0,0.0,0.0,0.0,0.0
2025-04-11_MIN_BKN,2025-04-11,MIN,BKN,,,,,,,N/A,N/A,117,117,HOME,,2025-11-26 19:08:47,42.0,77.0,11.0,12.0,7.0,41.0,29.0,22.0,27.0,5.0,5.0,,117.0,0.0,0.0,0.0,0.0,0.0,0.0,0.0,0.0,0.0,0.0,0.0,,0.0,0.0,0.0,0.0,0.0
2025-04-10_MEM_MIN,2025-04-10,MEM,MIN,,,,,,,N/A,N/A,141,141,AWAY,,2025-11-26 19:08:47,0.0,0.0,0.0,0.0,0.0,0.0,0.0,0.0,0.0,0.0,0.0,,0.0,48.0,87.0,20.0,16.0,8.0,33.0,28.0,25.0,29.0,6.0,3.0,,141.0,0.0,0.0,0.0,0.0
2025-04-05_PHI_MIN,2025-04-05,PHI,MIN,,,,,,,N/A,N/A,114,114,AWAY,,2025-11-26 19:08:47,0.0,0.0,0.0,0.0,0.0,0.0,0.0,0.0,0.0,0.0,0.0,,0.0,41.0,81.0,11.0,15.0,14.0,33.0,29.0,21.0,22.0,5.0,7.0,,114.0,0.0,0.0,0.0,0.0
2025-04-03_BKN_MIN,2025-04-03,BKN,MIN,,,,,,,N/A,N/A,105,105,AWAY,,2025-11-26 19:08:47,0.0,0.0,0.0,0.0,0.0,0.0,0.0,0.0,0.0,0.0,0.0,,0.0,39.0,78.0,13.0,17.0,10.0,35.0,21.0,14.0,27.0,6.0,10.0,,105.0,0.0,0.0,0.0,0.0
2025-03-30_MIN_DET,2025-03-30,MIN,DET,,,,,,,N/A,N/A,123,123,HOME,,2025-11-26 19:08:47,44.0,93.0,12.0,9.0,15.0,44.0,31.0,23.0,24.0,3.0,9.0,,123.0,0.0,0.0,0.0,0.0,0.0,0.0,0.0,0.0,0.0,0.0,0.0,,0.0,0.0,0.0,0.0,0.0
2025-03-28_MIN_PHX,2025-03-28,MIN,PHX,,,,,,,N/A,N/A,124,124,HOME,,2025-11-26 19:08:47,47.0,89.0,19.0,11.0,12.0,31.0,13.0,11.0,31.0,12.0,4.0,,124.0,0.0,0.0,0.0,0.0,0.0,0.0,0.0,0.0,0.0,0.0,0.0,,0.0,0.0,0.0,0.0,0.0
2025-03-24_IND_MIN,2025-03-24,IND,MIN,,,,,,,N/A,N/A,103,103,HOME,,2025-11-26 19:08:47,0.0,0.0,0.0,0.0,0.0,0.0,0.0,0.0,0.0,0.0,0.0,,0.0,44.0,91.0,9.0,17.0,9.0,36.0,10.0,6.0,26.0,5.0,3.0,,103.0,0.0,0.0,0.0,0.0
2025-03-17_MIN_IND,2025-03-17,MIN,IND,,,,,,,N/A,N/A,130,130,AWAY,,2025-11-26 19:08:47,44.0,97.0,13.0,14.0,9.0,35.0,36.0,29.0,25.0,11.0,7.0,,130.0,0.0,0.0,0.0,0.0,0.0,0.0,0.0,0.0,0.0,0.0,0.0,,0.0,0.0,0.0,0.0,0.0
2025-03-16_MIN_UTA,2025-03-16,MIN,UTA,,,,,,,N/A,N/A,128,128,HOME,,2025-11-26 19:08:47,48.0,97.0,14.0,9.0,16.0,33.0,26.0,18.0,30.0,14.0,6.0,,128.0,0.0,0.0,0.0,0.0,0.0,0.0,0.0,0.0,0.0,0.0,0.0,,0.0,0.0,0.0,0.0,0.0
2025-03-14_MIN_ORL,2025-03-14,MIN,ORL,,,,,,,N/A,N/A,118,118,HOME,,2025-11-26 19:08:47,42.0,80.0,14.0,15.0,6.0,39.0,28.0,20.0,26.0,8.0,6.0,,118.0,0.0,0.0,0.0,0.0,0.0,0.0,0.0,0.0,0.0,0.0,0.0,,0.0,0.0,0.0,0.0,0.0
2025-03-09_MIN_SAS,2025-03-09,MIN,SAS,,,,,,,N/A,N/A,141,141,HOME,,2025-11-26 19:08:47,53.0,95.0,21.0,12.0,14.0,28.0,15.0,14.0,38.0,7.0,4.0,,141.0,0.0,0.0,0.0,0.0,0.0,0.0,0.0,0.0,0.0,0.0,0.0,,0.0,0.0,0.0,0.0,0.0
2025-03-05_CHA_MIN,2025-03-05,CHA,MIN,,,,,,,N/A,N/A,125,125,AWAY,,2025-11-26 19:08:47,0.0,0.0,0.0,0.0,0.0,0.0,0.0,0.0,0.0,0.0,0.0,,0.0,44.0,90.0,21.0,5.0,10.0,33.0,22.0,16.0,27.0,9.0,3.0,,125.0,0.0,0.0,0.0,0.0
2025-03-04_MIN_PHI,2025-03-04,MIN,PHI,,,,,,,N/A,N/A,126,126,HOME,,2025-11-26 19:08:47,46.0,81.0,18.0,17.0,7.0,30.0,17.0,16.0,29.0,7.0,5.0,,126.0,0.0,0.0,0.0,0.0,0.0,0.0,0.0,0.0,0.0,0.0,0.0,,0.0,0.0,0.0,0.0,0.0
2025-03-02_PHX_MIN,2025-03-02,PHX,MIN,,,,,,,N/A,N/A,116,116,AWAY,,2025-11-26 19:08:47,0.0,0.0,0.0,0.0,0.0,0.0,0.0,0.0,0.0,0.0,0.0,,0.0,39.0,92.0,21.0,8.0,5.0,30.0,21.0,17.0,28.0,18.0,2.0,,116.0,0.0,0.0,0.0,0.0
2025-02-28_UTA_MIN,2025-02-28,UTA,MIN,,,,,,,N/A,N/A,116,116,HOME,,2025-11-26 19:08:47,0.0,0.0,0.0,0.0,0.0,0.0,0.0,0.0,0.0,0.0,0.0,,0.0,44.0,101.0,20.0,7.0,11.0,29.0,14.0,8.0,35.0,17.0,4.0,,116.0,0.0,0.0,0.0,0.0
2025-02-24_OKC_MIN,2025-02-24,OKC,MIN,,,,,,,N/A,N/A,131,131,AWAY,,2025-11-26 19:08:47,0.0,0.0,0.0,0.0,0.0,0.0,0.0,0.0,0.0,0.0,0.0,,0.0,44.0,97.0,9.0,13.0,11.0,43.0,39.0,34.0,29.0,6.0,5.0,,131.0,0.0,0.0,0.0,0.0
2025-02-23_MIN_OKC,2025-02-23,MIN,OKC,,,,,,,N/A,N/A,123,123,AWAY,,2025-11-26 19:08:47,39.0,89.0,18.0,13.0,15.0,29.0,28.0,27.0,23.0,6.0,5.0,,123.0,0.0,0.0,0.0,0.0,0.0,0.0,0.0,0.0,0.0,0.0,0.0,,0.0,0.0,0.0,0.0,0.0
2025-02-13_MIN_OKC,2025-02-13,MIN,OKC,,,,,,,N/A,N/A,116,116,HOME,,2025-11-26 19:08:47,42.0,99.0,12.0,8.0,20.0,34.0,22.0,20.0,28.0,5.0,2.0,,116.0,0.0,0.0,0.0,0.0,0.0,0.0,0.0,0.0,0.0,0.0,0.0,,0.0,0.0,0.0,0.0,0.0
2025-02-08_MIN_POR,2025-02-08,MIN,POR,,,,,,,N/A,N/A,114,114,HOME,,2025-11-26 19:08:47,43.0,82.0,10.0,14.0,8.0,35.0,28.0,18.0,23.0,8.0,2.0,,114.0,0.0,0.0,0.0,0.0,0.0,0.0,0.0,0.0,0.0,0.0,0.0,,0.0,0.0,0.0,0.0,0.0
2025-02-03_MIN_SAC,2025-02-03,MIN,SAC,,,,,,,N/A,N/A,114,114,AWAY,,2025-11-26 19:08:47,43.0,94.0,12.0,8.0,11.0,25.0,16.0,16.0,28.0,5.0,8.0,,114.0,0.0,0.0,0.0,0.0,0.0,0.0,0.0,0.0,0.0,0.0,0.0,,0.0,0.0,0.0,0.0,0.0
2025-02-01_MIN_WAS,2025-02-01,MIN,WAS,,,,,,,N/A,N/A,103,103,AWAY,,2025-11-26 19:08:47,38.0,93.0,12.0,14.0,11.0,36.0,18.0,15.0,29.0,10.0,3.0,,103.0,0.0,0.0,0.0,0.0,0.0,0.0,0.0,0.0,0.0,0.0,0.0,,0.0,0.0,0.0,0.0,0.0
2025-01-30_UTA_MIN,2025-01-30,UTA,MIN,,,,,,,N/A,N/A,138,138,AWAY,,2025-11-26 19:08:47,0.0,0.0,0.0,0.0,0.0,0.0,0.0,0.0,0.0,0.0,0.0,,0.0,49.0,82.0,21.0,12.0,9.0,30.0,24.0,19.0,38.0,5.0,9.0,,138.0,0.0,0.0,0.0,0.0
2025-01-29_PHX_MIN,2025-01-29,PHX,MIN,,,,,,,N/A,N/A,121,121,AWAY,,2025-11-26 19:08:47,0.0,0.0,0.0,0.0,0.0,0.0,0.0,0.0,0.0,0.0,0.0,,0.0,42.0,75.0,13.0,14.0,4.0,30.0,27.0,24.0,26.0,8.0,6.0,,121.0,0.0,0.0,0.0,0.0
2025-01-20_MEM_MIN,2025-01-20,MEM,MIN,,,,,,,N/A,N/A,106,106,HOME,,2025-11-26 19:08:47,0.0,0.0,0.0,0.0,0.0,0.0,0.0,0.0,0.0,0.0,0.0,,0.0,36.0,93.0,14.0,16.0,17.0,35.0,27.0,20.0,25.0,5.0,6.0,,106.0,0.0,0.0,0.0,0.0
2025-01-17_NYK_MIN,2025-01-17,NYK,MIN,,,,,,,N/A,N/A,116,116,AWAY,,2025-11-26 19:08:47,0.0,0.0,0.0,0.0,0.0,0.0,0.0,0.0,0.0,0.0,0.0,,0.0,42.0,79.0,22.0,15.0,11.0,35.0,14.0,10.0,23.0,5.0,2.0,,116.0,0.0,0.0,0.0,0.0
2025-01-13_WAS_MIN,2025-01-13,WAS,MIN,,,,,,,N/A,N/A,120,120,AWAY,,2025-11-26 19:08:47,0.0,0.0,0.0,0.0,0.0,0.0,0.0,0.0,0.0,0.0,0.0,,0.0,41.0,83.0,14.0,18.0,14.0,39.0,31.0,24.0,20.0,8.0,6.0,,120.0,0.0,0.0,0.0,0.0
2025-01-11_MIN_MEM,2025-01-11,MIN,MEM,,,,,,,N/A,N/A,125,125,AWAY,,2025-11-26 19:08:47,47.0,83.0,17.0,18.0,7.0,34.0,19.0,14.0,37.0,7.0,5.0,,125.0,0.0,0.0,0.0,0.0,0.0,0.0,0.0,0.0,0.0,0.0,0.0,,0.0,0.0,0.0,0.0,0.0
2025-01-09_ORL_MIN,2025-01-09,ORL,MIN,,,,,,,N/A,N/A,104,104,AWAY,,2025-11-26 19:08:47,0.0,0.0,0.0,0.0,0.0,0.0,0.0,0.0,0.0,0.0,0.0,,0.0,34.0,85.0,12.0,8.0,14.0,36.0,31.0,24.0,21.0,9.0,4.0,,104.0,0.0,0.0,0.0,0.0
2025-01-04_DET_MIN,2025-01-04,DET,MIN,,,,,,,N/A,N/A,105,105,HOME,,2025-11-26 19:08:47,0.0,0.0,0.0,0.0,0.0,0.0,0.0,0.0,0.0,0.0,0.0,,0.0,34.0,80.0,16.0,17.0,7.0,26.0,26.0,21.0,20.0,7.0,4.0,,105.0,0.0,0.0,0.0,0.0
2024-12-31_OKC_MIN,2024-12-31,OKC,MIN,,,,,,,N/A,N/A,105,105,HOME,,2025-11-26 19:08:47,0.0,0.0,0.0,0.0,0.0,0.0,0.0,0.0,0.0,0.0,0.0,,0.0,39.0,79.0,15.0,23.0,10.0,33.0,12.0,12.0,21.0,3.0,7.0,,105.0,0.0,0.0,0.0,0.0
2024-12-29_MIN_SAS,2024-12-29,MIN,SAS,,,,,,,N/A,N/A,112,112,HOME,,2025-11-26 19:08:47,43.0,100.0,11.0,10.0,18.0,38.0,19.0,15.0,23.0,4.0,5.0,,112.0,0.0,0.0,0.0,0.0,0.0,0.0,0.0,0.0,0.0,0.0,0.0,,0.0,0.0,0.0,0.0,0.0
2024-12-19_MIN_NYK,2024-12-19,MIN,NYK,,,,,,,N/A,N/A,107,107,AWAY,,2025-11-26 19:08:47,41.0,89.0,17.0,13.0,6.0,31.0,13.0,8.0,29.0,10.0,5.0,,107.0,0.0,0.0,0.0,0.0,0.0,0.0,0.0,0.0,0.0,0.0,0.0,,0.0,0.0,0.0,0.0,0.0
2024-12-15_SAS_MIN,2024-12-15,SAS,MIN,,,,,,,N/A,N/A,106,106,AWAY,,2025-11-26 19:08:47,0.0,0.0,0.0,0.0,0.0,0.0,0.0,0.0,0.0,0.0,0.0,,0.0,40.0,100.0,12.0,12.0,14.0,37.0,16.0,14.0,26.0,11.0,4.0,,106.0,0.0,0.0,0.0,0.0
2024-11-27_MIN_SAC,2024-11-27,MIN,SAC,,,,,,,N/A,N/A,104,104,AWAY,,2025-11-26 19:08:47,33.0,74.0,14.0,15.0,4.0,29.0,27.0,24.0,25.0,11.0,9.0,,104.0,0.0,0.0,0.0,0.0,0.0,0.0,0.0,0.0,0.0,0.0,0.0,,0.0,0.0,0.0,0.0,0.0
2024-11-21_TOR_MIN,2024-11-21,TOR,MIN,,,,,,,N/A,N/A,105,105,HOME,,2025-11-26 19:08:47,0.0,0.0,0.0,0.0,0.0,0.0,0.0,0.0,0.0,0.0,0.0,,0.0,33.0,80.0,12.0,17.0,10.0,30.0,33.0,27.0,16.0,12.0,5.0,,105.0,0.0,0.0,0.0,0.0
2024-11-17_MIN_PHX,2024-11-17,MIN,PHX,,,,,,,N/A,N/A,120,120,HOME,,2025-11-26 19:08:47,42.0,80.0,17.0,14.0,9.0,23.0,26.0,19.0,27.0,8.0,6.0,,120.0,0.0,0.0,0.0,0.0,0.0,0.0,0.0,0.0,0.0,0.0,0.0,,0.0,0.0,0.0,0.0,0.0
2024-11-15_SAC_MIN,2024-11-15,SAC,MIN,,,,,,,N/A,N/A,130,130,AWAY,,2025-11-26 19:08:47,0.0,0.0,0.0,0.0,0.0,0.0,0.0,0.0,0.0,0.0,0.0,,0.0,48.0,101.0,20.0,11.0,10.0,31.0,16.0,14.0,26.0,9.0,4.0,,130.0,0.0,0.0,0.0,0.0
2024-11-13_POR_MIN,2024-11-13,POR,MIN,,,,,,,N/A,N/A,98,98,HOME,,2025-11-26 19:08:47,0.0,0.0,0.0,0.0,0.0,0.0,0.0,0.0,0.0,0.0,0.0,,0.0,37.0,94.0,7.0,13.0,13.0,28.0,22.0,17.0,16.0,12.0,3.0,,98.0,0.0,0.0,0.0,0.0
2024-11-12_POR_MIN,2024-11-12,POR,MIN,,,,,,,N/A,N/A,108,108,HOME,,2025-11-26 19:08:47,0.0,0.0,0.0,0.0,0.0,0.0,0.0,0.0,0.0,0.0,0.0,,0.0,37.0,73.0,13.0,21.0,4.0,28.0,23.0,21.0,22.0,13.0,4.0,,108.0,0.0,0.0,0.0,0.0
2024-11-08_MIN_POR,2024-11-08,MIN,POR,,,,,,,N/A,N/A,127,127,HOME,,2025-11-26 19:08:47,47.0,97.0,22.0,17.0,10.0,39.0,14.0,11.0,32.0,9.0,7.0,,127.0,0.0,0.0,0.0,0.0,0.0,0.0,0.0,0.0,0.0,0.0,0.0,,0.0,0.0,0.0,0.0,0.0
2024-11-04_MIN_CHA,2024-11-04,MIN,CHA,,,,,,,N/A,N/A,114,114,HOME,,2025-11-26 19:08:47,39.0,79.0,18.0,15.0,9.0,36.0,26.0,18.0,23.0,7.0,8.0,,114.0,0.0,0.0,0.0,0.0,0.0,0.0,0.0,0.0,0.0,0.0,0.0,,0.0,0.0,0.0,0.0,0.0
2024-11-02_SAS_MIN,2024-11-02,SAS,MIN,,,,,,,N/A,N/A,103,103,HOME,,2025-11-26 19:08:47,0.0,0.0,0.0,0.0,0.0,0.0,0.0,0.0,0.0,0.0,0.0,,0.0,39.0,82.0,11.0,12.0,6.0,26.0,20.0,14.0,21.0,7.0,2.0,,103.0,0.0,0.0,0.0,0.0
2024-10-26_MIN_TOR,2024-10-26,MIN,TOR,,,,,,,N/A,N/A,112,112,HOME,,2025-11-26 19:08:47,39.0,83.0,14.0,13.0,9.0,32.0,26.0,20.0,29.0,9.0,8.0,,112.0,0.0,0.0,0.0,0.0,0.0,0.0,0.0,0.0,0.0,0.0,0.0,,0.0,0.0,0.0,0.0,0.0
2024-10-24_SAC_MIN,2024-10-24,SAC,MIN,,,,,,,N/A,N/A,117,117,AWAY,,2025-11-26 19:08:47,0.0,0.0,0.0,0.0,0.0,0.0,0.0,0.0,0.0,0.0,0.0,,0.0,41.0,86.0,20.0,16.0,6.0,36.0,17.0,15.0,24.0,3.0,2.0,,117.0,0.0,0.0,0.0,0.0
2025-04-13_BKN_NYK,2025-04-13,BKN,NYK,,,,,,,N/A,N/A,105,105,AWAY,,2025-11-26 19:08:48,38.0,74.0,12.0,18.0,6.0,36.0,25.0,17.0,21.0,4.0,2.0,,105.0,0.0,0.0,0.0,0.0,0.0,0.0,0.0,0.0,0.0,0.0,0.0,,0.0,0.0,0.0,0.0,0.0
2025-04-06_BKN_TOR,2025-04-06,BKN,TOR,,,,,,,N/A,N/A,109,109,AWAY,,2025-11-26 19:08:48,39.0,82.0,10.0,23.0,8.0,38.0,27.0,21.0,25.0,8.0,7.0,,109.0,0.0,0.0,0.0,0.0,0.0,0.0,0.0,0.0,0.0,0.0,0.0,,0.0,0.0,0.0,0.0,0.0
2025-03-29_WAS_BKN,2025-03-29,WAS,BKN,,,,,,,N/A,N/A,115,115,AWAY,,2025-11-26 19:08:48,0.0,0.0,0.0,0.0,0.0,0.0,0.0,0.0,0.0,0.0,0.0,,0.0,39.0,88.0,18.0,12.0,12.0,37.0,20.0,19.0,25.0,2.0,4.0,,115.0,0.0,0.0,0.0,0.0
2025-03-26_BKN_TOR,2025-03-26,BKN,TOR,,,,,,,N/A,N/A,86,86,AWAY,,2025-11-26 19:08:48,31.0,87.0,8.0,19.0,10.0,33.0,19.0,16.0,16.0,6.0,9.0,,86.0,0.0,0.0,0.0,0.0,0.0,0.0,0.0,0.0,0.0,0.0,0.0,,0.0,0.0,0.0,0.0,0.0
2025-03-22_IND_BKN,2025-03-22,IND,BKN,,,,,,,N/A,N/A,103,103,HOME,,2025-11-26 19:08:48,0.0,0.0,0.0,0.0,0.0,0.0,0.0,0.0,0.0,0.0,0.0,,0.0,39.0,90.0,15.0,14.0,11.0,37.0,17.0,10.0,20.0,6.0,1.0,,103.0,0.0,0.0,0.0,0.0
2025-03-20_IND_BKN,2025-03-20,IND,BKN,,,,,,,N/A,N/A,99,99,HOME,,2025-11-26 19:08:48,0.0,0.0,0.0,0.0,0.0,0.0,0.0,0.0,0.0,0.0,0.0,,0.0,36.0,101.0,14.0,16.0,14.0,33.0,18.0,13.0,20.0,11.0,4.0,,99.0,0.0,0.0,0.0,0.0
2025-03-08_CHA_BKN,2025-03-08,CHA,BKN,,,,,,,N/A,N/A,102,102,HOME,,2025-11-26 19:08:48,0.0,0.0,0.0,0.0,0.0,0.0,0.0,0.0,0.0,0.0,0.0,,0.0,38.0,82.0,14.0,11.0,8.0,29.0,15.0,12.0,20.0,6.0,10.0,,102.0,0.0,0.0,0.0,0.0
2025-03-04_SAS_BKN,2025-03-04,SAS,BKN,,,,,,,N/A,N/A,113,113,HOME,,2025-11-26 19:08:48,0.0,0.0,0.0,0.0,0.0,0.0,0.0,0.0,0.0,0.0,0.0,,0.0,39.0,86.0,17.0,13.0,11.0,29.0,21.0,18.0,29.0,8.0,2.0,,113.0,0.0,0.0,0.0,0.0
2025-03-01_DET_BKN,2025-03-01,DET,BKN,,,,,,,N/A,N/A,94,94,HOME,,2025-11-26 19:08:48,0.0,0.0,0.0,0.0,0.0,0.0,0.0,0.0,0.0,0.0,0.0,,0.0,29.0,95.0,6.0,12.0,14.0,24.0,35.0,30.0,19.0,12.0,8.0,,94.0,0.0,0.0,0.0,0.0
2025-02-28_BKN_POR,2025-02-28,BKN,POR,,,,,,,N/A,N/A,102,102,AWAY,,2025-11-26 19:08:48,36.0,87.0,7.0,21.0,21.0,24.0,27.0,23.0,20.0,13.0,2.0,,102.0,0.0,0.0,0.0,0.0,0.0,0.0,0.0,0.0,0.0,0.0,0.0,,0.0,0.0,0.0,0.0,0.0
2025-02-26_BKN_OKC,2025-02-26,BKN,OKC,,,,,,,N/A,N/A,121,121,AWAY,,2025-11-26 19:08:48,38.0,93.0,23.0,14.0,18.0,28.0,25.0,22.0,31.0,7.0,5.0,,121.0,0.0,0.0,0.0,0.0,0.0,0.0,0.0,0.0,0.0,0.0,0.0,,0.0,0.0,0.0,0.0,0.0
2025-02-24_WAS_BKN,2025-02-24,WAS,BKN,,,,,,,N/A,N/A,99,99,HOME,,2025-11-26 19:08:48,0.0,0.0,0.0,0.0,0.0,0.0,0.0,0.0,0.0,0.0,0.0,,0.0,33.0,84.0,14.0,15.0,16.0,23.0,24.0,19.0,25.0,16.0,4.0,,99.0,0.0,0.0,0.0,0.0
2025-02-22_PHI_BKN,2025-02-22,PHI,BKN,,,,,,,N/A,N/A,105,105,AWAY,,2025-11-26 19:08:48,0.0,0.0,0.0,0.0,0.0,0.0,0.0,0.0,0.0,0.0,0.0,,0.0,41.0,81.0,7.0,16.0,9.0,30.0,19.0,16.0,27.0,10.0,8.0,,105.0,0.0,0.0,0.0,0.0
2025-02-12_BKN_PHI,2025-02-12,BKN,PHI,,,,,,,N/A,N/A,100,100,HOME,,2025-11-26 19:08:48,40.0,85.0,8.0,16.0,16.0,34.0,15.0,12.0,23.0,13.0,7.0,,100.0,0.0,0.0,0.0,0.0,0.0,0.0,0.0,0.0,0.0,0.0,0.0,,0.0,0.0,0.0,0.0,0.0
2025-02-10_BKN_CHA,2025-02-10,BKN,CHA,,,,,,,N/A,N/A,97,97,HOME,,2025-11-26 19:08:48,37.0,93.0,10.0,16.0,19.0,28.0,14.0,13.0,24.0,10.0,6.0,,97.0,0.0,0.0,0.0,0.0,0.0,0.0,0.0,0.0,0.0,0.0,0.0,,0.0,0.0,0.0,0.0,0.0
2025-02-05_BKN_WAS,2025-02-05,BKN,WAS,,,,,,,N/A,N/A,102,102,AWAY,,2025-11-26 19:08:48,36.0,83.0,13.0,10.0,12.0,25.0,23.0,17.0,26.0,7.0,3.0,,102.0,0.0,0.0,0.0,0.0,0.0,0.0,0.0,0.0,0.0,0.0,0.0,,0.0,0.0,0.0,0.0,0.0
2025-01-29_CHA_BKN,2025-01-29,CHA,BKN,,,,,,,N/A,N/A,104,104,AWAY,,2025-11-26 19:08:48,0.0,0.0,0.0,0.0,0.0,0.0,0.0,0.0,0.0,0.0,0.0,,0.0,39.0,80.0,10.0,8.0,7.0,33.0,20.0,16.0,27.0,11.0,8.0,,104.0,0.0,0.0,0.0,0.0
2025-01-27_BKN_SAC,2025-01-27,BKN,SAC,,,,,,,N/A,N/A,96,96,AWAY,,2025-11-26 19:08:48,30.0,82.0,10.0,14.0,16.0,23.0,30.0,26.0,19.0,9.0,3.0,,96.0,0.0,0.0,0.0,0.0,0.0,0.0,0.0,0.0,0.0,0.0,0.0,,0.0,0.0,0.0,0.0,0.0
2025-01-22_BKN_PHX,2025-01-22,BKN,PHX,,,,,,,N/A,N/A,84,84,AWAY,,2025-11-26 19:08:48,34.0,91.0,7.0,16.0,20.0,32.0,14.0,9.0,16.0,8.0,1.0,,84.0,0.0,0.0,0.0,0.0,0.0,0.0,0.0,0.0,0.0,0.0,0.0,,0.0,0.0,0.0,0.0,0.0
2025-01-21_BKN_NYK,2025-01-21,BKN,NYK,,,,,,,N/A,N/A,95,95,AWAY,,2025-11-26 19:08:48,32.0,86.0,12.0,16.0,14.0,33.0,25.0,19.0,21.0,4.0,9.0,,95.0,0.0,0.0,0.0,0.0,0.0,0.0,0.0,0.0,0.0,0.0,0.0,,0.0,0.0,0.0,0.0,0.0
2025-01-19_OKC_BKN,2025-01-19,OKC,BKN,,,,,,,N/A,N/A,101,101,HOME,,2025-11-26 19:08:48,0.0,0.0,0.0,0.0,0.0,0.0,0.0,0.0,0.0,0.0,0.0,,0.0,37.0,87.0,12.0,13.0,12.0,29.0,19.0,15.0,25.0,5.0,3.0,,101.0,0.0,0.0,0.0,0.0
2025-01-14_POR_BKN,2025-01-14,POR,BKN,,,,,,,N/A,N/A,132,132,AWAY,,2025-11-26 19:08:48,0.0,0.0,0.0,0.0,0.0,0.0,0.0,0.0,0.0,0.0,0.0,,0.0,49.0,90.0,19.0,11.0,10.0,34.0,18.0,15.0,36.0,11.0,2.0,,132.0,0.0,0.0,0.0,0.0
2025-01-12_UTA_BKN,2025-01-12,UTA,BKN,,,,,,,N/A,N/A,111,111,HOME,,2025-11-26 19:08:48,0.0,0.0,0.0,0.0,0.0,0.0,0.0,0.0,0.0,0.0,0.0,,0.0,39.0,92.0,10.0,8.0,15.0,39.0,35.0,23.0,26.0,5.0,5.0,,111.0,0.0,0.0,0.0,0.0
2025-01-08_BKN_DET,2025-01-08,BKN,DET,,,,,,,N/A,N/A,98,98,AWAY,,2025-11-26 19:08:48,33.0,86.0,13.0,15.0,9.0,29.0,21.0,19.0,24.0,10.0,4.0,,98.0,0.0,0.0,0.0,0.0,0.0,0.0,0.0,0.0,0.0,0.0,0.0,,0.0,0.0,0.0,0.0,0.0
2025-01-06_BKN_IND,2025-01-06,BKN,IND,,,,,,,N/A,N/A,99,99,AWAY,,2025-11-26 19:08:48,41.0,98.0,10.0,14.0,20.0,31.0,11.0,7.0,23.0,8.0,3.0,,99.0,0.0,0.0,0.0,0.0,0.0,0.0,0.0,0.0,0.0,0.0,0.0,,0.0,0.0,0.0,0.0,0.0
2025-01-04_BKN_PHI,2025-01-04,BKN,PHI,,,,,,,N/A,N/A,94,94,AWAY,,2025-11-26 19:08:48,34.0,82.0,14.0,22.0,6.0,33.0,19.0,12.0,22.0,6.0,4.0,,94.0,0.0,0.0,0.0,0.0,0.0,0.0,0.0,0.0,0.0,0.0,0.0,,0.0,0.0,0.0,0.0,0.0
2025-01-01_TOR_BKN,2025-01-01,TOR,BKN,,,,,,,N/A,N/A,113,113,HOME,,2025-11-26 19:08:48,0.0,0.0,0.0,0.0,0.0,0.0,0.0,0.0,0.0,0.0,0.0,,0.0,42.0,87.0,11.0,11.0,4.0,28.0,20.0,18.0,28.0,8.0,2.0,,113.0,0.0,0.0,0.0,0.0
2024-12-29_ORL_BKN,2024-12-29,ORL,BKN,,,,,,,N/A,N/A,101,101,HOME,,2025-11-26 19:08:48,0.0,0.0,0.0,0.0,0.0,0.0,0.0,0.0,0.0,0.0,0.0,,0.0,32.0,73.0,13.0,14.0,9.0,29.0,28.0,24.0,22.0,7.0,3.0,,101.0,0.0,0.0,0.0,0.0
2024-12-27_BKN_SAS,2024-12-27,BKN,SAS,,,,,,,N/A,N/A,87,87,AWAY,,2025-11-26 19:08:48,35.0,90.0,12.0,16.0,12.0,33.0,8.0,5.0,22.0,8.0,4.0,,87.0,0.0,0.0,0.0,0.0,0.0,0.0,0.0,0.0,0.0,0.0,0.0,,0.0,0.0,0.0,0.0,0.0
2024-12-21_BKN_UTA,2024-12-21,BKN,UTA,,,,,,,N/A,N/A,94,94,AWAY,,2025-11-26 19:08:48,38.0,94.0,7.0,17.0,16.0,34.0,12.0,11.0,24.0,9.0,3.0,,94.0,0.0,0.0,0.0,0.0,0.0,0.0,0.0,0.0,0.0,0.0,0.0,,0.0,0.0,0.0,0.0,0.0
2024-12-19_TOR_BKN,2024-12-19,TOR,BKN,,,,,,,N/A,N/A,101,101,AWAY,,2025-11-26 19:08:48,0.0,0.0,0.0,0.0,0.0,0.0,0.0,0.0,0.0,0.0,0.0,,0.0,33.0,82.0,9.0,15.0,15.0,38.0,31.0,26.0,18.0,3.0,6.0,,101.0,0.0,0.0,0.0,0.0
2024-12-13_MEM_BKN,2024-12-13,MEM,BKN,,,,,,,N/A,N/A,119,119,HOME,,2025-11-26 19:08:48,0.0,0.0,0.0,0.0,0.0,0.0,0.0,0.0,0.0,0.0,0.0,,0.0,42.0,92.0,20.0,16.0,8.0,33.0,19.0,15.0,30.0,9.0,7.0,,119.0,0.0,0.0,0.0,0.0
2024-12-04_BKN_IND,2024-12-04,BKN,IND,,,,,,,N/A,N/A,99,99,HOME,,2025-11-26 19:08:48,35.0,81.0,12.0,12.0,7.0,36.0,23.0,17.0,24.0,12.0,6.0,,99.0,0.0,0.0,0.0,0.0,0.0,0.0,0.0,0.0,0.0,0.0,0.0,,0.0,0.0,0.0,0.0,0.0
2024-12-01_BKN_ORL,2024-12-01,BKN,ORL,,,,,,,N/A,N/A,92,92,AWAY,,2025-11-26 19:08:48,30.0,79.0,8.0,16.0,8.0,25.0,31.0,24.0,19.0,10.0,3.0,,92.0,0.0,0.0,0.0,0.0,0.0,0.0,0.0,0.0,0.0,0.0,0.0,,0.0,0.0,0.0,0.0,0.0
2024-11-29_BKN_ORL,2024-11-29,BKN,ORL,,,,,,,N/A,N/A,100,100,AWAY,,2025-11-26 19:08:48,38.0,77.0,14.0,20.0,5.0,30.0,14.0,10.0,22.0,5.0,5.0,,100.0,0.0,0.0,0.0,0.0,0.0,0.0,0.0,0.0,0.0,0.0,0.0,,0.0,0.0,0.0,0.0,0.0
2024-11-27_PHX_BKN,2024-11-27,PHX,BKN,,,,,,,N/A,N/A,127,127,AWAY,,2025-11-26 19:08:48,0.0,0.0,0.0,0.0,0.0,0.0,0.0,0.0,0.0,0.0,0.0,,0.0,44.0,87.0,18.0,12.0,7.0,29.0,22.0,21.0,32.0,8.0,1.0,,127.0,0.0,0.0,0.0,0.0
2024-11-24_SAC_BKN,2024-11-24,SAC,BKN,,,,,,,N/A,N/A,108,108,AWAY,,2025-11-26 19:08:48,0.0,0.0,0.0,0.0,0.0,0.0,0.0,0.0,0.0,0.0,0.0,,0.0,36.0,75.0,19.0,12.0,6.0,25.0,25.0,17.0,24.0,7.0,5.0,,108.0,0.0,0.0,0.0,0.0
2024-11-22_PHI_BKN,2024-11-22,PHI,BKN,,,,,,,N/A,N/A,98,98,HOME,,2025-11-26 19:08:48,0.0,0.0,0.0,0.0,0.0,0.0,0.0,0.0,0.0,0.0,0.0,,0.0,39.0,79.0,13.0,19.0,7.0,27.0,7.0,7.0,28.0,1.0,4.0,,98.0,0.0,0.0,0.0,0.0
2024-11-19_BKN_CHA,2024-11-19,BKN,CHA,,,,,,,N/A,N/A,116,116,HOME,,2025-11-26 19:08:48,42.0,85.0,18.0,13.0,10.0,26.0,19.0,14.0,31.0,8.0,8.0,,116.0,0.0,0.0,0.0,0.0,0.0,0.0,0.0,0.0,0.0,0.0,0.0,,0.0,0.0,0.0,0.0,0.0
2024-11-17_NYK_BKN,2024-11-17,NYK,BKN,,,,,,,N/A,N/A,104,104,HOME,,2025-11-26 19:08:48,0.0,0.0,0.0,0.0,0.0,0.0,0.0,0.0,0.0,0.0,0.0,,0.0,32.0,76.0,17.0,9.0,7.0,28.0,30.0,23.0,31.0,1.0,3.0,,104.0,0.0,0.0,0.0,0.0
2024-11-15_NYK_BKN,2024-11-15,NYK,BKN,,,,,,,N/A,N/A,122,122,HOME,,2025-11-26 19:08:48,0.0,0.0,0.0,0.0,0.0,0.0,0.0,0.0,0.0,0.0,0.0,,0.0,39.0,89.0,19.0,9.0,10.0,27.0,28.0,25.0,27.0,8.0,2.0,,122.0,0.0,0.0,0.0,0.0
2024-11-04_BKN_MEM,2024-11-04,BKN,MEM,,,,,,,N/A,N/A,106,106,HOME,,2025-11-26 19:08:48,40.0,84.0,13.0,13.0,12.0,25.0,18.0,13.0,28.0,7.0,1.0,,106.0,0.0,0.0,0.0,0.0,0.0,0.0,0.0,0.0,0.0,0.0,0.0,,0.0,0.0,0.0,0.0,0.0
2024-11-03_BKN_DET,2024-11-03,BKN,DET,,,,,,,N/A,N/A,92,92,AWAY,,2025-11-26 19:08:48,32.0,71.0,9.0,13.0,4.0,23.0,31.0,19.0,23.0,9.0,3.0,,92.0,0.0,0.0,0.0,0.0,0.0,0.0,0.0,0.0,0.0,0.0,0.0,,0.0,0.0,0.0,0.0,0.0
2024-10-30_MEM_BKN,2024-10-30,MEM,BKN,,,,,,,N/A,N/A,119,119,AWAY,,2025-11-26 19:08:48,0.0,0.0,0.0,0.0,0.0,0.0,0.0,0.0,0.0,0.0,0.0,,0.0,41.0,80.0,15.0,15.0,8.0,26.0,25.0,22.0,27.0,10.0,2.0,,119.0,0.0,0.0,0.0,0.0
2024-10-25_ORL_BKN,2024-10-25,ORL,BKN,,,,,,,N/A,N/A,101,101,HOME,,2025-11-26 19:08:48,0.0,0.0,0.0,0.0,0.0,0.0,0.0,0.0,0.0,0.0,0.0,,0.0,35.0,83.0,14.0,17.0,8.0,29.0,21.0,17.0,22.0,7.0,3.0,,101.0,0.0,0.0,0.0,0.0
2025-04-10_DET_NYK,2025-04-10,DET,NYK,,,,,,,N/A,N/A,106,106,HOME,,2025-11-26 19:08:50,0.0,0.0,0.0,0.0,0.0,0.0,0.0,0.0,0.0,0.0,0.0,,0.0,42.0,90.0,11.0,14.0,11.0,23.0,14.0,11.0,32.0,11.0,6.0,,106.0,0.0,0.0,0.0,0.0
2025-04-06_NYK_PHX,2025-04-06,NYK,PHX,,,,,,,N/A,N/A,112,112,HOME,,2025-11-26 19:08:50,40.0,74.0,12.0,14.0,6.0,35.0,24.0,20.0,28.0,6.0,3.0,,112.0,0.0,0.0,0.0,0.0,0.0,0.0,0.0,0.0,0.0,0.0,0.0,,0.0,0.0,0.0,0.0,0.0
2025-04-01_NYK_PHI,2025-04-01,NYK,PHI,,,,,,,N/A,N/A,105,105,HOME,,2025-11-26 19:08:50,36.0,85.0,12.0,18.0,14.0,30.0,26.0,21.0,23.0,10.0,4.0,,105.0,0.0,0.0,0.0,0.0,0.0,0.0,0.0,0.0,0.0,0.0,0.0,,0.0,0.0,0.0,0.0,0.0
2025-03-30_NYK_POR,2025-03-30,NYK,POR,,,,,,,N/A,N/A,110,110,HOME,,2025-11-26 19:08:50,45.0,84.0,10.0,13.0,9.0,35.0,13.0,10.0,27.0,10.0,10.0,,110.0,0.0,0.0,0.0,0.0,0.0,0.0,0.0,0.0,0.0,0.0,0.0,,0.0,0.0,0.0,0.0,0.0
2025-03-22_NYK_WAS,2025-03-22,NYK,WAS,,,,,,,N/A,N/A,122,122,HOME,,2025-11-26 19:08:50,44.0,91.0,13.0,14.0,14.0,35.0,27.0,21.0,29.0,13.0,3.0,,122.0,0.0,0.0,0.0,0.0,0.0,0.0,0.0,0.0,0.0,0.0,0.0,,0.0,0.0,0.0,0.0,0.0
2025-03-20_CHA_NYK,2025-03-20,CHA,NYK,,,,,,,N/A,N/A,98,98,HOME,,2025-11-26 19:08:50,0.0,0.0,0.0,0.0,0.0,0.0,0.0,0.0,0.0,0.0,0.0,,0.0,36.0,90.0,10.0,7.0,9.0,29.0,20.0,16.0,26.0,9.0,2.0,,98.0,0.0,0.0,0.0,0.0
2025-03-19_SAS_NYK,2025-03-19,SAS,NYK,,,,,,,N/A,N/A,105,105,HOME,,2025-11-26 19:08:50,0.0,0.0,0.0,0.0,0.0,0.0,0.0,0.0,0.0,0.0,0.0,,0.0,39.0,92.0,11.0,10.0,17.0,27.0,21.0,16.0,28.0,7.0,7.0,,105.0,0.0,0.0,0.0,0.0
2025-03-12_POR_NYK,2025-03-12,POR,NYK,,,,,,,N/A,N/A,114,114,AWAY,,2025-11-26 19:08:50,0.0,0.0,0.0,0.0,0.0,0.0,0.0,0.0,0.0,0.0,0.0,,0.0,44.0,94.0,12.0,15.0,11.0,27.0,20.0,14.0,27.0,12.0,7.0,,114.0,0.0,0.0,0.0,0.0
2025-03-10_SAC_NYK,2025-03-10,SAC,NYK,,,,,,,N/A,N/A,133,133,AWAY,,2025-11-26 19:08:50,0.0,0.0,0.0,0.0,0.0,0.0,0.0,0.0,0.0,0.0,0.0,,0.0,45.0,84.0,22.0,15.0,6.0,34.0,26.0,21.0,34.0,13.0,1.0,,133.0,0.0,0.0,0.0,0.0
2025-02-28_MEM_NYK,2025-02-28,MEM,NYK,,,,,,,N/A,N/A,114,114,AWAY,,2025-11-26 19:08:50,0.0,0.0,0.0,0.0,0.0,0.0,0.0,0.0,0.0,0.0,0.0,,0.0,44.0,95.0,13.0,8.0,8.0,27.0,16.0,13.0,29.0,10.0,7.0,,114.0,0.0,0.0,0.0,0.0
2025-02-26_NYK_PHI,2025-02-26,NYK,PHI,,,,,,,N/A,N/A,110,110,HOME,,2025-11-26 19:08:50,40.0,77.0,7.0,16.0,7.0,36.0,29.0,23.0,22.0,6.0,8.0,,110.0,0.0,0.0,0.0,0.0,0.0,0.0,0.0,0.0,0.0,0.0,0.0,,0.0,0.0,0.0,0.0,0.0
2025-02-11_IND_NYK,2025-02-11,IND,NYK,,,,,,,N/A,N/A,128,128,AWAY,,2025-11-26 19:08:50,0.0,0.0,0.0,0.0,0.0,0.0,0.0,0.0,0.0,0.0,0.0,,0.0,49.0,91.0,10.0,14.0,13.0,35.0,23.0,20.0,37.0,6.0,2.0,,128.0,0.0,0.0,0.0,0.0
2025-02-04_TOR_NYK,2025-02-04,TOR,NYK,,,,,,,N/A,N/A,121,121,AWAY,,2025-11-26 19:08:50,0.0,0.0,0.0,0.0,0.0,0.0,0.0,0.0,0.0,0.0,0.0,,0.0,47.0,94.0,8.0,11.0,17.0,26.0,23.0,19.0,26.0,10.0,4.0,,121.0,0.0,0.0,0.0,0.0
2025-01-27_NYK_MEM,2025-01-27,NYK,MEM,,,,,,,N/A,N/A,143,143,HOME,,2025-11-26 19:08:50,56.0,108.0,17.0,10.0,17.0,29.0,18.0,14.0,32.0,20.0,7.0,,143.0,0.0,0.0,0.0,0.0,0.0,0.0,0.0,0.0,0.0,0.0,0.0,,0.0,0.0,0.0,0.0,0.0
2025-01-25_NYK_SAC,2025-01-25,NYK,SAC,,,,,,,N/A,N/A,143,143,HOME,,2025-11-26 19:08:50,52.0,105.0,17.0,11.0,17.0,36.0,23.0,22.0,40.0,9.0,4.0,,143.0,0.0,0.0,0.0,0.0,0.0,0.0,0.0,0.0,0.0,0.0,0.0,,0.0,0.0,0.0,0.0,0.0
2025-01-15_PHI_NYK,2025-01-15,PHI,NYK,,,,,,,N/A,N/A,125,125,AWAY,,2025-11-26 19:08:50,0.0,0.0,0.0,0.0,0.0,0.0,0.0,0.0,0.0,0.0,0.0,,0.0,46.0,86.0,16.0,13.0,15.0,30.0,24.0,17.0,28.0,10.0,3.0,,125.0,0.0,0.0,0.0,0.0
2025-01-13_NYK_DET,2025-01-13,NYK,DET,,,,,,,N/A,N/A,119,119,AWAY,,2025-11-26 19:08:50,40.0,80.0,15.0,17.0,10.0,32.0,29.0,24.0,26.0,5.0,2.0,,119.0,0.0,0.0,0.0,0.0,0.0,0.0,0.0,0.0,0.0,0.0,0.0,,0.0,0.0,0.0,0.0,0.0
2025-01-10_NYK_OKC,2025-01-10,NYK,OKC,,,,,,,N/A,N/A,101,101,AWAY,,2025-11-26 19:08:50,37.0,96.0,4.0,10.0,16.0,27.0,23.0,23.0,18.0,7.0,3.0,,101.0,0.0,0.0,0.0,0.0,0.0,0.0,0.0,0.0,0.0,0.0,0.0,,0.0,0.0,0.0,0.0,0.0
2025-01-08_NYK_TOR,2025-01-08,NYK,TOR,,,,,,,N/A,N/A,112,112,HOME,,2025-11-26 19:08:50,42.0,88.0,12.0,12.0,15.0,28.0,20.0,16.0,24.0,9.0,4.0,,112.0,0.0,0.0,0.0,0.0,0.0,0.0,0.0,0.0,0.0,0.0,0.0,,0.0,0.0,0.0,0.0,0.0
2025-01-06_NYK_ORL,2025-01-06,NYK,ORL,,,,,,,N/A,N/A,94,94,AWAY,,2025-11-26 19:08:50,36.0,81.0,4.0,12.0,11.0,27.0,22.0,18.0,16.0,4.0,3.0,,94.0,0.0,0.0,0.0,0.0,0.0,0.0,0.0,0.0,0.0,0.0,0.0,,0.0,0.0,0.0,0.0,0.0
2025-01-03_OKC_NYK,2025-01-03,OKC,NYK,,,,,,,N/A,N/A,107,107,HOME,,2025-11-26 19:08:50,0.0,0.0,0.0,0.0,0.0,0.0,0.0,0.0,0.0,0.0,0.0,,0.0,43.0,90.0,9.0,12.0,11.0,31.0,17.0,12.0,22.0,7.0,2.0,,107.0,0.0,0.0,0.0,0.0
2025-01-01_NYK_UTA,2025-01-01,NYK,UTA,,,,,,,N/A,N/A,119,119,HOME,,2025-11-26 19:08:50,47.0,85.0,9.0,13.0,6.0,41.0,23.0,16.0,31.0,10.0,6.0,,119.0,0.0,0.0,0.0,0.0,0.0,0.0,0.0,0.0,0.0,0.0,0.0,,0.0,0.0,0.0,0.0,0.0
2024-12-30_WAS_NYK,2024-12-30,WAS,NYK,,,,,,,N/A,N/A,126,126,AWAY,,2025-11-26 19:08:50,0.0,0.0,0.0,0.0,0.0,0.0,0.0,0.0,0.0,0.0,0.0,,0.0,45.0,98.0,15.0,7.0,15.0,39.0,25.0,21.0,34.0,9.0,2.0,,126.0,0.0,0.0,0.0,0.0
2024-12-28_WAS_NYK,2024-12-28,WAS,NYK,,,,,,,N/A,N/A,136,136,AWAY,,2025-11-26 19:08:50,0.0,0.0,0.0,0.0,0.0,0.0,0.0,0.0,0.0,0.0,0.0,,0.0,51.0,97.0,10.0,15.0,10.0,33.0,26.0,24.0,26.0,7.0,3.0,,136.0,0.0,0.0,0.0,0.0
2024-12-27_ORL_NYK,2024-12-27,ORL,NYK,,,,,,,N/A,N/A,108,108,AWAY,,2025-11-26 19:08:50,0.0,0.0,0.0,0.0,0.0,0.0,0.0,0.0,0.0,0.0,0.0,,0.0,40.0,75.0,4.0,18.0,12.0,32.0,34.0,24.0,18.0,10.0,3.0,,108.0,0.0,0.0,0.0,0.0
2024-12-25_NYK_SAS,2024-12-25,NYK,SAS,,,,,,,N/A,N/A,117,117,HOME,,2025-11-26 19:08:50,45.0,100.0,13.0,5.0,17.0,30.0,16.0,14.0,26.0,7.0,3.0,,117.0,0.0,0.0,0.0,0.0,0.0,0.0,0.0,0.0,0.0,0.0,0.0,,0.0,0.0,0.0,0.0,0.0
2024-12-23_NYK_TOR,2024-12-23,NYK,TOR,,,,,,,N/A,N/A,139,139,HOME,,2025-11-26 19:08:50,51.0,86.0,17.0,14.0,8.0,27.0,29.0,20.0,34.0,9.0,1.0,,139.0,0.0,0.0,0.0,0.0,0.0,0.0,0.0,0.0,0.0,0.0,0.0,,0.0,0.0,0.0,0.0,0.0
2024-12-15_ORL_NYK,2024-12-15,ORL,NYK,,,,,,,N/A,N/A,100,100,AWAY,,2025-11-26 19:08:50,0.0,0.0,0.0,0.0,0.0,0.0,0.0,0.0,0.0,0.0,0.0,,0.0,33.0,71.0,10.0,17.0,7.0,38.0,30.0,24.0,20.0,8.0,3.0,,100.0,0.0,0.0,0.0,0.0
2024-12-09_TOR_NYK,2024-12-09,TOR,NYK,,,,,,,N/A,N/A,113,113,AWAY,,2025-11-26 19:08:50,0.0,0.0,0.0,0.0,0.0,0.0,0.0,0.0,0.0,0.0,0.0,,0.0,42.0,82.0,17.0,10.0,6.0,34.0,19.0,12.0,32.0,7.0,7.0,,113.0,0.0,0.0,0.0,0.0
2024-12-07_NYK_DET,2024-12-07,NYK,DET,,,,,,,N/A,N/A,111,111,AWAY,,2025-11-26 19:08:50,42.0,79.0,11.0,15.0,4.0,27.0,27.0,16.0,27.0,11.0,5.0,,111.0,0.0,0.0,0.0,0.0,0.0,0.0,0.0,0.0,0.0,0.0,0.0,,0.0,0.0,0.0,0.0,0.0
2024-12-05_NYK_CHA,2024-12-05,NYK,CHA,,,,,,,N/A,N/A,125,125,HOME,,2025-11-26 19:08:50,41.0,76.0,18.0,9.0,6.0,37.0,32.0,25.0,29.0,7.0,4.0,,125.0,0.0,0.0,0.0,0.0,0.0,0.0,0.0,0.0,0.0,0.0,0.0,,0.0,0.0,0.0,0.0,0.0
2024-12-03_NYK_ORL,2024-12-03,NYK,ORL,,,,,,,N/A,N/A,121,121,HOME,,2025-11-26 19:08:50,43.0,85.0,15.0,17.0,5.0,34.0,20.0,20.0,30.0,6.0,4.0,,121.0,0.0,0.0,0.0,0.0,0.0,0.0,0.0,0.0,0.0,0.0,0.0,,0.0,0.0,0.0,0.0,0.0
2024-11-29_CHA_NYK,2024-11-29,CHA,NYK,,,,,,,N/A,N/A,99,99,AWAY,,2025-11-26 19:08:50,0.0,0.0,0.0,0.0,0.0,0.0,0.0,0.0,0.0,0.0,0.0,,0.0,36.0,81.0,12.0,19.0,12.0,32.0,19.0,15.0,20.0,7.0,5.0,,99.0,0.0,0.0,0.0,0.0
2024-11-23_UTA_NYK,2024-11-23,UTA,NYK,,,,,,,N/A,N/A,106,106,HOME,,2025-11-26 19:08:50,0.0,0.0,0.0,0.0,0.0,0.0,0.0,0.0,0.0,0.0,0.0,,0.0,39.0,100.0,17.0,9.0,11.0,29.0,12.0,11.0,25.0,10.0,10.0,,106.0,0.0,0.0,0.0,0.0
2024-11-20_PHX_NYK,2024-11-20,PHX,NYK,,,,,,,N/A,N/A,138,138,AWAY,,2025-11-26 19:08:50,0.0,0.0,0.0,0.0,0.0,0.0,0.0,0.0,0.0,0.0,0.0,,0.0,50.0,86.0,19.0,13.0,10.0,31.0,21.0,19.0,30.0,10.0,0.0,,138.0,0.0,0.0,0.0,0.0
2024-11-18_NYK_WAS,2024-11-18,NYK,WAS,,,,,,,N/A,N/A,134,134,HOME,,2025-11-26 19:08:50,51.0,91.0,20.0,8.0,7.0,34.0,13.0,12.0,37.0,4.0,1.0,,134.0,0.0,0.0,0.0,0.0,0.0,0.0,0.0,0.0,0.0,0.0,0.0,,0.0,0.0,0.0,0.0,0.0
2024-11-12_PHI_NYK,2024-11-12,PHI,NYK,,,,,,,N/A,N/A,111,111,AWAY,,2025-11-26 19:08:50,0.0,0.0,0.0,0.0,0.0,0.0,0.0,0.0,0.0,0.0,0.0,,0.0,44.0,89.0,9.0,15.0,8.0,39.0,15.0,14.0,31.0,8.0,5.0,,111.0,0.0,0.0,0.0,0.0
2024-11-10_IND_NYK,2024-11-10,IND,NYK,,,,,,,N/A,N/A,121,121,HOME,,2025-11-26 19:08:50,0.0,0.0,0.0,0.0,0.0,0.0,0.0,0.0,0.0,0.0,0.0,,0.0,46.0,83.0,7.0,13.0,8.0,31.0,27.0,22.0,23.0,5.0,3.0,,121.0,0.0,0.0,0.0,0.0
2024-11-01_DET_NYK,2024-11-01,DET,NYK,,,,,,,N/A,N/A,128,128,AWAY,,2025-11-26 19:08:50,0.0,0.0,0.0,0.0,0.0,0.0,0.0,0.0,0.0,0.0,0.0,,0.0,52.0,101.0,18.0,9.0,12.0,33.0,10.0,6.0,31.0,16.0,3.0,,128.0,0.0,0.0,0.0,0.0
2024-10-25_NYK_IND,2024-10-25,NYK,IND,,,,,,,N/A,N/A,123,123,HOME,,2025-11-26 19:08:50,44.0,84.0,12.0,11.0,11.0,32.0,29.0,23.0,19.0,5.0,4.0,,123.0,0.0,0.0,0.0,0.0,0.0,0.0,0.0,0.0,0.0,0.0,0.0,,0.0,0.0,0.0,0.0,0.0
2025-04-11_IND_ORL,2025-04-11,IND,ORL,,,,,,,N/A,N/A,129,129,AWAY,,2025-11-26 19:08:51,0.0,0.0,0.0,0.0,0.0,0.0,0.0,0.0,0.0,0.0,0.0,,0.0,49.0,85.0,13.0,19.0,8.0,27.0,21.0,18.0,32.0,14.0,11.0,,129.0,0.0,0.0,0.0,0.0
2025-04-03_WAS_ORL,2025-04-03,WAS,ORL,,,,,,,N/A,N/A,109,109,AWAY,,2025-11-26 19:08:51,0.0,0.0,0.0,0.0,0.0,0.0,0.0,0.0,0.0,0.0,0.0,,0.0,38.0,82.0,11.0,8.0,13.0,34.0,25.0,22.0,27.0,7.0,8.0,,109.0,0.0,0.0,0.0,0.0
2025-04-01_SAS_ORL,2025-04-01,SAS,ORL,,,,,,,N/A,N/A,116,116,AWAY,,2025-11-26 19:08:51,0.0,0.0,0.0,0.0,0.0,0.0,0.0,0.0,0.0,0.0,0.0,,0.0,43.0,90.0,18.0,10.0,10.0,31.0,12.0,12.0,28.0,12.0,7.0,,116.0,0.0,0.0,0.0,0.0
2025-03-29_ORL_SAC,2025-03-29,ORL,SAC,,,,,,,N/A,N/A,121,121,HOME,,2025-11-26 19:08:51,44.0,89.0,18.0,12.0,13.0,36.0,24.0,15.0,31.0,10.0,2.0,,121.0,0.0,0.0,0.0,0.0,0.0,0.0,0.0,0.0,0.0,0.0,0.0,,0.0,0.0,0.0,0.0,0.0
2025-03-25_CHA_ORL,2025-03-25,CHA,ORL,,,,,,,N/A,N/A,111,111,AWAY,,2025-11-26 19:08:51,0.0,0.0,0.0,0.0,0.0,0.0,0.0,0.0,0.0,0.0,0.0,,0.0,41.0,90.0,13.0,8.0,13.0,37.0,19.0,16.0,22.0,5.0,4.0,,111.0,0.0,0.0,0.0,0.0
2025-03-21_WAS_ORL,2025-03-21,WAS,ORL,,,,,,,N/A,N/A,120,120,AWAY,,2025-11-26 19:08:51,0.0,0.0,0.0,0.0,0.0,0.0,0.0,0.0,0.0,0.0,0.0,,0.0,46.0,96.0,17.0,12.0,13.0,42.0,13.0,11.0,25.0,9.0,8.0,,120.0,0.0,0.0,0.0,0.0
2025-03-04_ORL_TOR,2025-03-04,ORL,TOR,,,,,,,N/A,N/A,113,113,AWAY,,2025-11-26 19:08:51,40.0,83.0,15.0,14.0,7.0,28.0,23.0,18.0,28.0,12.0,5.0,,113.0,0.0,0.0,0.0,0.0,0.0,0.0,0.0,0.0,0.0,0.0,0.0,,0.0,0.0,0.0,0.0,0.0
2025-03-02_ORL_TOR,2025-03-02,ORL,TOR,,,,,,,N/A,N/A,102,102,AWAY,,2025-11-26 19:08:51,30.0,67.0,7.0,14.0,7.0,28.0,42.0,35.0,17.0,3.0,5.0,,102.0,0.0,0.0,0.0,0.0,0.0,0.0,0.0,0.0,0.0,0.0,0.0,,0.0,0.0,0.0,0.0,0.0
2025-02-23_ORL_WAS,2025-02-23,ORL,WAS,,,,,,,N/A,N/A,110,110,HOME,,2025-11-26 19:08:51,40.0,90.0,11.0,13.0,14.0,33.0,22.0,19.0,25.0,9.0,5.0,,110.0,0.0,0.0,0.0,0.0,0.0,0.0,0.0,0.0,0.0,0.0,0.0,,0.0,0.0,0.0,0.0,0.0
2025-02-21_ORL_MEM,2025-02-21,ORL,MEM,,,,,,,N/A,N/A,104,104,AWAY,,2025-11-26 19:08:51,36.0,88.0,9.0,12.0,13.0,37.0,33.0,23.0,23.0,7.0,9.0,,104.0,0.0,0.0,0.0,0.0,0.0,0.0,0.0,0.0,0.0,0.0,0.0,,0.0,0.0,0.0,0.0,0.0
2025-02-12_ORL_CHA,2025-02-12,ORL,CHA,,,,,,,N/A,N/A,102,102,HOME,,2025-11-26 19:08:51,37.0,90.0,14.0,8.0,13.0,39.0,19.0,14.0,22.0,4.0,9.0,,102.0,0.0,0.0,0.0,0.0,0.0,0.0,0.0,0.0,0.0,0.0,0.0,,0.0,0.0,0.0,0.0,0.0
2025-02-08_ORL_SAS,2025-02-08,ORL,SAS,,,,,,,N/A,N/A,112,112,HOME,,2025-11-26 19:08:51,45.0,88.0,10.0,14.0,13.0,32.0,20.0,12.0,19.0,10.0,1.0,,112.0,0.0,0.0,0.0,0.0,0.0,0.0,0.0,0.0,0.0,0.0,0.0,,0.0,0.0,0.0,0.0,0.0
2025-02-05_SAC_ORL,2025-02-05,SAC,ORL,,,,,,,N/A,N/A,130,130,AWAY,,2025-11-26 19:08:51,0.0,0.0,0.0,0.0,0.0,0.0,0.0,0.0,0.0,0.0,0.0,,0.0,50.0,88.0,16.0,8.0,9.0,26.0,15.0,14.0,30.0,8.0,3.0,,130.0,0.0,0.0,0.0,0.0
2025-02-01_UTA_ORL,2025-02-01,UTA,ORL,,,,,,,N/A,N/A,99,99,HOME,,2025-11-26 19:08:51,0.0,0.0,0.0,0.0,0.0,0.0,0.0,0.0,0.0,0.0,0.0,,0.0,30.0,91.0,9.0,8.0,11.0,32.0,35.0,30.0,19.0,9.0,7.0,,99.0,0.0,0.0,0.0,0.0
2025-01-30_POR_ORL,2025-01-30,POR,ORL,,,,,,,N/A,N/A,90,90,HOME,,2025-11-26 19:08:51,0.0,0.0,0.0,0.0,0.0,0.0,0.0,0.0,0.0,0.0,0.0,,0.0,34.0,81.0,5.0,13.0,13.0,20.0,20.0,17.0,14.0,8.0,6.0,,90.0,0.0,0.0,0.0,0.0
2025-01-25_ORL_DET,2025-01-25,ORL,DET,,,,,,,N/A,N/A,121,121,HOME,,2025-11-26 19:08:51,40.0,83.0,15.0,14.0,8.0,32.0,38.0,26.0,22.0,8.0,4.0,,121.0,0.0,0.0,0.0,0.0,0.0,0.0,0.0,0.0,0.0,0.0,0.0,,0.0,0.0,0.0,0.0,0.0
2025-01-23_ORL_POR,2025-01-23,ORL,POR,,,,,,,N/A,N/A,79,79,AWAY,,2025-11-26 19:08:51,26.0,76.0,6.0,19.0,14.0,30.0,31.0,21.0,17.0,9.0,6.0,,79.0,0.0,0.0,0.0,0.0,0.0,0.0,0.0,0.0,0.0,0.0,0.0,,0.0,0.0,0.0,0.0,0.0
2025-01-21_TOR_ORL,2025-01-21,TOR,ORL,,,,,,,N/A,N/A,93,93,HOME,,2025-11-26 19:08:51,0.0,0.0,0.0,0.0,0.0,0.0,0.0,0.0,0.0,0.0,0.0,,0.0,35.0,85.0,9.0,14.0,14.0,34.0,19.0,14.0,16.0,5.0,2.0,,93.0,0.0,0.0,0.0,0.0
2025-01-12_ORL_PHI,2025-01-12,ORL,PHI,,,,,,,N/A,N/A,104,104,HOME,,2025-11-26 19:08:51,39.0,80.0,7.0,16.0,12.0,29.0,28.0,19.0,23.0,10.0,9.0,,104.0,0.0,0.0,0.0,0.0,0.0,0.0,0.0,0.0,0.0,0.0,0.0,,0.0,0.0,0.0,0.0,0.0
2025-01-05_ORL_UTA,2025-01-05,ORL,UTA,,,,,,,N/A,N/A,92,92,AWAY,,2025-11-26 19:08:51,35.0,98.0,14.0,11.0,14.0,29.0,13.0,8.0,25.0,8.0,4.0,,92.0,0.0,0.0,0.0,0.0,0.0,0.0,0.0,0.0,0.0,0.0,0.0,,0.0,0.0,0.0,0.0,0.0
2025-01-03_TOR_ORL,2025-01-03,TOR,ORL,,,,,,,N/A,N/A,106,106,AWAY,,2025-11-26 19:08:51,0.0,0.0,0.0,0.0,0.0,0.0,0.0,0.0,0.0,0.0,0.0,,0.0,37.0,79.0,19.0,11.0,12.0,30.0,17.0,13.0,32.0,10.0,8.0,,106.0,0.0,0.0,0.0,0.0
2025-01-01_DET_ORL,2025-01-01,DET,ORL,,,,,,,N/A,N/A,96,96,HOME,,2025-11-26 19:08:51,0.0,0.0,0.0,0.0,0.0,0.0,0.0,0.0,0.0,0.0,0.0,,0.0,37.0,91.0,8.0,12.0,9.0,24.0,20.0,14.0,18.0,18.0,5.0,,96.0,0.0,0.0,0.0,0.0
2024-12-19_ORL_OKC,2024-12-19,ORL,OKC,,,,,,,N/A,N/A,99,99,AWAY,,2025-11-26 19:08:51,35.0,78.0,11.0,18.0,10.0,30.0,25.0,18.0,25.0,6.0,6.0,,99.0,0.0,0.0,0.0,0.0,0.0,0.0,0.0,0.0,0.0,0.0,0.0,,0.0,0.0,0.0,0.0,0.0
2024-12-08_ORL_PHX,2024-12-08,ORL,PHX,,,,,,,N/A,N/A,115,115,HOME,,2025-11-26 19:08:51,42.0,88.0,12.0,13.0,14.0,30.0,30.0,19.0,17.0,11.0,6.0,,115.0,0.0,0.0,0.0,0.0,0.0,0.0,0.0,0.0,0.0,0.0,0.0,,0.0,0.0,0.0,0.0,0.0
2024-12-06_PHI_ORL,2024-12-06,PHI,ORL,,,,,,,N/A,N/A,94,94,HOME,,2025-11-26 19:08:51,0.0,0.0,0.0,0.0,0.0,0.0,0.0,0.0,0.0,0.0,0.0,,0.0,33.0,78.0,13.0,19.0,8.0,30.0,17.0,15.0,21.0,8.0,6.0,,94.0,0.0,0.0,0.0,0.0
2024-12-04_PHI_ORL,2024-12-04,PHI,ORL,,,,,,,N/A,N/A,106,106,AWAY,,2025-11-26 19:08:51,0.0,0.0,0.0,0.0,0.0,0.0,0.0,0.0,0.0,0.0,0.0,,0.0,41.0,84.0,8.0,13.0,16.0,26.0,21.0,16.0,21.0,13.0,7.0,,106.0,0.0,0.0,0.0,0.0
2024-11-25_CHA_ORL,2024-11-25,CHA,ORL,,,,,,,N/A,N/A,95,95,AWAY,,2025-11-26 19:08:51,0.0,0.0,0.0,0.0,0.0,0.0,0.0,0.0,0.0,0.0,0.0,,0.0,37.0,94.0,12.0,8.0,13.0,26.0,17.0,9.0,21.0,12.0,6.0,,95.0,0.0,0.0,0.0,0.0
2024-11-23_ORL_DET,2024-11-23,ORL,DET,,,,,,,N/A,N/A,111,111,HOME,,2025-11-26 19:08:51,40.0,87.0,12.0,13.0,17.0,27.0,22.0,19.0,25.0,13.0,9.0,,111.0,0.0,0.0,0.0,0.0,0.0,0.0,0.0,0.0,0.0,0.0,0.0,,0.0,0.0,0.0,0.0,0.0
2024-11-18_PHX_ORL,2024-11-18,PHX,ORL,,,,,,,N/A,N/A,109,109,AWAY,,2025-11-26 19:08:51,0.0,0.0,0.0,0.0,0.0,0.0,0.0,0.0,0.0,0.0,0.0,,0.0,39.0,76.0,11.0,10.0,8.0,30.0,25.0,20.0,28.0,5.0,7.0,,109.0,0.0,0.0,0.0,0.0
2024-11-15_ORL_PHI,2024-11-15,ORL,PHI,,,,,,,N/A,N/A,98,98,HOME,,2025-11-26 19:08:51,34.0,78.0,11.0,17.0,11.0,32.0,22.0,19.0,15.0,11.0,6.0,,98.0,0.0,0.0,0.0,0.0,0.0,0.0,0.0,0.0,0.0,0.0,0.0,,0.0,0.0,0.0,0.0,0.0
2024-11-13_ORL_IND,2024-11-13,ORL,IND,,,,,,,N/A,N/A,94,94,HOME,,2025-11-26 19:08:51,34.0,84.0,13.0,17.0,13.0,37.0,15.0,13.0,26.0,8.0,10.0,,94.0,0.0,0.0,0.0,0.0,0.0,0.0,0.0,0.0,0.0,0.0,0.0,,0.0,0.0,0.0,0.0,0.0
2024-11-12_ORL_CHA,2024-11-12,ORL,CHA,,,,,,,N/A,N/A,114,114,HOME,,2025-11-26 19:08:51,43.0,93.0,13.0,11.0,8.0,35.0,19.0,15.0,25.0,12.0,7.0,,114.0,0.0,0.0,0.0,0.0,0.0,0.0,0.0,0.0,0.0,0.0,0.0,,0.0,0.0,0.0,0.0,0.0
2024-11-10_ORL_WAS,2024-11-10,ORL,WAS,,,,,,,N/A,N/A,121,121,HOME,,2025-11-26 19:08:51,41.0,91.0,17.0,11.0,15.0,29.0,25.0,22.0,25.0,6.0,5.0,,121.0,0.0,0.0,0.0,0.0,0.0,0.0,0.0,0.0,0.0,0.0,0.0,,0.0,0.0,0.0,0.0,0.0
2024-11-06_IND_ORL,2024-11-06,IND,ORL,,,,,,,N/A,N/A,111,111,HOME,,2025-11-26 19:08:51,0.0,0.0,0.0,0.0,0.0,0.0,0.0,0.0,0.0,0.0,0.0,,0.0,42.0,82.0,7.0,16.0,10.0,28.0,26.0,20.0,26.0,6.0,5.0,,111.0,0.0,0.0,0.0,0.0
2024-11-04_OKC_ORL,2024-11-04,OKC,ORL,,,,,,,N/A,N/A,86,86,HOME,,2025-11-26 19:08:51,0.0,0.0,0.0,0.0,0.0,0.0,0.0,0.0,0.0,0.0,0.0,,0.0,29.0,82.0,5.0,18.0,7.0,34.0,27.0,23.0,20.0,12.0,5.0,,86.0,0.0,0.0,0.0,0.0
2024-10-28_ORL_IND,2024-10-28,ORL,IND,,,,,,,N/A,N/A,119,119,HOME,,2025-11-26 19:08:51,39.0,83.0,13.0,15.0,11.0,35.0,38.0,28.0,26.0,7.0,6.0,,119.0,0.0,0.0,0.0,0.0,0.0,0.0,0.0,0.0,0.0,0.0,0.0,,0.0,0.0,0.0,0.0,0.0
2024-10-26_MEM_ORL,2024-10-26,MEM,ORL,,,,,,,N/A,N/A,111,111,HOME,,2025-11-26 19:08:51,0.0,0.0,0.0,0.0,0.0,0.0,0.0,0.0,0.0,0.0,0.0,,0.0,37.0,87.0,17.0,19.0,12.0,29.0,28.0,20.0,21.0,10.0,6.0,,111.0,0.0,0.0,0.0,0.0
2025-04-08_IND_WAS,2025-04-08,IND,WAS,,,,,,,N/A,N/A,104,104,HOME,,2025-11-26 19:08:53,33.0,87.0,9.0,7.0,13.0,36.0,37.0,29.0,21.0,7.0,5.0,,104.0,0.0,0.0,0.0,0.0,0.0,0.0,0.0,0.0,0.0,0.0,0.0,,0.0,0.0,0.0,0.0,0.0
2025-04-04_IND_UTA,2025-04-04,IND,UTA,,,,,,,N/A,N/A,140,140,HOME,,2025-11-26 19:08:53,51.0,89.0,12.0,7.0,11.0,40.0,38.0,26.0,38.0,8.0,17.0,,140.0,0.0,0.0,0.0,0.0,0.0,0.0,0.0,0.0,0.0,0.0,0.0,,0.0,0.0,0.0,0.0,0.0
2025-04-02_IND_CHA,2025-04-02,IND,CHA,,,,,,,N/A,N/A,119,119,HOME,,2025-11-26 19:08:53,47.0,95.0,18.0,6.0,11.0,27.0,10.0,7.0,29.0,10.0,6.0,,119.0,0.0,0.0,0.0,0.0,0.0,0.0,0.0,0.0,0.0,0.0,0.0,,0.0,0.0,0.0,0.0,0.0
2025-03-31_IND_SAC,2025-03-31,IND,SAC,,,,,,,N/A,N/A,111,111,HOME,,2025-11-26 19:08:53,42.0,90.0,14.0,12.0,6.0,34.0,13.0,13.0,28.0,6.0,5.0,,111.0,0.0,0.0,0.0,0.0,0.0,0.0,0.0,0.0,0.0,0.0,0.0,,0.0,0.0,0.0,0.0,0.0
2025-03-29_OKC_IND,2025-03-29,OKC,IND,,,,,,,N/A,N/A,111,111,HOME,,2025-11-26 19:08:53,0.0,0.0,0.0,0.0,0.0,0.0,0.0,0.0,0.0,0.0,0.0,,0.0,39.0,87.0,14.0,11.0,8.0,35.0,26.0,19.0,27.0,6.0,6.0,,111.0,0.0,0.0,0.0,0.0
2025-03-27_WAS_IND,2025-03-27,WAS,IND,,,,,,,N/A,N/A,162,162,AWAY,,2025-11-26 19:08:53,0.0,0.0,0.0,0.0,0.0,0.0,0.0,0.0,0.0,0.0,0.0,,0.0,59.0,92.0,27.0,12.0,13.0,37.0,19.0,17.0,48.0,8.0,2.0,,162.0,0.0,0.0,0.0,0.0
2025-03-14_PHI_IND,2025-03-14,PHI,IND,,,,,,,N/A,N/A,112,112,AWAY,,2025-11-26 19:08:53,0.0,0.0,0.0,0.0,0.0,0.0,0.0,0.0,0.0,0.0,0.0,,0.0,44.0,89.0,10.0,10.0,12.0,33.0,18.0,14.0,31.0,6.0,4.0,,112.0,0.0,0.0,0.0,0.0
2025-02-26_IND_TOR,2025-02-26,IND,TOR,,,,,,,N/A,N/A,111,111,HOME,,2025-11-26 19:08:53,43.0,81.0,15.0,19.0,4.0,37.0,16.0,10.0,28.0,10.0,7.0,,111.0,0.0,0.0,0.0,0.0,0.0,0.0,0.0,0.0,0.0,0.0,0.0,,0.0,0.0,0.0,0.0,0.0
2025-02-20_IND_MEM,2025-02-20,IND,MEM,,,,,,,N/A,N/A,127,127,HOME,,2025-11-26 19:08:53,46.0,91.0,17.0,10.0,9.0,37.0,22.0,18.0,29.0,6.0,12.0,,127.0,0.0,0.0,0.0,0.0,0.0,0.0,0.0,0.0,0.0,0.0,0.0,,0.0,0.0,0.0,0.0,0.0
2025-02-12_WAS_IND,2025-02-12,WAS,IND,,,,,,,N/A,N/A,134,134,AWAY,,2025-11-26 19:08:53,0.0,0.0,0.0,0.0,0.0,0.0,0.0,0.0,0.0,0.0,0.0,,0.0,50.0,107.0,16.0,7.0,10.0,32.0,20.0,18.0,38.0,7.0,5.0,,134.0,0.0,0.0,0.0,0.0
2025-02-04_POR_IND,2025-02-04,POR,IND,,,,,,,N/A,N/A,89,89,HOME,,2025-11-26 19:08:53,0.0,0.0,0.0,0.0,0.0,0.0,0.0,0.0,0.0,0.0,0.0,,0.0,34.0,81.0,5.0,19.0,14.0,25.0,21.0,16.0,25.0,11.0,6.0,,89.0,0.0,0.0,0.0,0.0
2025-02-03_UTA_IND,2025-02-03,UTA,IND,,,,,,,N/A,N/A,112,112,AWAY,,2025-11-26 19:08:53,0.0,0.0,0.0,0.0,0.0,0.0,0.0,0.0,0.0,0.0,0.0,,0.0,43.0,91.0,10.0,9.0,6.0,31.0,20.0,16.0,32.0,13.0,10.0,,112.0,0.0,0.0,0.0,0.0
2025-01-29_IND_DET,2025-01-29,IND,DET,,,,,,,N/A,N/A,133,133,HOME,,2025-11-26 19:08:53,46.0,81.0,19.0,13.0,5.0,31.0,31.0,22.0,28.0,7.0,5.0,,133.0,0.0,0.0,0.0,0.0,0.0,0.0,0.0,0.0,0.0,0.0,0.0,,0.0,0.0,0.0,0.0,0.0
2025-01-25_SAS_IND,2025-01-25,SAS,IND,,,,,,,N/A,N/A,136,136,AWAY,,2025-11-26 19:08:53,0.0,0.0,0.0,0.0,0.0,0.0,0.0,0.0,0.0,0.0,0.0,,0.0,53.0,102.0,17.0,10.0,16.0,34.0,14.0,13.0,32.0,14.0,9.0,,136.0,0.0,0.0,0.0,0.0
2025-01-23_IND_SAS,2025-01-23,IND,SAS,,,,,,,N/A,N/A,110,110,AWAY,,2025-11-26 19:08:53,44.0,97.0,13.0,11.0,9.0,22.0,12.0,9.0,31.0,10.0,2.0,,110.0,0.0,0.0,0.0,0.0,0.0,0.0,0.0,0.0,0.0,0.0,0.0,,0.0,0.0,0.0,0.0,0.0
2025-01-18_IND_PHI,2025-01-18,IND,PHI,,,,,,,N/A,N/A,115,115,HOME,,2025-11-26 19:08:53,44.0,83.0,11.0,17.0,14.0,36.0,23.0,16.0,30.0,4.0,4.0,,115.0,0.0,0.0,0.0,0.0,0.0,0.0,0.0,0.0,0.0,0.0,0.0,,0.0,0.0,0.0,0.0,0.0
2025-01-16_DET_IND,2025-01-16,DET,IND,,,,,,,N/A,N/A,111,111,AWAY,,2025-11-26 19:08:53,0.0,0.0,0.0,0.0,0.0,0.0,0.0,0.0,0.0,0.0,0.0,,0.0,41.0,89.0,13.0,9.0,3.0,37.0,22.0,16.0,28.0,13.0,8.0,,111.0,0.0,0.0,0.0,0.0
2025-01-04_IND_PHX,2025-01-04,IND,PHX,,,,,,,N/A,N/A,126,126,HOME,,2025-11-26 19:08:53,46.0,96.0,15.0,6.0,13.0,34.0,21.0,19.0,35.0,7.0,4.0,,126.0,0.0,0.0,0.0,0.0,0.0,0.0,0.0,0.0,0.0,0.0,0.0,,0.0,0.0,0.0,0.0,0.0
2024-12-26_IND_OKC,2024-12-26,IND,OKC,,,,,,,N/A,N/A,114,114,AWAY,,2025-11-26 19:08:53,42.0,89.0,14.0,11.0,11.0,40.0,22.0,16.0,28.0,1.0,8.0,,114.0,0.0,0.0,0.0,0.0,0.0,0.0,0.0,0.0,0.0,0.0,0.0,,0.0,0.0,0.0,0.0,0.0
2024-12-22_SAC_IND,2024-12-22,SAC,IND,,,,,,,N/A,N/A,122,122,AWAY,,2025-11-26 19:08:53,0.0,0.0,0.0,0.0,0.0,0.0,0.0,0.0,0.0,0.0,0.0,,0.0,50.0,86.0,17.0,10.0,6.0,44.0,8.0,5.0,36.0,7.0,5.0,,122.0,0.0,0.0,0.0,0.0
2024-12-19_PHX_IND,2024-12-19,PHX,IND,,,,,,,N/A,N/A,120,120,AWAY,,2025-11-26 19:08:53,0.0,0.0,0.0,0.0,0.0,0.0,0.0,0.0,0.0,0.0,0.0,,0.0,39.0,89.0,16.0,9.0,9.0,38.0,31.0,26.0,30.0,9.0,7.0,,120.0,0.0,0.0,0.0,0.0
2024-12-13_PHI_IND,2024-12-13,PHI,IND,,,,,,,N/A,N/A,121,121,AWAY,,2025-11-26 19:08:53,0.0,0.0,0.0,0.0,0.0,0.0,0.0,0.0,0.0,0.0,0.0,,0.0,47.0,91.0,14.0,10.0,8.0,33.0,17.0,13.0,35.0,9.0,4.0,,121.0,0.0,0.0,0.0,0.0
2024-12-08_IND_CHA,2024-12-08,IND,CHA,,,,,,,N/A,N/A,109,109,AWAY,,2025-11-26 19:08:53,42.0,82.0,12.0,17.0,3.0,26.0,15.0,13.0,23.0,9.0,7.0,,109.0,0.0,0.0,0.0,0.0,0.0,0.0,0.0,0.0,0.0,0.0,0.0,,0.0,0.0,0.0,0.0,0.0
2024-12-03_TOR_IND,2024-12-03,TOR,IND,,,,,,,N/A,N/A,111,111,HOME,,2025-11-26 19:08:53,0.0,0.0,0.0,0.0,0.0,0.0,0.0,0.0,0.0,0.0,0.0,,0.0,38.0,84.0,12.0,20.0,9.0,25.0,28.0,23.0,21.0,8.0,6.0,,111.0,0.0,0.0,0.0,0.0
2024-12-01_MEM_IND,2024-12-01,MEM,IND,,,,,,,N/A,N/A,121,121,HOME,,2025-11-26 19:08:53,0.0,0.0,0.0,0.0,0.0,0.0,0.0,0.0,0.0,0.0,0.0,,0.0,43.0,90.0,14.0,15.0,6.0,35.0,26.0,21.0,28.0,8.0,3.0,,121.0,0.0,0.0,0.0,0.0
2024-11-29_IND_DET,2024-11-29,IND,DET,,,,,,,N/A,N/A,106,106,AWAY,,2025-11-26 19:08:53,41.0,85.0,12.0,16.0,7.0,25.0,13.0,12.0,23.0,9.0,4.0,,106.0,0.0,0.0,0.0,0.0,0.0,0.0,0.0,0.0,0.0,0.0,0.0,,0.0,0.0,0.0,0.0,0.0
2024-11-27_IND_POR,2024-11-27,IND,POR,,,,,,,N/A,N/A,121,121,HOME,,2025-11-26 19:08:53,46.0,94.0,13.0,12.0,19.0,28.0,20.0,16.0,27.0,10.0,10.0,,121.0,0.0,0.0,0.0,0.0,0.0,0.0,0.0,0.0,0.0,0.0,0.0,,0.0,0.0,0.0,0.0,0.0
2024-11-24_IND_WAS,2024-11-24,IND,WAS,,,,,,,N/A,N/A,115,115,HOME,,2025-11-26 19:08:53,41.0,86.0,12.0,11.0,12.0,33.0,27.0,21.0,31.0,8.0,3.0,,115.0,0.0,0.0,0.0,0.0,0.0,0.0,0.0,0.0,0.0,0.0,0.0,,0.0,0.0,0.0,0.0,0.0
2024-11-18_TOR_IND,2024-11-18,TOR,IND,,,,,,,N/A,N/A,119,119,HOME,,2025-11-26 19:08:53,0.0,0.0,0.0,0.0,0.0,0.0,0.0,0.0,0.0,0.0,0.0,,0.0,44.0,99.0,15.0,10.0,12.0,20.0,20.0,16.0,29.0,17.0,5.0,,119.0,0.0,0.0,0.0,0.0
2024-11-08_CHA_IND,2024-11-08,CHA,IND,,,,,,,N/A,N/A,83,83,HOME,,2025-11-26 19:08:53,0.0,0.0,0.0,0.0,0.0,0.0,0.0,0.0,0.0,0.0,0.0,,0.0,33.0,83.0,9.0,12.0,7.0,30.0,14.0,8.0,24.0,10.0,4.0,,83.0,0.0,0.0,0.0,0.0
2024-10-27_IND_PHI,2024-10-27,IND,PHI,,,,,,,N/A,N/A,114,114,AWAY,,2025-11-26 19:08:53,39.0,84.0,13.0,19.0,7.0,30.0,34.0,23.0,28.0,8.0,4.0,,114.0,0.0,0.0,0.0,0.0,0.0,0.0,0.0,0.0,0.0,0.0,0.0,,0.0,0.0,0.0,0.0,0.0
2024-10-23_DET_IND,2024-10-23,DET,IND,,,,,,,N/A,N/A,115,115,AWAY,,2025-11-26 19:08:53,0.0,0.0,0.0,0.0,0.0,0.0,0.0,0.0,0.0,0.0,0.0,,0.0,42.0,83.0,9.0,15.0,7.0,32.0,25.0,22.0,32.0,10.0,8.0,,115.0,0.0,0.0,0.0,0.0
2025-04-09_WAS_PHI,2025-04-09,WAS,PHI,,,,,,,N/A,N/A,122,122,AWAY,,2025-11-26 19:08:54,0.0,0.0,0.0,0.0,0.0,0.0,0.0,0.0,0.0,0.0,0.0,,0.0,39.0,91.0,16.0,16.0,18.0,37.0,38.0,28.0,20.0,10.0,8.0,,122.0,0.0,0.0,0.0,0.0
2025-03-30_PHI_TOR,2025-03-30,PHI,TOR,,,,,,,N/A,N/A,109,109,AWAY,,2025-11-26 19:08:54,42.0,89.0,8.0,16.0,8.0,38.0,19.0,17.0,25.0,6.0,10.0,,109.0,0.0,0.0,0.0,0.0,0.0,0.0,0.0,0.0,0.0,0.0,0.0,,0.0,0.0,0.0,0.0,0.0
2025-03-26_PHI_WAS,2025-03-26,PHI,WAS,,,,,,,N/A,N/A,114,114,AWAY,,2025-11-26 19:08:54,42.0,98.0,14.0,4.0,13.0,34.0,20.0,16.0,22.0,7.0,5.0,,114.0,0.0,0.0,0.0,0.0,0.0,0.0,0.0,0.0,0.0,0.0,0.0,,0.0,0.0,0.0,0.0,0.0
2025-03-21_SAS_PHI,2025-03-21,SAS,PHI,,,,,,,N/A,N/A,120,120,HOME,,2025-11-26 19:08:54,0.0,0.0,0.0,0.0,0.0,0.0,0.0,0.0,0.0,0.0,0.0,,0.0,46.0,81.0,14.0,16.0,5.0,27.0,20.0,14.0,30.0,10.0,4.0,,120.0,0.0,0.0,0.0,0.0
2025-03-19_OKC_PHI,2025-03-19,OKC,PHI,,,,,,,N/A,N/A,100,100,HOME,,2025-11-26 19:08:54,0.0,0.0,0.0,0.0,0.0,0.0,0.0,0.0,0.0,0.0,0.0,,0.0,35.0,95.0,18.0,12.0,12.0,29.0,16.0,12.0,24.0,8.0,3.0,,100.0,0.0,0.0,0.0,0.0
2025-03-12_TOR_PHI,2025-03-12,TOR,PHI,,,,,,,N/A,N/A,105,105,HOME,,2025-11-26 19:08:54,0.0,0.0,0.0,0.0,0.0,0.0,0.0,0.0,0.0,0.0,0.0,,0.0,41.0,96.0,7.0,9.0,10.0,30.0,22.0,16.0,19.0,13.0,11.0,,105.0,0.0,0.0,0.0,0.0
2025-03-09_PHI_UTA,2025-03-09,PHI,UTA,,,,,,,N/A,N/A,126,126,HOME,,2025-11-26 19:08:54,43.0,96.0,16.0,17.0,14.0,36.0,25.0,24.0,27.0,11.0,9.0,,126.0,0.0,0.0,0.0,0.0,0.0,0.0,0.0,0.0,0.0,0.0,0.0,,0.0,0.0,0.0,0.0,0.0
2025-03-03_PHI_POR,2025-03-03,PHI,POR,,,,,,,N/A,N/A,102,102,AWAY,,2025-11-26 19:08:54,41.0,95.0,11.0,8.0,14.0,29.0,13.0,9.0,27.0,6.0,3.0,,102.0,0.0,0.0,0.0,0.0,0.0,0.0,0.0,0.0,0.0,0.0,0.0,,0.0,0.0,0.0,0.0,0.0
2025-02-11_PHI_TOR,2025-02-11,PHI,TOR,,,,,,,N/A,N/A,103,103,AWAY,,2025-11-26 19:08:54,37.0,91.0,9.0,14.0,14.0,32.0,24.0,20.0,22.0,10.0,2.0,,103.0,0.0,0.0,0.0,0.0,0.0,0.0,0.0,0.0,0.0,0.0,0.0,,0.0,0.0,0.0,0.0,0.0
2025-02-07_DET_PHI,2025-02-07,DET,PHI,,,,,,,N/A,N/A,112,112,HOME,,2025-11-26 19:08:54,0.0,0.0,0.0,0.0,0.0,0.0,0.0,0.0,0.0,0.0,0.0,,0.0,41.0,83.0,13.0,13.0,7.0,31.0,20.0,17.0,26.0,7.0,7.0,,112.0,0.0,0.0,0.0,0.0
2025-01-29_PHI_SAC,2025-01-29,PHI,SAC,,,,,,,N/A,N/A,117,117,HOME,,2025-11-26 19:08:54,43.0,82.0,12.0,9.0,5.0,30.0,22.0,19.0,30.0,8.0,1.0,,117.0,0.0,0.0,0.0,0.0,0.0,0.0,0.0,0.0,0.0,0.0,0.0,,0.0,0.0,0.0,0.0,0.0
2025-01-14_PHI_OKC,2025-01-14,PHI,OKC,,,,,,,N/A,N/A,102,102,AWAY,,2025-11-26 19:08:54,37.0,84.0,13.0,21.0,11.0,24.0,20.0,15.0,23.0,10.0,1.0,,102.0,0.0,0.0,0.0,0.0,0.0,0.0,0.0,0.0,0.0,0.0,0.0,,0.0,0.0,0.0,0.0,0.0
2025-01-08_PHI_WAS,2025-01-08,PHI,WAS,,,,,,,N/A,N/A,109,109,HOME,,2025-11-26 19:08:54,40.0,88.0,15.0,7.0,10.0,26.0,19.0,14.0,21.0,8.0,11.0,,109.0,0.0,0.0,0.0,0.0,0.0,0.0,0.0,0.0,0.0,0.0,0.0,,0.0,0.0,0.0,0.0,0.0
2025-01-06_PHI_PHX,2025-01-06,PHI,PHX,,,,,,,N/A,N/A,99,99,AWAY,,2025-11-26 19:08:54,34.0,87.0,15.0,10.0,12.0,34.0,26.0,16.0,20.0,6.0,4.0,,99.0,0.0,0.0,0.0,0.0,0.0,0.0,0.0,0.0,0.0,0.0,0.0,,0.0,0.0,0.0,0.0,0.0
2025-01-01_SAC_PHI,2025-01-01,SAC,PHI,,,,,,,N/A,N/A,107,107,HOME,,2025-11-26 19:08:54,0.0,0.0,0.0,0.0,0.0,0.0,0.0,0.0,0.0,0.0,0.0,,0.0,40.0,84.0,15.0,18.0,8.0,26.0,14.0,12.0,24.0,10.0,5.0,,107.0,0.0,0.0,0.0,0.0
2024-12-30_POR_PHI,2024-12-30,POR,PHI,,,,,,,N/A,N/A,125,125,AWAY,,2025-11-26 19:08:54,0.0,0.0,0.0,0.0,0.0,0.0,0.0,0.0,0.0,0.0,0.0,,0.0,43.0,75.0,11.0,19.0,8.0,24.0,31.0,28.0,20.0,12.0,3.0,,125.0,0.0,0.0,0.0,0.0
2024-12-28_UTA_PHI,2024-12-28,UTA,PHI,,,,,,,N/A,N/A,114,114,AWAY,,2025-11-26 19:08:54,0.0,0.0,0.0,0.0,0.0,0.0,0.0,0.0,0.0,0.0,0.0,,0.0,36.0,83.0,13.0,8.0,10.0,22.0,37.0,29.0,22.0,15.0,8.0,,114.0,0.0,0.0,0.0,0.0
2024-12-23_PHI_SAS,2024-12-23,PHI,SAS,,,,,,,N/A,N/A,111,111,HOME,,2025-11-26 19:08:54,39.0,93.0,16.0,9.0,9.0,38.0,23.0,17.0,22.0,11.0,2.0,,111.0,0.0,0.0,0.0,0.0,0.0,0.0,0.0,0.0,0.0,0.0,0.0,,0.0,0.0,0.0,0.0,0.0
2024-12-20_PHI_CHA,2024-12-20,PHI,CHA,,,,,,,N/A,N/A,108,108,HOME,,2025-11-26 19:08:54,41.0,83.0,12.0,14.0,11.0,28.0,18.0,14.0,30.0,14.0,6.0,,108.0,0.0,0.0,0.0,0.0,0.0,0.0,0.0,0.0,0.0,0.0,0.0,,0.0,0.0,0.0,0.0,0.0
2024-12-16_CHA_PHI,2024-12-16,CHA,PHI,,,,,,,N/A,N/A,121,121,AWAY,,2025-11-26 19:08:54,0.0,0.0,0.0,0.0,0.0,0.0,0.0,0.0,0.0,0.0,0.0,,0.0,41.0,80.0,16.0,20.0,9.0,33.0,30.0,23.0,21.0,14.0,4.0,,121.0,0.0,0.0,0.0,0.0
2024-12-03_CHA_PHI,2024-12-03,CHA,PHI,,,,,,,N/A,N/A,110,110,AWAY,,2025-11-26 19:08:54,0.0,0.0,0.0,0.0,0.0,0.0,0.0,0.0,0.0,0.0,0.0,,0.0,38.0,82.0,16.0,12.0,8.0,23.0,20.0,18.0,26.0,9.0,3.0,,110.0,0.0,0.0,0.0,0.0
2024-11-30_DET_PHI,2024-11-30,DET,PHI,,,,,,,N/A,N/A,111,111,AWAY,,2025-11-26 19:08:54,0.0,0.0,0.0,0.0,0.0,0.0,0.0,0.0,0.0,0.0,0.0,,0.0,42.0,85.0,11.0,14.0,12.0,38.0,22.0,16.0,19.0,9.0,8.0,,111.0,0.0,0.0,0.0,0.0
2024-11-20_MEM_PHI,2024-11-20,MEM,PHI,,,,,,,N/A,N/A,111,111,HOME,,2025-11-26 19:08:54,0.0,0.0,0.0,0.0,0.0,0.0,0.0,0.0,0.0,0.0,0.0,,0.0,39.0,87.0,11.0,14.0,14.0,27.0,24.0,22.0,21.0,12.0,6.0,,111.0,0.0,0.0,0.0,0.0
2024-11-10_PHI_CHA,2024-11-10,PHI,CHA,,,,,,,N/A,N/A,107,107,HOME,,2025-11-26 19:08:54,39.0,84.0,9.0,17.0,8.0,32.0,26.0,20.0,24.0,8.0,1.0,,107.0,0.0,0.0,0.0,0.0,0.0,0.0,0.0,0.0,0.0,0.0,0.0,,0.0,0.0,0.0,0.0,0.0
2024-11-04_PHX_PHI,2024-11-04,PHX,PHI,,,,,,,N/A,N/A,116,116,HOME,,2025-11-26 19:08:54,0.0,0.0,0.0,0.0,0.0,0.0,0.0,0.0,0.0,0.0,0.0,,0.0,40.0,87.0,20.0,14.0,9.0,29.0,18.0,16.0,27.0,10.0,4.0,,116.0,0.0,0.0,0.0,0.0
2024-11-02_PHI_MEM,2024-11-02,PHI,MEM,,,,,,,N/A,N/A,107,107,AWAY,,2025-11-26 19:08:54,36.0,89.0,19.0,14.0,8.0,25.0,20.0,16.0,22.0,11.0,5.0,,107.0,0.0,0.0,0.0,0.0,0.0,0.0,0.0,0.0,0.0,0.0,0.0,,0.0,0.0,0.0,0.0,0.0
2024-10-30_PHI_DET,2024-10-30,PHI,DET,,,,,,,N/A,N/A,95,95,AWAY,,2025-11-26 19:08:54,33.0,79.0,8.0,9.0,8.0,29.0,28.0,21.0,17.0,7.0,4.0,,95.0,0.0,0.0,0.0,0.0,0.0,0.0,0.0,0.0,0.0,0.0,0.0,,0.0,0.0,0.0,0.0,0.0
2024-10-25_TOR_PHI,2024-10-25,TOR,PHI,,,,,,,N/A,N/A,107,107,HOME,,2025-11-26 19:08:54,0.0,0.0,0.0,0.0,0.0,0.0,0.0,0.0,0.0,0.0,0.0,,0.0,29.0,76.0,9.0,16.0,10.0,18.0,53.0,40.0,19.0,11.0,5.0,,107.0,0.0,0.0,0.0,0.0
2025-04-13_SAC_PHX,2025-04-13,SAC,PHX,,,,,,,N/A,N/A,98,98,HOME,,2025-11-26 19:08:55,0.0,0.0,0.0,0.0,0.0,0.0,0.0,0.0,0.0,0.0,0.0,,0.0,40.0,84.0,15.0,11.0,9.0,28.0,6.0,3.0,28.0,6.0,1.0,,98.0,0.0,0.0,0.0,0.0
2025-04-11_PHX_SAS,2025-04-11,PHX,SAS,,,,,,,N/A,N/A,117,117,HOME,,2025-11-26 19:08:55,44.0,95.0,19.0,11.0,13.0,39.0,11.0,10.0,27.0,9.0,10.0,,117.0,0.0,0.0,0.0,0.0,0.0,0.0,0.0,0.0,0.0,0.0,0.0,,0.0,0.0,0.0,0.0,0.0
2025-04-09_PHX_OKC,2025-04-09,PHX,OKC,,,,,,,N/A,N/A,112,112,AWAY,,2025-11-26 19:08:55,42.0,87.0,15.0,13.0,9.0,29.0,19.0,13.0,31.0,10.0,3.0,,112.0,0.0,0.0,0.0,0.0,0.0,0.0,0.0,0.0,0.0,0.0,0.0,,0.0,0.0,0.0,0.0,0.0
2025-03-17_PHX_TOR,2025-03-17,PHX,TOR,,,,,,,N/A,N/A,129,129,HOME,,2025-11-26 19:08:55,47.0,92.0,20.0,10.0,12.0,42.0,15.0,15.0,34.0,7.0,4.0,,129.0,0.0,0.0,0.0,0.0,0.0,0.0,0.0,0.0,0.0,0.0,0.0,,0.0,0.0,0.0,0.0,0.0
2025-03-14_PHX_SAC,2025-03-14,PHX,SAC,,,,,,,N/A,N/A,122,122,HOME,,2025-11-26 19:08:55,41.0,79.0,24.0,11.0,7.0,27.0,19.0,16.0,33.0,12.0,3.0,,122.0,0.0,0.0,0.0,0.0,0.0,0.0,0.0,0.0,0.0,0.0,0.0,,0.0,0.0,0.0,0.0,0.0
2025-03-10_MEM_PHX,2025-03-10,MEM,PHX,,,,,,,N/A,N/A,118,118,HOME,,2025-11-26 19:08:55,0.0,0.0,0.0,0.0,0.0,0.0,0.0,0.0,0.0,0.0,0.0,,0.0,41.0,90.0,20.0,16.0,15.0,31.0,22.0,16.0,31.0,6.0,2.0,,118.0,0.0,0.0,0.0,0.0
2025-02-25_MEM_PHX,2025-02-25,MEM,PHX,,,,,,,N/A,N/A,148,148,HOME,,2025-11-26 19:08:55,0.0,0.0,0.0,0.0,0.0,0.0,0.0,0.0,0.0,0.0,0.0,,0.0,53.0,99.0,21.0,16.0,8.0,38.0,26.0,21.0,39.0,6.0,6.0,,148.0,0.0,0.0,0.0,0.0
2025-02-23_TOR_PHX,2025-02-23,TOR,PHX,,,,,,,N/A,N/A,109,109,HOME,,2025-11-26 19:08:55,0.0,0.0,0.0,0.0,0.0,0.0,0.0,0.0,0.0,0.0,0.0,,0.0,43.0,85.0,7.0,11.0,4.0,33.0,22.0,16.0,22.0,9.0,7.0,,109.0,0.0,0.0,0.0,0.0
2025-02-20_SAS_PHX,2025-02-20,SAS,PHX,,,,,,,N/A,N/A,109,109,HOME,,2025-11-26 19:08:55,0.0,0.0,0.0,0.0,0.0,0.0,0.0,0.0,0.0,0.0,0.0,,0.0,38.0,81.0,16.0,18.0,5.0,34.0,20.0,17.0,28.0,6.0,4.0,,109.0,0.0,0.0,0.0,0.0
2025-02-11_PHX_MEM,2025-02-11,PHX,MEM,,,,,,,N/A,N/A,112,112,AWAY,,2025-11-26 19:08:55,41.0,92.0,12.0,11.0,7.0,35.0,22.0,18.0,35.0,8.0,9.0,,112.0,0.0,0.0,0.0,0.0,0.0,0.0,0.0,0.0,0.0,0.0,0.0,,0.0,0.0,0.0,0.0,0.0
2025-02-07_PHX_UTA,2025-02-07,PHX,UTA,,,,,,,N/A,N/A,135,135,HOME,,2025-11-26 19:08:55,47.0,104.0,22.0,7.0,12.0,37.0,21.0,19.0,31.0,6.0,15.0,,135.0,0.0,0.0,0.0,0.0,0.0,0.0,0.0,0.0,0.0,0.0,0.0,,0.0,0.0,0.0,0.0,0.0
2025-02-05_OKC_PHX,2025-02-05,OKC,PHX,,,,,,,N/A,N/A,109,109,HOME,,2025-11-26 19:08:55,0.0,0.0,0.0,0.0,0.0,0.0,0.0,0.0,0.0,0.0,0.0,,0.0,33.0,70.0,14.0,18.0,3.0,32.0,33.0,29.0,24.0,3.0,2.0,,109.0,0.0,0.0,0.0,0.0
2025-02-03_POR_PHX,2025-02-03,POR,PHX,,,,,,,N/A,N/A,119,119,HOME,,2025-11-26 19:08:55,0.0,0.0,0.0,0.0,0.0,0.0,0.0,0.0,0.0,0.0,0.0,,0.0,40.0,85.0,15.0,14.0,10.0,33.0,28.0,24.0,28.0,12.0,5.0,,119.0,0.0,0.0,0.0,0.0
2025-02-01_POR_PHX,2025-02-01,POR,PHX,,,,,,,N/A,N/A,108,108,HOME,,2025-11-26 19:08:55,0.0,0.0,0.0,0.0,0.0,0.0,0.0,0.0,0.0,0.0,0.0,,0.0,38.0,84.0,10.0,18.0,11.0,26.0,26.0,22.0,21.0,5.0,2.0,,108.0,0.0,0.0,0.0,0.0
2025-01-25_PHX_WAS,2025-01-25,PHX,WAS,,,,,,,N/A,N/A,119,119,HOME,,2025-11-26 19:08:55,40.0,90.0,13.0,10.0,12.0,41.0,28.0,26.0,23.0,4.0,4.0,,119.0,0.0,0.0,0.0,0.0,0.0,0.0,0.0,0.0,0.0,0.0,0.0,,0.0,0.0,0.0,0.0,0.0
2025-01-18_DET_PHX,2025-01-18,DET,PHX,,,,,,,N/A,N/A,125,125,AWAY,,2025-11-26 19:08:55,0.0,0.0,0.0,0.0,0.0,0.0,0.0,0.0,0.0,0.0,0.0,,0.0,43.0,86.0,7.0,9.0,13.0,37.0,40.0,32.0,25.0,6.0,3.0,,125.0,0.0,0.0,0.0,0.0
2025-01-16_WAS_PHX,2025-01-16,WAS,PHX,,,,,,,N/A,N/A,130,130,AWAY,,2025-11-26 19:08:55,0.0,0.0,0.0,0.0,0.0,0.0,0.0,0.0,0.0,0.0,0.0,,0.0,44.0,85.0,16.0,16.0,10.0,37.0,31.0,26.0,33.0,10.0,4.0,,130.0,0.0,0.0,0.0,0.0
2025-01-12_PHX_CHA,2025-01-12,PHX,CHA,,,,,,,N/A,N/A,120,120,HOME,,2025-11-26 19:08:55,42.0,87.0,17.0,12.0,8.0,31.0,22.0,19.0,31.0,9.0,6.0,,120.0,0.0,0.0,0.0,0.0,0.0,0.0,0.0,0.0,0.0,0.0,0.0,,0.0,0.0,0.0,0.0,0.0
2025-01-11_PHX_UTA,2025-01-11,PHX,UTA,,,,,,,N/A,N/A,114,114,HOME,,2025-11-26 19:08:55,44.0,86.0,13.0,11.0,12.0,26.0,19.0,13.0,26.0,9.0,4.0,,114.0,0.0,0.0,0.0,0.0,0.0,0.0,0.0,0.0,0.0,0.0,0.0,,0.0,0.0,0.0,0.0,0.0
2025-01-07_CHA_PHX,2025-01-07,CHA,PHX,,,,,,,N/A,N/A,104,104,HOME,,2025-11-26 19:08:55,0.0,0.0,0.0,0.0,0.0,0.0,0.0,0.0,0.0,0.0,0.0,,0.0,39.0,92.0,8.0,11.0,8.0,34.0,19.0,18.0,27.0,3.0,4.0,,104.0,0.0,0.0,0.0,0.0
2024-12-31_PHX_MEM,2024-12-31,PHX,MEM,,,,,,,N/A,N/A,112,112,AWAY,,2025-11-26 19:08:55,42.0,92.0,9.0,17.0,10.0,33.0,25.0,19.0,28.0,9.0,10.0,,112.0,0.0,0.0,0.0,0.0,0.0,0.0,0.0,0.0,0.0,0.0,0.0,,0.0,0.0,0.0,0.0,0.0
2024-12-21_PHX_DET,2024-12-21,PHX,DET,,,,,,,N/A,N/A,125,125,AWAY,,2025-11-26 19:08:55,45.0,78.0,14.0,19.0,6.0,29.0,23.0,21.0,30.0,9.0,1.0,,125.0,0.0,0.0,0.0,0.0,0.0,0.0,0.0,0.0,0.0,0.0,0.0,,0.0,0.0,0.0,0.0,0.0
2024-12-15_PHX_POR,2024-12-15,PHX,POR,,,,,,,N/A,N/A,116,116,HOME,,2025-11-26 19:08:55,43.0,89.0,15.0,11.0,12.0,34.0,19.0,15.0,23.0,7.0,2.0,,116.0,0.0,0.0,0.0,0.0,0.0,0.0,0.0,0.0,0.0,0.0,0.0,,0.0,0.0,0.0,0.0,0.0
2024-12-13_UTA_PHX,2024-12-13,UTA,PHX,,,,,,,N/A,N/A,134,134,AWAY,,2025-11-26 19:08:55,0.0,0.0,0.0,0.0,0.0,0.0,0.0,0.0,0.0,0.0,0.0,,0.0,47.0,89.0,22.0,7.0,9.0,28.0,20.0,18.0,36.0,10.0,7.0,,134.0,0.0,0.0,0.0,0.0
2024-12-03_PHX_SAS,2024-12-03,PHX,SAS,,,,,,,N/A,N/A,104,104,HOME,,2025-11-26 19:08:55,38.0,78.0,11.0,12.0,2.0,42.0,21.0,17.0,26.0,10.0,5.0,,104.0,0.0,0.0,0.0,0.0,0.0,0.0,0.0,0.0,0.0,0.0,0.0,,0.0,0.0,0.0,0.0,0.0
2024-11-15_OKC_PHX,2024-11-15,OKC,PHX,,,,,,,N/A,N/A,83,83,HOME,,2025-11-26 19:08:55,0.0,0.0,0.0,0.0,0.0,0.0,0.0,0.0,0.0,0.0,0.0,,0.0,22.0,75.0,9.0,14.0,11.0,39.0,40.0,30.0,17.0,6.0,4.0,,83.0,0.0,0.0,0.0,0.0
2024-11-13_SAC_PHX,2024-11-13,SAC,PHX,,,,,,,N/A,N/A,104,104,HOME,,2025-11-26 19:08:55,0.0,0.0,0.0,0.0,0.0,0.0,0.0,0.0,0.0,0.0,0.0,,0.0,36.0,97.0,13.0,10.0,19.0,21.0,26.0,19.0,23.0,12.0,2.0,,104.0,0.0,0.0,0.0,0.0
2024-11-12_UTA_PHX,2024-11-12,UTA,PHX,,,,,,,N/A,N/A,120,120,AWAY,,2025-11-26 19:08:55,0.0,0.0,0.0,0.0,0.0,0.0,0.0,0.0,0.0,0.0,0.0,,0.0,43.0,86.0,18.0,8.0,10.0,32.0,22.0,16.0,21.0,6.0,11.0,,120.0,0.0,0.0,0.0,0.0
2024-11-10_PHX_SAC,2024-11-10,PHX,SAC,,,,,,,N/A,N/A,118,118,AWAY,,2025-11-26 19:08:55,44.0,105.0,18.0,11.0,8.0,40.0,15.0,12.0,30.0,11.0,3.0,,118.0,0.0,0.0,0.0,0.0,0.0,0.0,0.0,0.0,0.0,0.0,0.0,,0.0,0.0,0.0,0.0,0.0
2024-11-02_PHX_POR,2024-11-02,PHX,POR,,,,,,,N/A,N/A,103,103,HOME,,2025-11-26 19:08:55,35.0,93.0,17.0,12.0,13.0,50.0,22.0,16.0,29.0,4.0,8.0,,103.0,0.0,0.0,0.0,0.0,0.0,0.0,0.0,0.0,0.0,0.0,0.0,,0.0,0.0,0.0,0.0,0.0
2025-04-09_UTA_POR,2025-04-09,UTA,POR,,,,,,,N/A,N/A,126,126,HOME,,2025-11-26 19:08:57,0.0,0.0,0.0,0.0,0.0,0.0,0.0,0.0,0.0,0.0,0.0,,0.0,48.0,104.0,11.0,16.0,14.0,29.0,28.0,19.0,27.0,13.0,5.0,,126.0,0.0,0.0,0.0,0.0
2025-04-06_POR_SAS,2025-04-06,POR,SAS,,,,,,,N/A,N/A,120,120,HOME,,2025-11-26 19:08:57,42.0,89.0,15.0,15.0,8.0,36.0,27.0,21.0,25.0,10.0,5.0,,120.0,0.0,0.0,0.0,0.0,0.0,0.0,0.0,0.0,0.0,0.0,0.0,,0.0,0.0,0.0,0.0,0.0
2025-04-03_TOR_POR,2025-04-03,TOR,POR,,,,,,,N/A,N/A,112,112,AWAY,,2025-11-26 19:08:57,0.0,0.0,0.0,0.0,0.0,0.0,0.0,0.0,0.0,0.0,0.0,,0.0,42.0,86.0,10.0,20.0,17.0,37.0,20.0,18.0,20.0,10.0,6.0,,112.0,0.0,0.0,0.0,0.0
2025-03-27_SAC_POR,2025-03-27,SAC,POR,,,,,,,N/A,N/A,107,107,HOME,,2025-11-26 19:08:57,0.0,0.0,0.0,0.0,0.0,0.0,0.0,0.0,0.0,0.0,0.0,,0.0,35.0,88.0,16.0,10.0,15.0,17.0,26.0,21.0,23.0,11.0,3.0,,107.0,0.0,0.0,0.0,0.0
2025-03-19_POR_MEM,2025-03-19,POR,MEM,,,,,,,N/A,N/A,115,115,HOME,,2025-11-26 19:08:57,40.0,96.0,18.0,17.0,22.0,43.0,21.0,17.0,25.0,3.0,6.0,,115.0,0.0,0.0,0.0,0.0,0.0,0.0,0.0,0.0,0.0,0.0,0.0,,0.0,0.0,0.0,0.0,0.0
2025-03-17_POR_WAS,2025-03-17,POR,WAS,,,,,,,N/A,N/A,112,112,HOME,,2025-11-26 19:08:57,42.0,99.0,15.0,8.0,14.0,36.0,19.0,13.0,25.0,15.0,3.0,,112.0,0.0,0.0,0.0,0.0,0.0,0.0,0.0,0.0,0.0,0.0,0.0,,0.0,0.0,0.0,0.0,0.0
2025-03-16_POR_TOR,2025-03-16,POR,TOR,,,,,,,N/A,N/A,105,105,HOME,,2025-11-26 19:08:57,36.0,88.0,18.0,20.0,19.0,32.0,18.0,15.0,21.0,10.0,7.0,,105.0,0.0,0.0,0.0,0.0,0.0,0.0,0.0,0.0,0.0,0.0,0.0,,0.0,0.0,0.0,0.0,0.0
2025-03-09_POR_DET,2025-03-09,POR,DET,,,,,,,N/A,N/A,112,112,AWAY,,2025-11-26 19:08:57,36.0,93.0,15.0,12.0,10.0,31.0,32.0,25.0,17.0,7.0,4.0,,112.0,0.0,0.0,0.0,0.0,0.0,0.0,0.0,0.0,0.0,0.0,0.0,,0.0,0.0,0.0,0.0,0.0
2025-03-07_OKC_POR,2025-03-07,OKC,POR,,,,,,,N/A,N/A,89,89,HOME,,2025-11-26 19:08:57,0.0,0.0,0.0,0.0,0.0,0.0,0.0,0.0,0.0,0.0,0.0,,0.0,33.0,95.0,8.0,17.0,14.0,39.0,18.0,15.0,15.0,6.0,4.0,,89.0,0.0,0.0,0.0,0.0
2025-02-26_WAS_POR,2025-02-26,WAS,POR,,,,,,,N/A,N/A,129,129,AWAY,,2025-11-26 19:08:57,0.0,0.0,0.0,0.0,0.0,0.0,0.0,0.0,0.0,0.0,0.0,,0.0,45.0,101.0,12.0,15.0,17.0,29.0,35.0,27.0,27.0,11.0,4.0,,129.0,0.0,0.0,0.0,0.0
2025-02-24_UTA_POR,2025-02-24,UTA,POR,,,,,,,N/A,N/A,114,114,AWAY,,2025-11-26 19:08:57,0.0,0.0,0.0,0.0,0.0,0.0,0.0,0.0,0.0,0.0,0.0,,0.0,41.0,98.0,14.0,13.0,16.0,35.0,24.0,18.0,26.0,7.0,6.0,,114.0,0.0,0.0,0.0,0.0
2025-02-22_POR_CHA,2025-02-22,POR,CHA,,,,,,,N/A,N/A,141,141,HOME,,2025-11-26 19:08:57,51.0,87.0,20.0,18.0,11.0,46.0,27.0,19.0,37.0,11.0,7.0,,141.0,0.0,0.0,0.0,0.0,0.0,0.0,0.0,0.0,0.0,0.0,0.0,,0.0,0.0,0.0,0.0,0.0
2025-02-06_POR_SAC,2025-02-06,POR,SAC,,,,,,,N/A,N/A,108,108,HOME,,2025-11-26 19:08:57,39.0,90.0,16.0,13.0,10.0,37.0,18.0,14.0,25.0,5.0,7.0,,108.0,0.0,0.0,0.0,0.0,0.0,0.0,0.0,0.0,0.0,0.0,0.0,,0.0,0.0,0.0,0.0,0.0
2025-01-26_POR_OKC,2025-01-26,POR,OKC,,,,,,,N/A,N/A,108,108,AWAY,,2025-11-26 19:08:57,33.0,81.0,18.0,15.0,13.0,31.0,28.0,24.0,21.0,2.0,6.0,,108.0,0.0,0.0,0.0,0.0,0.0,0.0,0.0,0.0,0.0,0.0,0.0,,0.0,0.0,0.0,0.0,0.0
2025-01-24_CHA_POR,2025-01-24,CHA,POR,,,,,,,N/A,N/A,102,102,AWAY,,2025-11-26 19:08:57,0.0,0.0,0.0,0.0,0.0,0.0,0.0,0.0,0.0,0.0,0.0,,0.0,32.0,79.0,11.0,16.0,15.0,32.0,39.0,27.0,17.0,12.0,6.0,,102.0,0.0,0.0,0.0,0.0
2025-01-06_DET_POR,2025-01-06,DET,POR,,,,,,,N/A,N/A,115,115,HOME,,2025-11-26 19:08:57,0.0,0.0,0.0,0.0,0.0,0.0,0.0,0.0,0.0,0.0,0.0,,0.0,48.0,90.0,16.0,16.0,7.0,31.0,5.0,3.0,32.0,6.0,4.0,,115.0,0.0,0.0,0.0,0.0
2024-12-26_POR_UTA,2024-12-26,POR,UTA,,,,,,,N/A,N/A,122,122,HOME,,2025-11-26 19:08:57,45.0,89.0,15.0,11.0,9.0,34.0,22.0,17.0,26.0,10.0,8.0,,122.0,0.0,0.0,0.0,0.0,0.0,0.0,0.0,0.0,0.0,0.0,0.0,,0.0,0.0,0.0,0.0,0.0
2024-12-21_SAS_POR,2024-12-21,SAS,POR,,,,,,,N/A,N/A,94,94,HOME,,2025-11-26 19:08:57,0.0,0.0,0.0,0.0,0.0,0.0,0.0,0.0,0.0,0.0,0.0,,0.0,38.0,96.0,12.0,13.0,11.0,33.0,9.0,6.0,21.0,8.0,3.0,,94.0,0.0,0.0,0.0,0.0
2024-12-13_POR_SAS,2024-12-13,POR,SAS,,,,,,,N/A,N/A,116,116,AWAY,,2025-11-26 19:08:57,42.0,82.0,16.0,13.0,8.0,28.0,17.0,16.0,25.0,9.0,5.0,,116.0,0.0,0.0,0.0,0.0,0.0,0.0,0.0,0.0,0.0,0.0,0.0,,0.0,0.0,0.0,0.0,0.0
2024-12-06_POR_UTA,2024-12-06,POR,UTA,,,,,,,N/A,N/A,99,99,AWAY,,2025-11-26 19:08:57,37.0,95.0,14.0,10.0,6.0,28.0,17.0,11.0,23.0,4.0,7.0,,99.0,0.0,0.0,0.0,0.0,0.0,0.0,0.0,0.0,0.0,0.0,0.0,,0.0,0.0,0.0,0.0,0.0
2024-11-29_POR_SAC,2024-11-29,POR,SAC,,,,,,,N/A,N/A,115,115,HOME,,2025-11-26 19:08:57,46.0,90.0,11.0,11.0,8.0,32.0,15.0,12.0,27.0,10.0,3.0,,115.0,0.0,0.0,0.0,0.0,0.0,0.0,0.0,0.0,0.0,0.0,0.0,,0.0,0.0,0.0,0.0,0.0
2024-11-25_MEM_POR,2024-11-25,MEM,POR,,,,,,,N/A,N/A,98,98,HOME,,2025-11-26 19:08:57,0.0,0.0,0.0,0.0,0.0,0.0,0.0,0.0,0.0,0.0,0.0,,0.0,34.0,102.0,8.0,11.0,19.0,25.0,28.0,22.0,22.0,10.0,7.0,,98.0,0.0,0.0,0.0,0.0
2024-11-20_OKC_POR,2024-11-20,OKC,POR,,,,,,,N/A,N/A,99,99,HOME,,2025-11-26 19:08:57,0.0,0.0,0.0,0.0,0.0,0.0,0.0,0.0,0.0,0.0,0.0,,0.0,32.0,79.0,15.0,22.0,16.0,33.0,28.0,20.0,18.0,6.0,7.0,,99.0,0.0,0.0,0.0,0.0
2024-11-10_POR_MEM,2024-11-10,POR,MEM,,,,,,,N/A,N/A,89,89,AWAY,,2025-11-26 19:08:57,34.0,100.0,4.0,23.0,16.0,27.0,21.0,17.0,18.0,9.0,3.0,,89.0,0.0,0.0,0.0,0.0,0.0,0.0,0.0,0.0,0.0,0.0,0.0,,0.0,0.0,0.0,0.0,0.0
2024-11-07_SAS_POR,2024-11-07,SAS,POR,,,,,,,N/A,N/A,105,105,HOME,,2025-11-26 19:08:57,0.0,0.0,0.0,0.0,0.0,0.0,0.0,0.0,0.0,0.0,0.0,,0.0,41.0,86.0,9.0,14.0,14.0,27.0,22.0,14.0,23.0,7.0,3.0,,105.0,0.0,0.0,0.0,0.0
2024-11-01_POR_OKC,2024-11-01,POR,OKC,,,,,,,N/A,N/A,114,114,AWAY,,2025-11-26 19:08:57,39.0,83.0,15.0,19.0,11.0,25.0,31.0,21.0,27.0,8.0,5.0,,114.0,0.0,0.0,0.0,0.0,0.0,0.0,0.0,0.0,0.0,0.0,0.0,,0.0,0.0,0.0,0.0,0.0
2024-10-28_SAC_POR,2024-10-28,SAC,POR,,,,,,,N/A,N/A,98,98,HOME,,2025-11-26 19:08:57,0.0,0.0,0.0,0.0,0.0,0.0,0.0,0.0,0.0,0.0,0.0,,0.0,35.0,83.0,4.0,17.0,12.0,34.0,30.0,24.0,17.0,5.0,4.0,,98.0,0.0,0.0,0.0,0.0
2025-04-07_DET_SAC,2025-04-07,DET,SAC,,,,,,,N/A,N/A,127,127,AWAY,,2025-11-26 19:08:58,0.0,0.0,0.0,0.0,0.0,0.0,0.0,0.0,0.0,0.0,0.0,,0.0,47.0,91.0,11.0,10.0,18.0,32.0,27.0,22.0,20.0,5.0,4.0,,127.0,0.0,0.0,0.0,0.0
2025-04-04_CHA_SAC,2025-04-04,CHA,SAC,,,,,,,N/A,N/A,125,125,AWAY,,2025-11-26 19:08:58,0.0,0.0,0.0,0.0,0.0,0.0,0.0,0.0,0.0,0.0,0.0,,0.0,45.0,91.0,16.0,6.0,10.0,34.0,23.0,19.0,26.0,4.0,3.0,,125.0,0.0,0.0,0.0,0.0
2025-04-02_WAS_SAC,2025-04-02,WAS,SAC,,,,,,,N/A,N/A,111,111,HOME,,2025-11-26 19:08:58,0.0,0.0,0.0,0.0,0.0,0.0,0.0,0.0,0.0,0.0,0.0,,0.0,40.0,95.0,10.0,11.0,17.0,31.0,28.0,21.0,25.0,10.0,3.0,,111.0,0.0,0.0,0.0,0.0
2025-03-25_SAC_OKC,2025-03-25,SAC,OKC,,,,,,,N/A,N/A,105,105,AWAY,,2025-11-26 19:08:58,37.0,91.0,23.0,11.0,5.0,31.0,12.0,8.0,32.0,10.0,7.0,,105.0,0.0,0.0,0.0,0.0,0.0,0.0,0.0,0.0,0.0,0.0,0.0,,0.0,0.0,0.0,0.0,0.0
2025-03-17_SAC_MEM,2025-03-17,SAC,MEM,,,,,,,N/A,N/A,132,132,HOME,,2025-11-26 19:08:58,46.0,88.0,20.0,12.0,10.0,28.0,30.0,20.0,35.0,11.0,7.0,,132.0,0.0,0.0,0.0,0.0,0.0,0.0,0.0,0.0,0.0,0.0,0.0,,0.0,0.0,0.0,0.0,0.0
2025-03-07_SAC_SAS,2025-03-07,SAC,SAS,,,,,,,N/A,N/A,127,127,HOME,,2025-11-26 19:08:58,49.0,96.0,17.0,8.0,16.0,35.0,19.0,12.0,31.0,6.0,4.0,,127.0,0.0,0.0,0.0,0.0,0.0,0.0,0.0,0.0,0.0,0.0,0.0,,0.0,0.0,0.0,0.0,0.0
2025-02-26_UTA_SAC,2025-02-26,UTA,SAC,,,,,,,N/A,N/A,118,118,AWAY,,2025-11-26 19:08:58,0.0,0.0,0.0,0.0,0.0,0.0,0.0,0.0,0.0,0.0,0.0,,0.0,46.0,87.0,15.0,12.0,7.0,40.0,12.0,11.0,28.0,6.0,7.0,,118.0,0.0,0.0,0.0,0.0
2025-02-24_SAC_CHA,2025-02-24,SAC,CHA,,,,,,,N/A,N/A,130,130,HOME,,2025-11-26 19:08:58,47.0,87.0,20.0,18.0,11.0,38.0,18.0,16.0,30.0,12.0,4.0,,130.0,0.0,0.0,0.0,0.0,0.0,0.0,0.0,0.0,0.0,0.0,0.0,,0.0,0.0,0.0,0.0,0.0
2025-02-01_OKC_SAC,2025-02-01,OKC,SAC,,,,,,,N/A,N/A,110,110,HOME,,2025-11-26 19:08:58,0.0,0.0,0.0,0.0,0.0,0.0,0.0,0.0,0.0,0.0,0.0,,0.0,40.0,100.0,11.0,7.0,9.0,28.0,26.0,19.0,25.0,8.0,5.0,,110.0,0.0,0.0,0.0,0.0
2025-01-19_SAC_WAS,2025-01-19,SAC,WAS,,,,,,,N/A,N/A,123,123,HOME,,2025-11-26 19:08:58,46.0,95.0,12.0,11.0,10.0,41.0,24.0,19.0,28.0,12.0,4.0,,123.0,0.0,0.0,0.0,0.0,0.0,0.0,0.0,0.0,0.0,0.0,0.0,,0.0,0.0,0.0,0.0,0.0
2025-01-03_SAC_MEM,2025-01-03,SAC,MEM,,,,,,,N/A,N/A,138,138,HOME,,2025-11-26 19:08:58,49.0,99.0,21.0,9.0,10.0,27.0,23.0,19.0,32.0,10.0,8.0,,138.0,0.0,0.0,0.0,0.0,0.0,0.0,0.0,0.0,0.0,0.0,0.0,,0.0,0.0,0.0,0.0,0.0
2024-12-26_SAC_DET,2024-12-26,SAC,DET,,,,,,,N/A,N/A,113,113,AWAY,,2025-11-26 19:08:58,39.0,82.0,14.0,14.0,8.0,36.0,26.0,21.0,20.0,3.0,6.0,,113.0,0.0,0.0,0.0,0.0,0.0,0.0,0.0,0.0,0.0,0.0,0.0,,0.0,0.0,0.0,0.0,0.0
2024-12-08_SAC_UTA,2024-12-08,SAC,UTA,,,,,,,N/A,N/A,141,141,HOME,,2025-11-26 19:08:58,57.0,100.0,22.0,8.0,9.0,34.0,8.0,5.0,39.0,10.0,7.0,,141.0,0.0,0.0,0.0,0.0,0.0,0.0,0.0,0.0,0.0,0.0,0.0,,0.0,0.0,0.0,0.0,0.0
2024-12-06_SAS_SAC,2024-12-06,SAS,SAC,,,,,,,N/A,N/A,140,140,AWAY,,2025-11-26 19:08:58,0.0,0.0,0.0,0.0,0.0,0.0,0.0,0.0,0.0,0.0,0.0,,0.0,51.0,90.0,16.0,11.0,7.0,37.0,24.0,22.0,33.0,7.0,6.0,,140.0,0.0,0.0,0.0,0.0
2024-12-05_MEM_SAC,2024-12-05,MEM,SAC,,,,,,,N/A,N/A,110,110,HOME,,2025-11-26 19:08:58,0.0,0.0,0.0,0.0,0.0,0.0,0.0,0.0,0.0,0.0,0.0,,0.0,39.0,98.0,8.0,13.0,14.0,32.0,28.0,24.0,19.0,11.0,1.0,,110.0,0.0,0.0,0.0,0.0
2024-12-01_SAC_SAS,2024-12-01,SAC,SAS,,,,,,,N/A,N/A,125,125,AWAY,,2025-11-26 19:08:58,47.0,101.0,12.0,10.0,21.0,30.0,24.0,19.0,32.0,8.0,5.0,,125.0,0.0,0.0,0.0,0.0,0.0,0.0,0.0,0.0,0.0,0.0,0.0,,0.0,0.0,0.0,0.0,0.0
2024-11-25_SAC_OKC,2024-11-25,SAC,OKC,,,,,,,N/A,N/A,109,109,AWAY,,2025-11-26 19:08:58,42.0,87.0,8.0,12.0,9.0,22.0,23.0,17.0,24.0,10.0,4.0,,109.0,0.0,0.0,0.0,0.0,0.0,0.0,0.0,0.0,0.0,0.0,0.0,,0.0,0.0,0.0,0.0,0.0
2024-11-16_SAC_UTA,2024-11-16,SAC,UTA,,,,,,,N/A,N/A,121,121,HOME,,2025-11-26 19:08:58,42.0,83.0,19.0,14.0,9.0,26.0,25.0,18.0,24.0,6.0,3.0,,121.0,0.0,0.0,0.0,0.0,0.0,0.0,0.0,0.0,0.0,0.0,0.0,,0.0,0.0,0.0,0.0,0.0
2024-11-11_SAS_SAC,2024-11-11,SAS,SAC,,,,,,,N/A,N/A,96,96,HOME,,2025-11-26 19:08:58,0.0,0.0,0.0,0.0,0.0,0.0,0.0,0.0,0.0,0.0,0.0,,0.0,39.0,91.0,10.0,11.0,9.0,28.0,9.0,8.0,18.0,11.0,4.0,,96.0,0.0,0.0,0.0,0.0
2024-11-06_SAC_TOR,2024-11-06,SAC,TOR,,,,,,,N/A,N/A,122,122,HOME,,2025-11-26 19:08:58,42.0,90.0,10.0,9.0,15.0,32.0,32.0,28.0,26.0,7.0,5.0,,122.0,0.0,0.0,0.0,0.0,0.0,0.0,0.0,0.0,0.0,0.0,0.0,,0.0,0.0,0.0,0.0,0.0
2024-11-02_TOR_SAC,2024-11-02,TOR,SAC,,,,,,,N/A,N/A,128,128,HOME,,2025-11-26 19:08:58,0.0,0.0,0.0,0.0,0.0,0.0,0.0,0.0,0.0,0.0,0.0,,0.0,46.0,100.0,10.0,18.0,15.0,34.0,32.0,26.0,21.0,16.0,3.0,,128.0,0.0,0.0,0.0,0.0
2024-10-29_UTA_SAC,2024-10-29,UTA,SAC,,,,,,,N/A,N/A,113,113,AWAY,,2025-11-26 19:08:58,0.0,0.0,0.0,0.0,0.0,0.0,0.0,0.0,0.0,0.0,0.0,,0.0,48.0,92.0,8.0,11.0,9.0,40.0,14.0,9.0,26.0,9.0,9.0,,113.0,0.0,0.0,0.0,0.0
2025-04-13_SAS_TOR,2025-04-13,SAS,TOR,,,,,,,N/A,N/A,125,125,HOME,,2025-11-26 19:08:59,43.0,84.0,11.0,12.0,9.0,41.0,32.0,28.0,22.0,11.0,2.0,,125.0,0.0,0.0,0.0,0.0,0.0,0.0,0.0,0.0,0.0,0.0,0.0,,0.0,0.0,0.0,0.0,0.0
2025-03-25_DET_SAS,2025-03-25,DET,SAS,,,,,,,N/A,N/A,96,96,HOME,,2025-11-26 19:08:59,0.0,0.0,0.0,0.0,0.0,0.0,0.0,0.0,0.0,0.0,0.0,,0.0,33.0,91.0,14.0,10.0,16.0,25.0,20.0,16.0,21.0,7.0,2.0,,96.0,0.0,0.0,0.0,0.0
2025-03-23_TOR_SAS,2025-03-23,TOR,SAS,,,,,,,N/A,N/A,123,123,AWAY,,2025-11-26 19:08:59,0.0,0.0,0.0,0.0,0.0,0.0,0.0,0.0,0.0,0.0,0.0,,0.0,41.0,86.0,14.0,14.0,13.0,33.0,32.0,27.0,27.0,15.0,6.0,,123.0,0.0,0.0,0.0,0.0
2025-03-14_SAS_CHA,2025-03-14,SAS,CHA,,,,,,,N/A,N/A,134,134,AWAY,,2025-11-26 19:08:59,48.0,95.0,21.0,13.0,17.0,19.0,22.0,17.0,27.0,14.0,5.0,,134.0,0.0,0.0,0.0,0.0,0.0,0.0,0.0,0.0,0.0,0.0,0.0,,0.0,0.0,0.0,0.0,0.0
2025-03-02_SAS_OKC,2025-03-02,SAS,OKC,,,,,,,N/A,N/A,132,132,AWAY,,2025-11-26 19:08:59,51.0,91.0,18.0,12.0,6.0,29.0,16.0,12.0,36.0,2.0,3.0,,132.0,0.0,0.0,0.0,0.0,0.0,0.0,0.0,0.0,0.0,0.0,0.0,,0.0,0.0,0.0,0.0,0.0
2025-03-01_MEM_SAS,2025-03-01,MEM,SAS,,,,,,,N/A,N/A,130,130,AWAY,,2025-11-26 19:08:59,0.0,0.0,0.0,0.0,0.0,0.0,0.0,0.0,0.0,0.0,0.0,,0.0,50.0,96.0,14.0,11.0,13.0,29.0,22.0,16.0,33.0,8.0,4.0,,130.0,0.0,0.0,0.0,0.0
2025-02-21_SAS_DET,2025-02-21,SAS,DET,,,,,,,N/A,N/A,110,110,AWAY,,2025-11-26 19:08:59,43.0,84.0,10.0,15.0,8.0,24.0,22.0,14.0,27.0,12.0,5.0,,110.0,0.0,0.0,0.0,0.0,0.0,0.0,0.0,0.0,0.0,0.0,0.0,,0.0,0.0,0.0,0.0,0.0
2025-02-10_WAS_SAS,2025-02-10,WAS,SAS,,,,,,,N/A,N/A,131,131,AWAY,,2025-11-26 19:08:59,0.0,0.0,0.0,0.0,0.0,0.0,0.0,0.0,0.0,0.0,0.0,,0.0,45.0,88.0,17.0,11.0,11.0,32.0,29.0,24.0,28.0,11.0,4.0,,131.0,0.0,0.0,0.0,0.0
2025-02-07_CHA_SAS,2025-02-07,CHA,SAS,,,,,,,N/A,N/A,116,116,HOME,,2025-11-26 19:08:59,0.0,0.0,0.0,0.0,0.0,0.0,0.0,0.0,0.0,0.0,0.0,,0.0,42.0,92.0,12.0,8.0,13.0,25.0,24.0,20.0,25.0,8.0,5.0,,116.0,0.0,0.0,0.0,0.0
2025-02-03_MEM_SAS,2025-02-03,MEM,SAS,,,,,,,N/A,N/A,109,109,HOME,,2025-11-26 19:08:59,0.0,0.0,0.0,0.0,0.0,0.0,0.0,0.0,0.0,0.0,0.0,,0.0,41.0,91.0,12.0,23.0,9.0,39.0,20.0,15.0,31.0,8.0,2.0,,109.0,0.0,0.0,0.0,0.0
2025-01-17_SAS_MEM,2025-01-17,SAS,MEM,,,,,,,N/A,N/A,112,112,AWAY,,2025-11-26 19:08:59,40.0,84.0,13.0,17.0,10.0,30.0,23.0,19.0,29.0,4.0,8.0,,112.0,0.0,0.0,0.0,0.0,0.0,0.0,0.0,0.0,0.0,0.0,0.0,,0.0,0.0,0.0,0.0,0.0
2025-01-15_SAS_MEM,2025-01-15,SAS,MEM,,,,,,,N/A,N/A,115,115,AWAY,,2025-11-26 19:08:59,40.0,89.0,16.0,11.0,7.0,37.0,27.0,19.0,22.0,5.0,11.0,,115.0,0.0,0.0,0.0,0.0,0.0,0.0,0.0,0.0,0.0,0.0,0.0,,0.0,0.0,0.0,0.0,0.0
2024-11-26_UTA_SAS,2024-11-26,UTA,SAS,,,,,,,N/A,N/A,128,128,AWAY,,2025-11-26 19:08:59,0.0,0.0,0.0,0.0,0.0,0.0,0.0,0.0,0.0,0.0,0.0,,0.0,45.0,93.0,18.0,10.0,13.0,26.0,26.0,20.0,30.0,12.0,5.0,,128.0,0.0,0.0,0.0,0.0
2024-11-21_SAS_UTA,2024-11-21,SAS,UTA,,,,,,,N/A,N/A,126,126,HOME,,2025-11-26 19:08:59,41.0,88.0,9.0,11.0,11.0,40.0,46.0,35.0,32.0,8.0,9.0,,126.0,0.0,0.0,0.0,0.0,0.0,0.0,0.0,0.0,0.0,0.0,0.0,,0.0,0.0,0.0,0.0,0.0
2024-11-19_SAS_OKC,2024-11-19,SAS,OKC,,,,,,,N/A,N/A,110,110,HOME,,2025-11-26 19:08:59,39.0,83.0,19.0,21.0,8.0,38.0,19.0,13.0,32.0,5.0,5.0,,110.0,0.0,0.0,0.0,0.0,0.0,0.0,0.0,0.0,0.0,0.0,0.0,,0.0,0.0,0.0,0.0,0.0
2024-11-13_SAS_WAS,2024-11-13,SAS,WAS,,,,,,,N/A,N/A,139,139,HOME,,2025-11-26 19:08:59,48.0,92.0,18.0,9.0,8.0,31.0,32.0,25.0,38.0,7.0,7.0,,139.0,0.0,0.0,0.0,0.0,0.0,0.0,0.0,0.0,0.0,0.0,0.0,,0.0,0.0,0.0,0.0,0.0
2024-11-09_SAS_UTA,2024-11-09,SAS,UTA,,,,,,,N/A,N/A,110,110,AWAY,,2025-11-26 19:08:59,38.0,85.0,17.0,20.0,6.0,31.0,19.0,17.0,29.0,8.0,10.0,,110.0,0.0,0.0,0.0,0.0,0.0,0.0,0.0,0.0,0.0,0.0,0.0,,0.0,0.0,0.0,0.0,0.0
2024-10-31_UTA_SAS,2024-10-31,UTA,SAS,,,,,,,N/A,N/A,106,106,AWAY,,2025-11-26 19:08:59,0.0,0.0,0.0,0.0,0.0,0.0,0.0,0.0,0.0,0.0,0.0,,0.0,38.0,92.0,12.0,11.0,11.0,31.0,23.0,18.0,25.0,17.0,7.0,,106.0,0.0,0.0,0.0,0.0
2024-10-30_OKC_SAS,2024-10-30,OKC,SAS,,,,,,,N/A,N/A,93,93,HOME,,2025-11-26 19:08:59,0.0,0.0,0.0,0.0,0.0,0.0,0.0,0.0,0.0,0.0,0.0,,0.0,35.0,85.0,12.0,22.0,13.0,39.0,13.0,11.0,22.0,6.0,6.0,,93.0,0.0,0.0,0.0,0.0
2025-04-11_UTA_OKC,2025-04-11,UTA,OKC,,,,,,,N/A,N/A,145,145,AWAY,,2025-11-26 19:09:01,0.0,0.0,0.0,0.0,0.0,0.0,0.0,0.0,0.0,0.0,0.0,,0.0,56.0,100.0,24.0,10.0,5.0,42.0,13.0,9.0,41.0,12.0,4.0,,145.0,0.0,0.0,0.0,0.0
2025-04-02_OKC_DET,2025-04-02,OKC,DET,,,,,,,N/A,N/A,119,119,HOME,,2025-11-26 19:09:01,42.0,96.0,10.0,10.0,13.0,33.0,31.0,25.0,25.0,12.0,11.0,,119.0,0.0,0.0,0.0,0.0,0.0,0.0,0.0,0.0,0.0,0.0,0.0,,0.0,0.0,0.0,0.0,0.0
2025-03-27_OKC_MEM,2025-03-27,OKC,MEM,,,,,,,N/A,N/A,125,125,HOME,,2025-11-26 19:09:01,44.0,90.0,13.0,12.0,7.0,38.0,28.0,24.0,28.0,9.0,4.0,,125.0,0.0,0.0,0.0,0.0,0.0,0.0,0.0,0.0,0.0,0.0,0.0,,0.0,0.0,0.0,0.0,0.0
2025-03-21_OKC_CHA,2025-03-21,OKC,CHA,,,,,,,N/A,N/A,141,141,HOME,,2025-11-26 19:09:01,54.0,94.0,21.0,7.0,10.0,33.0,17.0,12.0,29.0,10.0,7.0,,141.0,0.0,0.0,0.0,0.0,0.0,0.0,0.0,0.0,0.0,0.0,0.0,,0.0,0.0,0.0,0.0,0.0
2025-03-15_DET_OKC,2025-03-15,DET,OKC,,,,,,,N/A,N/A,113,113,AWAY,,2025-11-26 19:09:01,0.0,0.0,0.0,0.0,0.0,0.0,0.0,0.0,0.0,0.0,0.0,,0.0,43.0,89.0,10.0,17.0,10.0,34.0,22.0,17.0,17.0,11.0,8.0,,113.0,0.0,0.0,0.0,0.0
2025-03-05_MEM_OKC,2025-03-05,MEM,OKC,,,,,,,N/A,N/A,120,120,AWAY,,2025-11-26 19:09:01,0.0,0.0,0.0,0.0,0.0,0.0,0.0,0.0,0.0,0.0,0.0,,0.0,44.0,87.0,15.0,11.0,3.0,36.0,19.0,17.0,27.0,10.0,4.0,,120.0,0.0,0.0,0.0,0.0
2025-02-21_UTA_OKC,2025-02-21,UTA,OKC,,,,,,,N/A,N/A,130,130,AWAY,,2025-11-26 19:09:01,0.0,0.0,0.0,0.0,0.0,0.0,0.0,0.0,0.0,0.0,0.0,,0.0,46.0,97.0,19.0,12.0,17.0,34.0,20.0,19.0,38.0,10.0,10.0,,130.0,0.0,0.0,0.0,0.0
2025-02-08_MEM_OKC,2025-02-08,MEM,OKC,,,,,,,N/A,N/A,125,125,AWAY,,2025-11-26 19:09:01,0.0,0.0,0.0,0.0,0.0,0.0,0.0,0.0,0.0,0.0,0.0,,0.0,45.0,105.0,18.0,8.0,21.0,34.0,21.0,17.0,29.0,5.0,5.0,,125.0,0.0,0.0,0.0,0.0
2025-02-07_OKC_TOR,2025-02-07,OKC,TOR,,,,,,,N/A,N/A,121,121,HOME,,2025-11-26 19:09:01,43.0,84.0,9.0,12.0,11.0,33.0,31.0,26.0,26.0,10.0,7.0,,121.0,0.0,0.0,0.0,0.0,0.0,0.0,0.0,0.0,0.0,0.0,0.0,,0.0,0.0,0.0,0.0,0.0
2025-01-22_OKC_UTA,2025-01-22,OKC,UTA,,,,,,,N/A,N/A,123,123,HOME,,2025-11-26 19:09:01,44.0,95.0,12.0,10.0,13.0,26.0,25.0,23.0,20.0,15.0,4.0,,123.0,0.0,0.0,0.0,0.0,0.0,0.0,0.0,0.0,0.0,0.0,0.0,,0.0,0.0,0.0,0.0,0.0
2025-01-12_WAS_OKC,2025-01-12,WAS,OKC,,,,,,,N/A,N/A,136,136,AWAY,,2025-11-26 19:09:01,0.0,0.0,0.0,0.0,0.0,0.0,0.0,0.0,0.0,0.0,0.0,,0.0,45.0,95.0,13.0,13.0,15.0,41.0,35.0,33.0,26.0,11.0,4.0,,136.0,0.0,0.0,0.0,0.0
2024-12-29_OKC_MEM,2024-12-29,OKC,MEM,,,,,,,N/A,N/A,130,130,HOME,,2025-11-26 19:09:01,52.0,103.0,14.0,10.0,9.0,36.0,12.0,12.0,35.0,10.0,9.0,,130.0,0.0,0.0,0.0,0.0,0.0,0.0,0.0,0.0,0.0,0.0,0.0,,0.0,0.0,0.0,0.0,0.0
2024-12-28_CHA_OKC,2024-12-28,CHA,OKC,,,,,,,N/A,N/A,106,106,AWAY,,2025-11-26 19:09:01,0.0,0.0,0.0,0.0,0.0,0.0,0.0,0.0,0.0,0.0,0.0,,0.0,42.0,88.0,10.0,15.0,9.0,40.0,14.0,12.0,29.0,9.0,1.0,,106.0,0.0,0.0,0.0,0.0
2024-12-23_OKC_WAS,2024-12-23,OKC,WAS,,,,,,,N/A,N/A,123,123,HOME,,2025-11-26 19:09:01,47.0,106.0,10.0,12.0,19.0,40.0,22.0,19.0,25.0,15.0,9.0,,123.0,0.0,0.0,0.0,0.0,0.0,0.0,0.0,0.0,0.0,0.0,0.0,,0.0,0.0,0.0,0.0,0.0
2024-12-05_TOR_OKC,2024-12-05,TOR,OKC,,,,,,,N/A,N/A,129,129,AWAY,,2025-11-26 19:09:01,0.0,0.0,0.0,0.0,0.0,0.0,0.0,0.0,0.0,0.0,0.0,,0.0,49.0,102.0,17.0,6.0,13.0,42.0,17.0,14.0,28.0,15.0,11.0,,129.0,0.0,0.0,0.0,0.0
2024-12-03_OKC_UTA,2024-12-03,OKC,UTA,,,,,,,N/A,N/A,133,133,HOME,,2025-11-26 19:09:01,53.0,102.0,17.0,8.0,15.0,19.0,11.0,10.0,32.0,18.0,3.0,,133.0,0.0,0.0,0.0,0.0,0.0,0.0,0.0,0.0,0.0,0.0,0.0,,0.0,0.0,0.0,0.0,0.0
2025-04-09_TOR_CHA,2025-04-09,TOR,CHA,,,,,,,N/A,N/A,126,126,HOME,,2025-11-26 19:09:02,49.0,104.0,19.0,8.0,16.0,39.0,12.0,9.0,37.0,8.0,2.0,,126.0,0.0,0.0,0.0,0.0,0.0,0.0,0.0,0.0,0.0,0.0,0.0,,0.0,0.0,0.0,0.0,0.0
2025-04-04_TOR_DET,2025-04-04,TOR,DET,,,,,,,N/A,N/A,105,105,AWAY,,2025-11-26 19:09:02,38.0,91.0,13.0,15.0,16.0,33.0,20.0,16.0,24.0,9.0,6.0,,105.0,0.0,0.0,0.0,0.0,0.0,0.0,0.0,0.0,0.0,0.0,0.0,,0.0,0.0,0.0,0.0,0.0
2025-03-28_TOR_CHA,2025-03-28,TOR,CHA,,,,,,,N/A,N/A,108,108,HOME,,2025-11-26 19:09:02,42.0,95.0,14.0,6.0,11.0,34.0,15.0,10.0,28.0,9.0,5.0,,108.0,0.0,0.0,0.0,0.0,0.0,0.0,0.0,0.0,0.0,0.0,0.0,,0.0,0.0,0.0,0.0,0.0
2025-03-24_WAS_TOR,2025-03-24,WAS,TOR,,,,,,,N/A,N/A,112,112,AWAY,,2025-11-26 19:09:02,0.0,0.0,0.0,0.0,0.0,0.0,0.0,0.0,0.0,0.0,0.0,,0.0,41.0,101.0,10.0,12.0,17.0,43.0,27.0,20.0,28.0,11.0,6.0,,112.0,0.0,0.0,0.0,0.0
2025-03-14_UTA_TOR,2025-03-14,UTA,TOR,,,,,,,N/A,N/A,126,126,AWAY,,2025-11-26 19:09:02,0.0,0.0,0.0,0.0,0.0,0.0,0.0,0.0,0.0,0.0,0.0,,0.0,44.0,91.0,12.0,15.0,10.0,41.0,35.0,26.0,28.0,9.0,6.0,,126.0,0.0,0.0,0.0,0.0
2025-03-10_TOR_WAS,2025-03-10,TOR,WAS,,,,,,,N/A,N/A,119,119,HOME,,2025-11-26 19:09:02,43.0,109.0,16.0,8.0,28.0,45.0,29.0,17.0,26.0,3.0,2.0,,119.0,0.0,0.0,0.0,0.0,0.0,0.0,0.0,0.0,0.0,0.0,0.0,,0.0,0.0,0.0,0.0,0.0
2025-03-08_TOR_WAS,2025-03-08,TOR,WAS,,,,,,,N/A,N/A,117,117,AWAY,,2025-11-26 19:09:02,40.0,95.0,10.0,15.0,22.0,27.0,30.0,27.0,24.0,11.0,6.0,,117.0,0.0,0.0,0.0,0.0,0.0,0.0,0.0,0.0,0.0,0.0,0.0,,0.0,0.0,0.0,0.0,0.0
2025-03-07_TOR_UTA,2025-03-07,TOR,UTA,,,,,,,N/A,N/A,118,118,HOME,,2025-11-26 19:09:02,40.0,104.0,14.0,8.0,22.0,26.0,28.0,24.0,27.0,13.0,5.0,,118.0,0.0,0.0,0.0,0.0,0.0,0.0,0.0,0.0,0.0,0.0,0.0,,0.0,0.0,0.0,0.0,0.0
2025-02-05_TOR_MEM,2025-02-05,TOR,MEM,,,,,,,N/A,N/A,107,107,AWAY,,2025-11-26 19:09:02,39.0,98.0,12.0,9.0,14.0,20.0,19.0,17.0,28.0,11.0,3.0,,107.0,0.0,0.0,0.0,0.0,0.0,0.0,0.0,0.0,0.0,0.0,0.0,,0.0,0.0,0.0,0.0,0.0
2025-01-29_WAS_TOR,2025-01-29,WAS,TOR,,,,,,,N/A,N/A,106,106,AWAY,,2025-11-26 19:09:02,0.0,0.0,0.0,0.0,0.0,0.0,0.0,0.0,0.0,0.0,0.0,,0.0,42.0,88.0,11.0,14.0,7.0,29.0,15.0,11.0,31.0,12.0,3.0,,106.0,0.0,0.0,0.0,0.0
2025-01-11_DET_TOR,2025-01-11,DET,TOR,,,,,,,N/A,N/A,114,114,HOME,,2025-11-26 19:09:02,0.0,0.0,0.0,0.0,0.0,0.0,0.0,0.0,0.0,0.0,0.0,,0.0,40.0,92.0,16.0,12.0,15.0,30.0,27.0,18.0,27.0,12.0,3.0,,114.0,0.0,0.0,0.0,0.0
2024-12-26_MEM_TOR,2024-12-26,MEM,TOR,,,,,,,N/A,N/A,126,126,HOME,,2025-11-26 19:09:02,0.0,0.0,0.0,0.0,0.0,0.0,0.0,0.0,0.0,0.0,0.0,,0.0,49.0,108.0,14.0,15.0,13.0,27.0,18.0,14.0,39.0,8.0,3.0,,126.0,0.0,0.0,0.0,0.0
2024-11-25_DET_TOR,2024-11-25,DET,TOR,,,,,,,N/A,N/A,100,100,HOME,,2025-11-26 19:09:02,0.0,0.0,0.0,0.0,0.0,0.0,0.0,0.0,0.0,0.0,0.0,,0.0,41.0,104.0,10.0,9.0,23.0,27.0,10.0,8.0,26.0,7.0,5.0,,100.0,0.0,0.0,0.0,0.0
2024-11-15_TOR_DET,2024-11-15,TOR,DET,,,,,,,N/A,N/A,95,95,AWAY,,2025-11-26 19:09:02,35.0,97.0,8.0,14.0,17.0,36.0,22.0,17.0,21.0,7.0,6.0,,95.0,0.0,0.0,0.0,0.0,0.0,0.0,0.0,0.0,0.0,0.0,0.0,,0.0,0.0,0.0,0.0,0.0
2024-10-30_CHA_TOR,2024-10-30,CHA,TOR,,,,,,,N/A,N/A,133,133,HOME,,2025-11-26 19:09:02,0.0,0.0,0.0,0.0,0.0,0.0,0.0,0.0,0.0,0.0,0.0,,0.0,52.0,91.0,9.0,14.0,13.0,28.0,30.0,20.0,37.0,9.0,5.0,,133.0,0.0,0.0,0.0,0.0
2025-03-31_CHA_UTA,2025-03-31,CHA,UTA,,,,,,,N/A,N/A,106,106,HOME,,2025-11-26 19:09:03,0.0,0.0,0.0,0.0,0.0,0.0,0.0,0.0,0.0,0.0,0.0,,0.0,39.0,96.0,14.0,10.0,14.0,27.0,15.0,14.0,25.0,13.0,2.0,,106.0,0.0,0.0,0.0,0.0
2025-03-25_UTA_MEM,2025-03-25,UTA,MEM,,,,,,,N/A,N/A,103,103,AWAY,,2025-11-26 19:09:03,34.0,78.0,17.0,13.0,4.0,24.0,22.0,18.0,24.0,6.0,3.0,,103.0,0.0,0.0,0.0,0.0,0.0,0.0,0.0,0.0,0.0,0.0,0.0,,0.0,0.0,0.0,0.0,0.0
2025-03-19_UTA_WAS,2025-03-19,UTA,WAS,,,,,,,N/A,N/A,128,128,HOME,,2025-11-26 19:09:03,50.0,89.0,17.0,16.0,9.0,33.0,18.0,11.0,30.0,7.0,1.0,,128.0,0.0,0.0,0.0,0.0,0.0,0.0,0.0,0.0,0.0,0.0,0.0,,0.0,0.0,0.0,0.0,0.0
2025-03-12_MEM_UTA,2025-03-12,MEM,UTA,,,,,,,N/A,N/A,115,115,HOME,,2025-11-26 19:09:03,0.0,0.0,0.0,0.0,0.0,0.0,0.0,0.0,0.0,0.0,0.0,,0.0,42.0,90.0,12.0,23.0,17.0,43.0,28.0,19.0,24.0,6.0,8.0,,115.0,0.0,0.0,0.0,0.0
2025-03-05_WAS_UTA,2025-03-05,WAS,UTA,,,,,,,N/A,N/A,122,122,HOME,,2025-11-26 19:09:03,0.0,0.0,0.0,0.0,0.0,0.0,0.0,0.0,0.0,0.0,0.0,,0.0,47.0,101.0,14.0,14.0,17.0,41.0,20.0,14.0,21.0,5.0,3.0,,122.0,0.0,0.0,0.0,0.0
2025-03-03_UTA_DET,2025-03-03,UTA,DET,,,,,,,N/A,N/A,106,106,AWAY,,2025-11-26 19:09:03,35.0,82.0,10.0,27.0,9.0,32.0,32.0,26.0,19.0,7.0,1.0,,106.0,0.0,0.0,0.0,0.0,0.0,0.0,0.0,0.0,0.0,0.0,0.0,,0.0,0.0,0.0,0.0,0.0
2025-01-25_MEM_UTA,2025-01-25,MEM,UTA,,,,,,,N/A,N/A,103,103,HOME,,2025-11-26 19:09:03,0.0,0.0,0.0,0.0,0.0,0.0,0.0,0.0,0.0,0.0,0.0,,0.0,39.0,92.0,12.0,17.0,14.0,26.0,16.0,13.0,27.0,8.0,5.0,,103.0,0.0,0.0,0.0,0.0
2025-01-15_UTA_CHA,2025-01-15,UTA,CHA,,,,,,,N/A,N/A,112,112,AWAY,,2025-11-26 19:09:03,43.0,93.0,16.0,10.0,9.0,27.0,17.0,10.0,30.0,5.0,4.0,,112.0,0.0,0.0,0.0,0.0,0.0,0.0,0.0,0.0,0.0,0.0,0.0,,0.0,0.0,0.0,0.0,0.0
2024-12-19_DET_UTA,2024-12-19,DET,UTA,,,,,,,N/A,N/A,126,126,AWAY,,2025-11-26 19:09:03,0.0,0.0,0.0,0.0,0.0,0.0,0.0,0.0,0.0,0.0,0.0,,0.0,39.0,83.0,20.0,27.0,15.0,47.0,31.0,28.0,23.0,5.0,8.0,,126.0,0.0,0.0,0.0,0.0
2024-10-23_UTA_MEM,2024-10-23,UTA,MEM,,,,,,,N/A,N/A,124,124,AWAY,,2025-11-26 19:09:03,40.0,85.0,10.0,14.0,14.0,35.0,45.0,34.0,21.0,7.0,9.0,,124.0,0.0,0.0,0.0,0.0,0.0,0.0,0.0,0.0,0.0,0.0,0.0,,0.0,0.0,0.0,0.0,0.0
2025-04-08_CHA_MEM,2025-04-08,CHA,MEM,,,,,,,N/A,N/A,124,124,AWAY,,2025-11-26 19:09:05,0.0,0.0,0.0,0.0,0.0,0.0,0.0,0.0,0.0,0.0,0.0,,0.0,42.0,93.0,18.0,13.0,14.0,38.0,26.0,22.0,23.0,12.0,3.0,,124.0,0.0,0.0,0.0,0.0
2025-04-05_DET_MEM,2025-04-05,DET,MEM,,,,,,,N/A,N/A,109,109,AWAY,,2025-11-26 19:09:05,0.0,0.0,0.0,0.0,0.0,0.0,0.0,0.0,0.0,0.0,0.0,,0.0,39.0,94.0,9.0,14.0,17.0,47.0,29.0,22.0,19.0,4.0,3.0,,109.0,0.0,0.0,0.0,0.0
2025-01-22_MEM_CHA,2025-01-22,MEM,CHA,,,,,,,N/A,N/A,132,132,HOME,,2025-11-26 19:09:05,49.0,98.0,21.0,16.0,13.0,27.0,14.0,13.0,36.0,9.0,6.0,,132.0,0.0,0.0,0.0,0.0,0.0,0.0,0.0,0.0,0.0,0.0,0.0,,0.0,0.0,0.0,0.0,0.0
2024-12-08_WAS_MEM,2024-12-08,WAS,MEM,,,,,,,N/A,N/A,140,140,AWAY,,2025-11-26 19:09:05,0.0,0.0,0.0,0.0,0.0,0.0,0.0,0.0,0.0,0.0,0.0,,0.0,50.0,96.0,17.0,16.0,12.0,34.0,29.0,23.0,34.0,12.0,8.0,,140.0,0.0,0.0,0.0,0.0
2024-11-27_MEM_DET,2024-11-27,MEM,DET,,,,,,,N/A,N/A,131,131,HOME,,2025-11-26 19:09:05,51.0,93.0,17.0,16.0,10.0,32.0,16.0,12.0,31.0,13.0,4.0,,131.0,0.0,0.0,0.0,0.0,0.0,0.0,0.0,0.0,0.0,0.0,0.0,,0.0,0.0,0.0,0.0,0.0
2024-11-08_MEM_WAS,2024-11-08,MEM,WAS,,,,,,,N/A,N/A,128,128,HOME,,2025-11-26 19:09:05,46.0,97.0,14.0,17.0,13.0,37.0,25.0,22.0,30.0,10.0,10.0,,128.0,0.0,0.0,0.0,0.0,0.0,0.0,0.0,0.0,0.0,0.0,0.0,,0.0,0.0,0.0,0.0,0.0
2025-03-13_DET_WAS,2025-03-13,DET,WAS,,,,,,,N/A,N/A,129,129,AWAY,,2025-11-26 19:09:06,0.0,0.0,0.0,0.0,0.0,0.0,0.0,0.0,0.0,0.0,0.0,,0.0,43.0,90.0,20.0,15.0,10.0,37.0,27.0,23.0,30.0,10.0,5.0,,129.0,0.0,0.0,0.0,0.0
2025-03-11_DET_WAS,2025-03-11,DET,WAS,,,,,,,N/A,N/A,103,103,HOME,,2025-11-26 19:09:06,0.0,0.0,0.0,0.0,0.0,0.0,0.0,0.0,0.0,0.0,0.0,,0.0,37.0,92.0,13.0,13.0,12.0,35.0,20.0,16.0,20.0,7.0,4.0,,103.0,0.0,0.0,0.0,0.0
2025-03-01_CHA_WAS,2025-03-01,CHA,WAS,,,,,,,N/A,N/A,113,113,AWAY,,2025-11-26 19:09:06,0.0,0.0,0.0,0.0,0.0,0.0,0.0,0.0,0.0,0.0,0.0,,0.0,40.0,88.0,17.0,15.0,12.0,36.0,17.0,16.0,33.0,13.0,7.0,,113.0,0.0,0.0,0.0,0.0
2025-02-03_CHA_WAS,2025-02-03,CHA,WAS,,,,,,,N/A,N/A,124,124,AWAY,,2025-11-26 19:09:06,0.0,0.0,0.0,0.0,0.0,0.0,0.0,0.0,0.0,0.0,0.0,,0.0,44.0,99.0,17.0,10.0,18.0,36.0,23.0,19.0,29.0,6.0,5.0,,124.0,0.0,0.0,0.0,0.0
2024-12-26_WAS_CHA,2024-12-26,WAS,CHA,,,,,,,N/A,N/A,113,113,HOME,,2025-11-26 19:09:06,39.0,91.0,14.0,11.0,8.0,35.0,28.0,21.0,25.0,9.0,7.0,,113.0,0.0,0.0,0.0,0.0,0.0,0.0,0.0,0.0,0.0,0.0,0.0,,0.0,0.0,0.0,0.0,0.0
2024-12-19_WAS_CHA,2024-12-19,WAS,CHA,,,,,,,N/A,N/A,123,123,HOME,,2025-11-26 19:09:06,41.0,83.0,17.0,18.0,12.0,40.0,31.0,24.0,33.0,5.0,8.0,,123.0,0.0,0.0,0.0,0.0,0.0,0.0,0.0,0.0,0.0,0.0,0.0,,0.0,0.0,0.0,0.0,0.0
2024-11-17_WAS_DET,2024-11-17,WAS,DET,,,,,,,N/A,N/A,104,104,AWAY,,2025-11-26 19:09:06,39.0,83.0,12.0,17.0,5.0,34.0,20.0,14.0,21.0,6.0,3.0,,104.0,0.0,0.0,0.0,0.0,0.0,0.0,0.0,0.0,0.0,0.0,0.0,,0.0,0.0,0.0,0.0,0.0
2025-02-09_DET_CHA,2025-02-09,DET,CHA,,,,,,,N/A,N/A,112,112,HOME,,2025-11-26 19:09:08,44.0,90.0,11.0,11.0,14.0,32.0,16.0,13.0,31.0,11.0,1.0,,112.0,0.0,0.0,0.0,0.0,0.0,0.0,0.0,0.0,0.0,0.0,0.0,,0.0,0.0,0.0,0.0,0.0
2025-01-03_DET_CHA,2025-01-03,DET,CHA,,,,,,,N/A,N/A,98,98,HOME,,2025-11-26 19:09:08,39.0,93.0,12.0,13.0,14.0,37.0,13.0,8.0,21.0,13.0,7.0,,98.0,0.0,0.0,0.0,0.0,0.0,0.0,0.0,0.0,0.0,0.0,0.0,,0.0,0.0,0.0,0.0,0.0
2024-11-21_CHA_DET,2024-11-21,CHA,DET,,,,,,,N/A,N/A,121,121,HOME,,2025-11-26 19:09:08,0.0,0.0,0.0,0.0,0.0,0.0,0.0,0.0,0.0,0.0,0.0,,0.0,42.0,99.0,17.0,19.0,21.0,35.0,25.0,20.0,30.0,8.0,3.0,,121.0,0.0,0.0,0.0,0.0
2024-11-06_CHA_DET,2024-11-06,CHA,DET,,,,,,,N/A,N/A,107,107,HOME,,2025-11-26 19:09:08,0.0,0.0,0.0,0.0,0.0,0.0,0.0,0.0,0.0,0.0,0.0,,0.0,46.0,94.0,10.0,10.0,6.0,40.0,9.0,5.0,34.0,5.0,4.0,,107.0,0.0,0.0,0.0,0.0
