Pos2,drapm_darko,drapm_rank_darko,drapm_rank_timedecay,drapm_timedecay,five_year_drapm,five_year_drapm_rank,five_year_orapm,five_year_orapm_rank,five_year_rapm,five_year_rapm_rank,four_year_drapm,four_year_drapm_rank,four_year_orapm,four_year_orapm_rank,four_year_rapm,four_year_rapm_rank,nba_id,orapm_darko,orapm_rank_darko,orapm_rank_timedecay,orapm_timedecay,player_name,rapm_darko,rapm_rank_darko,rapm_rank_timedecay,rapm_timedecay,team,three_year_drapm,three_year_drapm_rank,three_year_orapm,three_year_orapm_rank,three_year_rapm,three_year_rapm_rank,two_year_drapm,two_year_drapm_rank,two_year_orapm,two_year_orapm_rank,two_year_rapm,two_year_rapm_rank
C,1.51,35.0,76.5,1.02,2.22,34.0,7.58,1.0,9.8,1.0,1.42,75.0,7.6,1.0,9.03,1.0,203999,5.37,2.0,1.0,7.06,Nikola Jokic,6.88,1.0,1.0,8.08,DEN,1.52,62.0,7.14,1.0,8.65,1.0,0.65,134.0,5.7,1.0,6.35,2.0
PF,2.08,16.0,43.0,1.71,1.9,50.0,4.49,7.0,6.39,3.0,1.0,97.0,4.54,4.0,5.54,4.0,203507,4.42,8.0,3.0,4.92,Giannis Antetokounmpo,6.51,2.0,3.0,6.63,MIL,0.4,182.0,5.02,3.0,5.42,3.0,0.91,98.0,4.7,3.0,5.62,3.0
PG,0.77,110.0,26.0,1.99,1.23,80.0,5.56,2.0,6.79,2.0,2.16,36.0,5.51,2.0,7.67,2.0,1628983,5.65,1.0,4.0,4.79,Shai Gilgeous-Alexander,6.42,3.0,2.0,6.79,OKC,2.37,21.0,5.47,2.0,7.85,2.0,2.11,21.0,4.89,2.0,7.01,1.0
SF,0.33,185.0,34.5,1.83,1.31,77.0,3.66,10.0,4.97,8.0,0.61,143.0,2.96,13.0,3.57,22.0,1628369,5.23,3.0,18.0,2.65,Jayson Tatum,5.56,4.0,11.0,4.48,BOS,1.31,75.0,2.41,13.0,3.72,16.0,1.37,58.0,1.23,53.0,2.6,38.0
SF,0.43,168.0,206.0,-0.02,0.32,181.0,3.23,14.0,3.54,27.0,0.46,170.0,3.66,10.0,4.11,14.0,1629029,4.94,5.0,8.0,3.69,Luka Doncic,5.37,5.0,19.0,3.67,LAL,0.99,103.0,3.25,10.0,4.24,7.0,0.33,184.0,2.98,6.0,3.31,20.0
SF,1.49,37.0,66.0,1.19,1.33,75.0,3.83,8.0,5.16,5.0,1.78,52.0,3.24,12.0,5.02,6.0,202695,3.34,12.0,13.0,3.39,Kawhi Leonard,4.83,6.0,10.0,4.58,LAC,1.38,69.0,2.04,32.0,3.42,22.0,-0.04,282.0,1.63,34.0,1.6,65.0
SG,-0.26,356.0,262.5,-0.31,0.94,99.0,2.53,25.0,3.47,30.0,0.7,132.0,2.16,31.0,2.86,39.0,1630162,4.99,4.0,48.5,1.72,Anthony Edwards,4.73,7.0,88.0,1.41,MIN,0.62,147.0,1.71,44.0,2.33,51.0,-0.27,361.0,1.23,53.0,0.97,106.0
PF,2.3,9.0,4.0,3.63,4.79,3.0,-0.3,234.0,4.49,13.0,5.04,2.0,-0.44,275.0,4.6,9.0,1641705,2.39,26.0,180.0,-0.03,Victor Wembanyama,4.69,8.0,21.0,3.6,SAS,4.53,2.0,-0.31,258.0,4.22,8.0,3.35,2.0,0.37,140.0,3.72,9.0
PG,-0.08,293.0,87.0,0.92,0.93,101.0,3.56,11.0,4.49,13.0,1.65,57.0,2.26,27.0,3.91,16.0,1628378,4.52,6.0,14.0,3.23,Donovan Mitchell,4.44,9.0,14.0,4.15,CLE,2.19,29.0,2.29,21.0,4.49,5.0,0.75,119.0,2.36,18.0,3.11,22.0
PG,0.29,193.0,412.0,-1.16,-1.23,510.0,2.94,15.0,1.71,82.0,-0.54,388.0,4.15,5.0,3.61,21.0,1630169,3.5,11.0,6.0,3.84,Tyrese Haliburton,3.79,10.0,35.5,2.68,IND,-0.59,421.0,3.83,5.0,3.24,25.0,-1.22,560.0,2.98,6.0,1.76,58.0
C,3.97,1.0,1.0,4.94,4.45,4.0,-0.76,353.0,3.69,23.0,4.33,4.0,-1.37,472.0,2.96,35.0,203497,-0.63,242.0,164.0,0.14,Rudy Gobert,3.34,11.0,4.0,5.08,MIN,4.72,1.0,0.02,190.0,4.73,4.0,4.28,1.0,-0.91,448.0,3.37,17.0
SG,-0.9,580.0,459.0,-1.58,-0.55,368.0,5.06,3.0,4.52,12.0,-1.71,575.0,4.71,3.0,3.0,34.0,201939,4.23,9.0,2.0,5.8,Stephen Curry,3.34,12.0,13.0,4.22,GSW,-1.91,602.0,4.7,4.0,2.79,34.0,-1.91,603.0,4.45,4.0,2.54,39.0
SG,-0.64,509.0,412.0,-1.16,-0.54,365.0,2.48,27.0,1.94,74.0,-0.81,449.0,2.18,30.0,1.37,101.0,201935,3.87,10.0,16.0,3.13,James Harden,3.23,13.0,64.5,1.97,LAC,-1.19,531.0,2.03,34.0,0.84,124.0,-0.63,465.0,0.79,88.0,0.16,188.0
C,1.3,52.0,34.5,1.83,2.09,42.0,-1.79,529.0,0.3,165.0,1.93,47.0,-0.5,293.0,1.43,97.0,1630596,1.92,32.0,218.0,-0.31,Evan Mobley,3.22,14.0,81.5,1.51,CLE,1.41,67.0,-0.22,231.0,1.2,108.0,1.27,64.0,1.52,41.0,2.79,33.0
PF,0.32,190.0,7.0,2.81,2.38,28.0,1.18,70.0,3.56,26.0,3.09,13.0,0.24,151.0,3.32,27.0,203932,2.79,19.0,58.0,1.51,Aaron Gordon,3.11,15.0,12.0,4.32,DEN,2.33,22.0,-0.84,380.0,1.49,94.0,1.89,27.0,0.35,143.0,2.24,48.0
PG,-1.43,645.0,463.0,-1.61,-1.12,498.0,3.56,11.0,2.44,55.0,-1.28,539.0,4.15,5.0,2.87,38.0,1628973,4.48,7.0,9.0,3.56,Jalen Brunson,3.05,16.0,66.0,1.95,NYK,-0.76,463.0,3.71,6.0,2.95,28.0,-1.98,609.0,1.42,45.0,-0.57,322.0
C,2.27,12.0,71.0,1.12,1.76,56.0,1.25,64.0,3.02,37.0,1.38,77.0,2.47,23.0,3.85,19.0,1628386,0.78,72.0,22.0,2.49,Jarrett Allen,3.05,17.0,20.0,3.61,CLE,1.09,93.0,2.59,11.0,3.69,17.0,2.07,23.0,2.43,15.0,4.5,5.0
SF,1.15,69.0,131.5,0.49,0.37,168.0,2.82,17.0,3.19,35.0,-0.01,252.0,2.6,19.0,2.59,46.0,202710,1.85,35.0,24.0,2.47,Jimmy Butler,3.0,18.0,31.0,2.97,GSW,0.39,184.0,2.34,18.0,2.73,37.0,-0.11,303.0,1.16,61.0,1.06,98.0
SG,-0.24,352.0,405.0,-1.1,-1.33,524.0,2.8,18.0,1.47,98.0,-1.08,509.0,2.63,17.0,1.55,88.0,1627750,3.24,17.0,12.0,3.41,Jamal Murray,3.0,19.0,51.5,2.31,DEN,-1.14,525.0,3.37,8.0,2.22,58.0,-0.5,426.0,3.16,5.0,2.65,36.0
PF,2.14,14.0,5.0,2.91,2.71,18.0,2.12,32.0,4.84,10.0,2.72,18.0,1.55,49.0,4.28,13.0,1631096,0.75,74.0,37.0,1.97,Chet Holmgren,2.89,20.0,6.0,4.88,OKC,2.17,31.0,1.12,69.0,3.29,23.0,2.85,6.0,1.08,67.0,3.93,8.0
C,1.52,34.0,28.0,1.93,3.51,6.0,-0.3,234.0,3.21,34.0,3.36,9.0,0.17,158.0,3.53,24.0,203076,1.37,50.0,118.0,0.62,Anthony Davis,2.89,21.0,40.0,2.55,DAL,1.76,49.0,-0.06,201.0,1.7,83.0,0.65,134.0,-0.85,438.0,-0.2,243.0
C,1.27,58.0,36.0,1.82,3.02,12.0,2.11,34.0,5.13,6.0,3.16,11.0,1.46,55.0,4.62,8.0,203954,1.62,41.0,70.5,1.31,Joel Embiid,2.89,22.0,28.0,3.13,PHI,1.8,48.0,0.5,125.0,2.29,54.0,0.58,144.0,-1.95,582.0,-1.37,478.0
SF,1.67,29.0,21.0,2.04,2.09,42.0,0.0,191.0,2.09,63.0,2.69,19.0,0.21,154.0,2.9,37.0,1628384,1.18,53.0,146.5,0.33,OG Anunoby,2.85,23.0,44.0,2.37,NYK,3.02,9.0,0.59,114.0,3.62,18.0,1.85,30.0,-0.01,200.0,1.84,56.0
C,3.5,2.0,14.0,2.23,2.59,23.0,1.35,58.0,3.93,20.0,2.47,27.0,0.64,106.0,3.11,32.0,1628392,-0.67,255.0,70.5,1.31,Isaiah Hartenstein,2.84,24.0,22.0,3.54,OKC,2.44,18.0,1.03,73.0,3.47,19.0,1.53,45.0,0.03,194.0,1.56,68.0
C,0.71,117.0,333.0,-0.63,-0.02,240.0,1.48,53.0,1.45,99.0,0.09,232.0,0.67,104.0,0.76,134.0,1626157,2.02,30.0,28.0,2.35,Karl-Anthony Towns,2.72,25.0,74.0,1.72,NYK,-0.39,361.0,2.19,26.0,1.79,79.0,0.16,226.0,2.54,12.0,2.7,34.0
C,2.28,11.0,39.0,1.73,2.69,20.0,-1.29,453.0,1.4,104.0,2.95,15.0,-1.07,414.0,1.88,68.0,1627826,0.25,116.0,227.0,-0.36,Ivica Zubac,2.53,26.0,96.0,1.37,LAC,3.39,6.0,-0.38,279.0,3.0,27.0,2.41,15.0,1.61,35.0,4.02,7.0
C,2.88,5.0,114.5,0.64,0.99,97.0,1.46,54.0,2.46,53.0,0.69,135.0,-0.06,194.0,0.63,142.0,1627751,-0.4,201.0,66.5,1.35,Jakob Poeltl,2.48,27.0,63.0,1.99,TOR,1.23,81.0,0.08,181.0,1.31,104.0,0.84,105.0,0.36,142.0,1.2,89.0
SF,-0.18,329.0,157.5,0.34,0.9,107.0,3.69,9.0,4.59,11.0,0.7,132.0,2.57,21.0,3.27,29.0,201142,2.59,22.0,7.0,3.7,Kevin Durant,2.41,28.0,17.0,4.04,HOU,0.01,257.0,2.36,16.0,2.37,50.0,-0.66,474.0,2.32,20.0,1.65,63.0
SF,-0.86,569.0,416.0,-1.18,-0.52,363.0,0.03,186.0,-0.5,240.0,-0.98,483.0,-0.02,192.0,-1.01,335.0,1627759,3.26,16.0,63.5,1.37,Jaylen Brown,2.4,29.0,175.0,0.19,BOS,-0.96,506.0,1.37,52.0,0.42,156.0,-0.92,520.0,2.09,27.0,1.17,92.0
PG,-0.91,585.0,175.0,0.21,0.01,234.0,2.59,23.0,2.6,47.0,-0.66,416.0,2.76,14.0,2.11,62.0,1630559,3.28,14.0,27.0,2.37,Austin Reaves,2.37,30.0,38.0,2.58,LAL,-1.39,551.0,2.22,24.0,0.83,126.0,-0.05,286.0,2.87,8.0,2.82,30.0
PF,1.86,21.0,99.5,0.76,1.35,73.0,1.07,79.0,2.42,57.0,1.48,72.0,0.79,96.0,2.27,55.0,1631106,0.46,93.0,140.5,0.35,Tari Eason,2.32,31.0,112.0,1.1,HOU,1.09,93.0,1.34,55.0,2.43,47.0,0.01,269.0,1.17,59.0,1.18,90.0
SG,2.54,7.0,2.0,4.77,4.88,2.0,-0.62,313.0,4.26,15.0,4.68,3.0,-0.33,244.0,4.35,12.0,1627936,-0.25,176.0,152.0,0.27,Alex Caruso,2.29,32.0,5.0,5.04,OKC,4.13,4.0,-0.67,349.0,3.46,20.0,3.17,4.0,0.13,170.0,3.3,21.0
C,1.92,20.0,76.5,1.02,2.09,42.0,0.11,168.0,2.2,62.0,2.19,33.0,0.36,134.0,2.55,48.0,1629011,0.31,108.0,112.0,0.69,Mitchell Robinson,2.23,33.0,75.5,1.71,NYK,0.93,116.0,0.18,163.0,1.1,111.0,1.1,80.0,0.28,151.0,1.38,75.0
SG,0.5,153.0,170.0,0.24,0.21,201.0,-0.95,390.0,-0.73,270.0,0.67,138.0,-2.38,598.0,-1.71,453.0,1631114,1.7,39.0,307.5,-0.86,Jalen Williams,2.19,34.0,247.0,-0.62,OKC,1.17,85.0,-1.58,524.0,-0.41,262.0,0.81,108.0,-1.79,569.0,-0.98,415.0
PF,0.51,150.0,47.0,1.61,1.76,56.0,1.51,52.0,3.26,33.0,1.57,63.0,0.84,94.0,2.41,51.0,1627783,1.68,40.0,38.5,1.91,Pascal Siakam,2.19,35.0,23.0,3.52,IND,1.41,67.0,0.61,110.0,2.02,70.0,3.31,3.0,0.21,160.0,3.52,15.0
PG,-0.39,412.0,224.5,-0.13,0.75,118.0,0.37,143.0,1.12,116.0,0.23,211.0,1.02,76.0,1.25,104.0,1630595,2.54,24.0,75.5,1.27,Cade Cunningham,2.15,36.0,108.0,1.13,DET,0.04,251.0,0.56,119.0,0.6,142.0,1.0,87.0,1.25,51.0,2.25,47.0
C,0.93,85.0,104.5,0.73,0.66,129.0,1.04,81.0,1.7,85.0,1.27,81.0,1.46,55.0,2.73,43.0,1630578,1.18,54.0,52.5,1.62,Alperen Sengun,2.11,37.0,48.0,2.35,HOU,2.28,25.0,1.0,75.0,3.28,24.0,2.51,11.0,1.58,37.0,4.09,6.0
PG,1.77,26.0,30.0,1.91,2.25,31.0,-2.16,566.0,0.09,179.0,1.66,56.0,-1.19,436.0,0.48,157.0,1630591,0.33,107.0,348.0,-1.04,Jalen Suggs,2.09,38.0,123.0,0.87,ORL,1.86,45.0,-1.18,454.0,0.68,136.0,2.14,20.0,-1.43,527.0,0.71,125.0
C,1.42,45.0,9.0,2.62,3.92,5.0,-0.77,357.0,3.15,36.0,3.32,10.0,-0.94,387.0,2.37,52.0,1628389,0.67,77.0,194.0,-0.13,Bam Adebayo,2.08,39.0,41.0,2.49,MIA,2.94,12.0,-1.14,447.0,1.8,78.0,1.5,48.0,-0.2,259.0,1.3,83.0
SG,-1.27,637.0,356.5,-0.75,-1.27,517.0,4.62,5.0,3.35,31.0,-1.25,531.0,3.68,9.0,2.43,50.0,1626164,3.26,15.0,17.0,2.93,Devin Booker,1.99,40.0,58.0,2.18,PHX,-0.94,504.0,2.29,21.0,1.34,101.0,-1.07,541.0,1.42,45.0,0.34,163.0
SF,-0.83,562.0,301.0,-0.49,0.27,193.0,2.6,22.0,2.87,41.0,0.62,141.0,2.07,33.0,2.69,44.0,2544,2.81,18.0,29.0,2.34,LeBron James,1.98,41.0,69.0,1.85,LAL,-0.81,471.0,1.0,75.0,0.19,173.0,-2.64,629.0,-0.8,425.0,-3.45,614.0
SF,1.21,64.0,112.5,0.66,0.19,204.0,-0.55,297.0,-0.36,226.0,0.13,227.0,0.4,131.0,0.53,151.0,1630567,0.75,73.0,218.0,-0.31,Scottie Barnes,1.96,42.0,162.0,0.35,TOR,0.28,202.0,-0.47,301.0,-0.19,226.0,1.18,71.0,-0.85,438.0,0.33,166.0
SG,-0.8,553.0,182.0,0.15,0.49,148.0,4.96,4.0,5.45,4.0,0.9,114.0,4.13,7.0,5.03,5.0,202681,2.76,20.0,5.0,4.55,Kyrie Irving,1.96,43.0,9.0,4.7,DAL,0.82,126.0,3.33,9.0,4.15,9.0,0.66,129.0,2.31,21.0,2.97,26.0
PG,1.27,56.0,61.5,1.25,1.98,49.0,2.03,37.0,4.0,19.0,1.65,57.0,2.25,28.0,3.9,18.0,1627832,0.66,78.0,61.0,1.43,Fred VanVleet,1.93,44.0,35.5,2.68,HOU,2.05,37.0,1.76,40.0,3.82,14.0,1.11,78.0,1.07,69.0,2.18,50.0
SG,0.81,104.0,20.0,2.06,2.87,14.0,0.46,131.0,3.33,32.0,2.66,21.0,0.88,90.0,3.54,23.0,1628401,1.06,59.0,86.5,1.11,Derrick White,1.87,45.0,27.0,3.18,BOS,2.31,24.0,0.59,114.0,2.89,31.0,1.33,60.0,0.13,170.0,1.46,72.0
SF,-0.02,272.0,12.0,2.26,2.98,13.0,1.25,64.0,4.23,16.0,3.58,5.0,1.3,59.0,4.87,7.0,1630532,1.86,34.0,42.0,1.87,Franz Wagner,1.84,46.0,15.0,4.13,ORL,3.09,8.0,0.85,85.0,3.94,10.0,1.87,28.0,1.24,52.0,3.1,23.0
PF,3.47,3.0,3.0,4.25,5.06,1.0,0.05,183.0,5.1,7.0,5.18,1.0,0.51,116.0,5.69,3.0,203110,-1.66,448.0,124.5,0.53,Draymond Green,1.82,47.0,7.5,4.78,GSW,4.15,3.0,-0.24,236.0,3.91,12.0,2.96,5.0,0.69,99.0,3.65,13.0
C,3.01,4.0,48.5,1.56,1.64,61.0,3.28,13.0,4.93,9.0,1.86,49.0,2.72,15.0,4.58,10.0,203500,-1.2,356.0,15.0,3.22,Steven Adams,1.81,48.0,7.5,4.78,HOU,1.71,54.0,1.32,57.0,3.02,26.0,1.69,34.0,1.27,49.0,2.95,27.0
C,1.5,36.0,56.0,1.34,1.89,51.0,0.09,172.0,1.98,71.0,1.7,55.0,-0.01,190.0,1.7,74.0,1629634,0.31,109.0,107.0,0.75,Brandon Clarke,1.81,49.0,60.0,2.09,MEM,1.74,50.0,1.0,75.0,2.74,36.0,1.64,38.0,1.0,73.0,2.64,37.0
PF,2.55,6.0,6.0,2.86,2.72,17.0,-1.01,407.0,1.71,82.0,2.8,16.0,-1.31,461.0,1.5,92.0,1628371,-0.78,284.0,419.0,-1.47,Jonathan Isaac,1.76,50.0,91.5,1.39,ORL,2.6,15.0,-0.84,380.0,1.76,81.0,0.65,134.0,-1.69,557.0,-1.04,427.0
C,2.2,13.0,67.5,1.18,0.35,173.0,0.36,144.0,0.71,138.0,1.05,91.0,-0.11,203.0,0.95,123.0,1630194,-0.44,209.0,148.5,0.32,Paul Reed,1.76,51.0,83.5,1.5,DET,0.78,132.0,-0.38,279.0,0.41,158.0,1.25,66.0,-0.34,306.0,0.91,111.0
PG,-0.99,604.0,428.5,-1.34,-0.15,271.0,2.51,26.0,2.36,59.0,-1.06,504.0,1.5,52.0,0.44,162.0,1629636,2.75,21.0,44.0,1.79,Darius Garland,1.76,52.0,156.0,0.46,CLE,-1.92,604.0,0.77,95.0,-1.15,396.0,-2.37,622.0,2.23,24.0,-0.14,232.0
SG,0.55,145.0,220.0,-0.1,-0.15,271.0,1.33,60.0,1.18,112.0,-0.01,252.0,1.96,38.0,1.95,66.0,1630598,1.18,55.0,25.0,2.46,Aaron Wiggins,1.73,53.0,46.0,2.36,OKC,0.06,246.0,2.34,18.0,2.39,49.0,0.33,184.0,2.73,10.0,3.05,25.0
PF,0.26,200.0,96.5,0.79,0.35,173.0,-1.47,490.0,-1.12,333.0,0.69,135.0,-1.27,454.0,-0.58,263.0,1630552,1.4,48.0,276.5,-0.68,Jalen Johnson,1.66,54.0,178.5,0.11,ATL,0.97,106.0,-1.32,482.0,-0.35,251.0,0.76,118.0,-0.54,368.0,0.22,184.0
SG,-0.71,530.0,430.5,-1.35,-1.3,522.0,1.87,41.0,0.57,147.0,-1.16,520.0,1.68,47.0,0.53,151.0,1629639,2.3,27.0,60.0,1.45,Tyler Herro,1.58,55.0,178.5,0.11,MIA,-1.26,539.0,1.41,51.0,0.14,183.0,-1.55,587.0,1.55,40.0,-0.0,211.0
SF,1.42,46.0,33.0,1.87,2.61,21.0,1.07,79.0,3.68,24.0,2.24,31.0,0.98,81.0,3.21,31.0,202331,0.16,125.0,83.0,1.16,Paul George,1.57,56.0,29.0,3.03,PHI,2.09,36.0,0.38,140.0,2.47,45.0,1.6,40.0,-2.28,609.0,-0.69,357.0
PF,-0.6,495.0,283.5,-0.39,0.42,160.0,1.63,48.0,2.05,65.0,0.22,214.0,2.01,35.0,2.23,58.0,1630166,2.16,29.0,19.0,2.62,Deni Avdija,1.56,57.0,56.0,2.22,POR,0.32,195.0,2.21,25.0,2.53,43.0,-0.77,499.0,2.44,14.0,1.68,61.0
C,-0.48,451.0,193.0,0.09,0.46,152.0,2.45,28.0,2.91,40.0,0.42,180.0,2.35,26.0,2.77,41.0,1629627,1.99,31.0,20.0,2.58,Zion Williamson,1.51,58.0,37.0,2.67,NOP,-0.52,403.0,2.35,17.0,1.83,76.0,-0.3,372.0,2.36,18.0,2.06,52.0
SF,1.49,38.0,106.5,0.72,0.29,188.0,-0.83,371.0,-0.53,245.0,0.36,190.0,-0.15,207.0,0.21,181.0,1630183,0.01,148.0,239.0,-0.44,Jaden McDaniels,1.49,59.0,170.0,0.27,MIN,0.23,212.0,-0.37,275.0,-0.14,219.0,1.27,64.0,-0.21,260.0,1.06,98.0
C,0.88,94.0,296.0,-0.43,-0.61,390.0,0.57,117.0,-0.04,191.0,-0.37,341.0,-0.37,257.0,-0.73,288.0,1631105,0.6,84.0,97.0,0.91,Jalen Duren,1.48,60.0,153.5,0.48,DET,-0.59,421.0,0.01,191.0,-0.58,281.0,-1.17,551.0,0.85,82.0,-0.32,267.0
SG,0.47,159.0,223.0,-0.12,-0.34,321.0,1.37,57.0,1.03,119.0,-0.7,427.0,1.81,42.0,1.11,116.0,1630174,1.0,61.0,52.5,1.62,Aaron Nesmith,1.47,61.0,83.5,1.5,IND,0.24,209.0,2.04,32.0,2.27,56.0,1.2,69.0,2.37,17.0,3.57,14.0
SG,0.56,142.0,8.0,2.77,2.03,46.0,0.71,109.0,2.74,43.0,2.13,38.0,0.45,124.0,2.59,46.0,1641708,0.86,69.0,66.5,1.35,Amen Thompson,1.43,62.0,16.0,4.11,HOU,1.95,42.0,0.58,118.0,2.53,43.0,1.23,67.0,1.27,49.0,2.5,41.0
PG,-0.8,552.0,362.0,-0.78,-0.96,481.0,1.15,72.0,0.19,173.0,-1.07,506.0,1.48,53.0,0.42,164.0,1630202,2.22,28.0,38.5,1.91,Payton Pritchard,1.42,63.0,110.0,1.12,BOS,-0.98,508.0,2.23,23.0,1.24,105.0,0.47,164.0,1.81,32.0,2.28,46.0
PG,-1.15,627.0,412.0,-1.16,-1.37,532.0,2.7,21.0,1.33,109.0,-1.23,528.0,3.34,11.0,2.11,62.0,1630178,2.52,25.0,21.0,2.5,Tyrese Maxey,1.36,64.0,97.0,1.34,PHI,-1.41,553.0,3.64,7.0,2.24,57.0,-1.41,576.0,2.43,15.0,1.02,100.0
C,1.8,24.0,89.0,0.91,3.35,7.0,-1.3,455.0,2.05,65.0,0.87,116.0,-0.54,303.0,0.33,172.0,1629057,-0.43,207.0,215.0,-0.3,Robert Williams III,1.36,65.0,139.0,0.61,POR,-0.38,356.0,-0.79,370.0,-1.17,400.0,-0.23,341.0,-0.47,348.0,-0.7,358.0
PG,-0.47,448.0,96.5,0.79,1.16,85.0,1.4,56.0,2.56,49.0,2.33,30.0,0.93,86.0,3.26,30.0,1629630,1.8,36.0,92.0,1.02,Ja Morant,1.33,66.0,70.0,1.81,MEM,1.96,41.0,0.8,91.0,2.76,35.0,1.86,29.0,0.44,128.0,2.3,45.0
SG,1.7,27.0,23.5,2.02,3.3,8.0,0.33,150.0,3.63,25.0,2.07,39.0,0.9,88.0,2.96,35.0,1629026,-0.43,205.0,135.0,0.41,Kenrich Williams,1.28,67.0,43.0,2.43,OKC,1.85,46.0,0.96,77.0,2.82,32.0,1.43,54.0,1.11,66.0,2.54,39.0
SG,1.2,65.0,128.0,0.53,1.32,76.0,-0.73,341.0,0.58,146.0,1.31,79.0,-0.06,194.0,1.25,104.0,1629006,0.07,141.0,101.0,0.86,Josh Okogie,1.27,68.0,91.5,1.39,HOU,0.52,159.0,0.15,170.0,0.67,138.0,0.25,201.0,0.46,124.0,0.71,125.0
PF,1.16,68.0,64.0,1.22,2.15,40.0,-0.15,207.0,2.0,68.0,1.78,52.0,-0.24,223.0,1.54,89.0,1628991,0.08,138.0,370.5,-1.19,Jaren Jackson Jr.,1.24,69.0,189.0,0.03,MEM,1.15,88.0,-1.08,436.0,0.07,196.0,1.44,53.0,0.42,132.0,1.86,54.0
PG,-0.28,367.0,277.5,-0.36,-0.3,310.0,0.49,128.0,0.19,173.0,-1.79,588.0,2.07,33.0,0.28,175.0,1629660,1.47,47.0,40.5,1.89,Ty Jerome,1.19,70.0,78.5,1.53,MEM,-0.44,384.0,2.15,28.0,1.7,83.0,-0.01,274.0,1.48,42.0,1.47,70.0
C,1.98,18.0,154.5,0.36,0.85,111.0,1.09,76.0,1.94,74.0,1.46,74.0,0.07,175.0,1.53,90.0,1629048,-0.83,293.0,95.0,0.92,Goga Bitadze,1.15,71.0,98.0,1.28,ORL,0.42,178.0,0.5,125.0,0.93,119.0,0.61,140.0,0.68,101.0,1.29,85.0
C,2.3,10.0,182.0,0.15,0.73,122.0,-0.2,215.0,0.53,149.0,0.66,139.0,0.98,81.0,1.65,78.0,203939,-1.16,351.0,116.0,0.63,Dwight Powell,1.14,72.0,129.0,0.78,DAL,-0.03,266.0,-0.01,194.0,-0.04,204.0,0.46,166.0,-0.96,458.0,-0.5,306.0
PG,0.26,201.0,347.0,-0.7,-1.81,576.0,0.56,119.0,-1.25,361.0,-1.73,580.0,0.58,110.0,-1.14,365.0,1631221,0.88,67.0,99.0,0.89,Collin Gillespie,1.14,73.0,175.0,0.19,PHX,-1.46,555.0,0.59,114.0,-0.87,340.0,-1.12,548.0,0.75,93.0,-0.37,279.0
PF,0.84,100.0,126.5,0.54,0.35,173.0,-0.35,245.0,-0.0,187.0,0.53,154.0,-0.51,296.0,0.02,192.0,1631169,0.3,112.0,188.0,-0.09,Josh Minott,1.14,74.0,158.0,0.44,BOS,0.49,165.0,-0.76,364.0,-0.27,237.0,0.15,230.0,-0.59,386.0,-0.44,291.0
C,1.53,33.0,125.0,0.55,1.39,69.0,2.09,35.0,3.49,28.0,0.91,112.0,1.76,45.0,2.67,45.0,1626167,-0.4,200.0,46.0,1.78,Myles Turner,1.13,75.0,49.0,2.33,MIL,0.44,173.0,1.73,42.0,2.18,59.0,-0.12,307.0,0.52,117.0,0.39,152.0
PF,0.62,129.0,267.5,-0.32,0.37,168.0,0.52,124.0,0.89,129.0,0.27,205.0,0.49,119.0,0.76,134.0,1630168,0.49,89.0,143.5,0.34,Onyeka Okongwu,1.11,76.0,190.5,0.02,ATL,-0.33,343.0,0.43,132.0,0.1,189.0,0.52,159.0,-0.02,203.0,0.5,138.0
PG,-2.23,666.0,506.0,-3.37,-2.67,620.0,2.74,19.0,0.07,182.0,-2.63,624.0,2.36,25.0,-0.27,225.0,1629027,3.33,13.0,23.0,2.48,Trae Young,1.1,77.0,276.0,-0.89,ATL,-2.74,630.0,2.4,14.0,-0.34,249.0,-2.01,611.0,2.46,13.0,0.45,146.0
C,1.82,23.0,74.0,1.06,0.18,207.0,1.2,69.0,1.38,106.0,0.58,148.0,1.0,79.0,1.58,86.0,1628436,-0.74,269.0,50.0,1.7,Luke Kornet,1.08,78.0,34.0,2.76,SAS,0.68,142.0,1.44,49.0,2.12,63.0,1.46,51.0,2.22,26.0,3.68,10.0
C,1.68,28.0,57.5,1.29,-0.36,324.0,0.72,107.0,0.36,157.0,-0.2,301.0,0.81,95.0,0.61,144.0,1641744,-0.67,257.0,34.0,2.09,Zach Edey,1.01,79.0,25.0,3.38,MEM,0.22,214.0,1.3,59.0,1.52,91.0,0.22,208.0,0.78,89.0,1.01,101.0
C,0.56,143.0,178.0,0.17,0.78,115.0,0.5,126.0,1.28,110.0,1.02,95.0,0.58,110.0,1.6,81.0,1631217,0.45,94.0,148.5,0.32,Moussa Diabate,1.01,80.0,151.0,0.49,CHA,1.17,85.0,0.66,102.0,1.83,76.0,0.92,96.0,0.43,130.0,1.35,78.0
SG,0.6,136.0,335.0,-0.64,-1.41,543.0,0.44,135.0,-0.97,307.0,-0.82,451.0,0.46,123.0,-0.36,236.0,1628978,0.4,98.0,82.0,1.17,Donte DiVincenzo,1.0,81.0,145.0,0.53,MIN,-2.17,610.0,0.47,130.0,-1.7,474.0,-0.41,400.0,-0.04,208.0,-0.45,294.0
PF,-0.7,529.0,220.0,-0.1,0.14,214.0,2.56,24.0,2.7,44.0,0.81,124.0,2.58,20.0,3.39,25.0,1628374,1.7,38.0,26.0,2.45,Lauri Markkanen,1.0,82.0,46.0,2.36,UTA,0.2,216.0,2.37,15.0,2.57,40.0,0.05,259.0,0.81,86.0,0.86,115.0
SG,0.1,237.0,46.0,1.62,0.91,105.0,-0.04,197.0,0.87,131.0,1.34,78.0,-0.12,204.0,1.23,108.0,1631128,0.88,66.0,162.5,0.16,Christian Braun,0.98,83.0,71.0,1.78,DEN,1.27,79.0,0.79,92.0,2.06,68.0,0.92,96.0,2.75,9.0,3.67,11.0
PF,-0.8,551.0,493.0,-2.42,-1.15,501.0,1.09,76.0,-0.06,193.0,-1.62,564.0,1.29,60.0,-0.33,233.0,1629008,1.77,37.0,48.5,1.72,Michael Porter Jr.,0.97,84.0,255.5,-0.7,BKN,-1.96,606.0,0.88,82.0,-1.08,386.0,-1.7,592.0,0.61,106.0,-1.09,436.0
PG,-1.59,654.0,306.5,-0.52,-0.7,423.0,4.51,6.0,3.81,21.0,-0.04,261.0,3.95,8.0,3.91,16.0,203081,2.56,23.0,10.0,3.48,Damian Lillard,0.97,85.0,31.0,2.97,POR,1.22,82.0,1.47,48.0,2.7,38.0,-0.41,400.0,0.39,135.0,-0.02,214.0
C,0.55,146.0,293.0,-0.42,0.5,146.0,0.45,133.0,0.96,123.0,0.73,130.0,1.07,70.0,1.81,70.0,204001,0.39,99.0,93.0,0.99,Kristaps Porzingis,0.94,86.0,142.0,0.57,ATL,0.41,181.0,0.0,192.0,0.41,158.0,-0.65,470.0,-0.4,327.0,-1.04,427.0
SG,0.87,96.0,57.5,1.29,2.02,47.0,-0.65,321.0,1.37,107.0,2.0,45.0,-1.05,411.0,0.95,123.0,1627884,0.05,143.0,299.0,-0.79,Derrick Jones Jr.,0.92,87.0,149.5,0.5,LAC,1.1,90.0,-1.32,482.0,-0.22,231.0,-0.01,274.0,0.3,149.0,0.29,173.0
C,1.95,19.0,44.0,1.68,2.01,48.0,1.8,44.0,3.81,21.0,2.03,40.0,1.94,39.0,3.97,15.0,1641726,-1.04,330.0,36.0,2.01,Dereck Lively II,0.92,88.0,18.0,3.69,DAL,2.15,33.0,2.17,27.0,4.32,6.0,2.82,7.0,0.84,83.0,3.66,12.0
SG,1.25,60.0,15.0,2.17,3.2,9.0,0.84,99.0,4.04,18.0,3.53,7.0,0.96,84.0,4.48,11.0,1630529,-0.34,190.0,118.0,0.62,Herbert Jones,0.91,89.0,33.0,2.79,NOP,3.65,5.0,0.28,152.0,3.93,11.0,1.97,26.0,-0.55,371.0,1.42,73.0
SG,1.11,75.0,48.5,1.56,0.93,101.0,-0.63,317.0,0.3,165.0,1.02,95.0,-0.72,351.0,0.3,174.0,1641717,-0.2,171.0,198.0,-0.18,Cason Wallace,0.9,90.0,94.5,1.38,OKC,0.7,137.0,-1.03,425.0,-0.33,246.0,0.75,119.0,0.1,176.0,0.85,117.0
PF,0.42,172.0,456.0,-1.53,-0.72,427.0,0.41,139.0,-0.31,220.0,-1.02,494.0,0.28,145.0,-0.74,290.0,1630188,0.48,91.0,77.0,1.24,Jalen Smith,0.89,91.0,211.0,-0.29,CHI,-1.48,558.0,0.69,100.0,-0.79,324.0,0.14,233.0,0.6,108.0,0.74,122.0
SG,1.36,48.0,191.0,0.1,0.87,108.0,-0.86,376.0,0.01,186.0,0.19,218.0,0.55,114.0,0.74,136.0,1629652,-0.5,217.0,165.5,0.12,Luguentz Dort,0.85,92.0,173.0,0.22,OKC,0.19,218.0,0.05,184.0,0.24,168.0,1.14,74.0,0.22,158.0,1.36,76.0
SG,-0.55,475.0,164.0,0.3,-0.98,483.0,2.84,16.0,1.86,77.0,-0.97,481.0,2.55,22.0,1.58,86.0,1630198,1.39,49.0,31.0,2.18,Isaiah Joe,0.85,93.0,42.0,2.48,OKC,-0.06,273.0,1.67,46.0,1.61,87.0,0.58,144.0,2.23,24.0,2.82,30.0
SG,0.77,112.0,316.5,-0.56,-0.39,332.0,1.02,83.0,0.63,141.0,0.13,227.0,1.54,50.0,1.67,77.0,1628404,0.08,137.0,100.0,0.87,Josh Hart,0.85,94.0,166.0,0.3,NYK,-0.06,273.0,0.6,111.0,0.55,145.0,-1.26,563.0,0.59,110.0,-0.67,351.0
C,2.05,17.0,209.5,-0.04,-0.82,449.0,0.57,117.0,-0.26,217.0,-1.12,513.0,0.04,180.0,-1.08,351.0,1629020,-1.2,358.0,200.5,-0.2,Jarred Vanderbilt,0.84,95.0,205.5,-0.24,LAL,0.37,188.0,1.3,59.0,1.67,85.0,-0.26,355.0,1.18,58.0,0.92,109.0
PG,-0.09,299.0,185.0,0.13,1.09,89.0,-0.15,207.0,0.94,125.0,1.29,80.0,-0.24,223.0,1.04,119.0,1631157,0.93,63.0,227.0,-0.36,Ryan Rollins,0.84,96.0,203.5,-0.23,MIL,1.68,55.0,0.23,157.0,1.91,73.0,0.26,200.0,0.03,194.0,0.29,173.0
SG,1.48,39.0,29.0,1.92,2.49,26.0,-0.06,199.0,2.43,56.0,2.73,17.0,-0.53,301.0,2.2,59.0,1641709,-0.67,258.0,183.5,-0.05,Ausar Thompson,0.81,97.0,68.0,1.88,DET,2.99,11.0,-0.65,344.0,2.33,51.0,2.27,18.0,0.54,115.0,2.81,32.0
PG,-1.08,618.0,496.0,-2.53,-1.89,582.0,2.73,20.0,0.84,132.0,-2.39,615.0,2.63,17.0,0.23,179.0,1630163,1.88,33.0,11.0,3.46,LaMelo Ball,0.81,98.0,121.0,0.93,CHA,-2.17,610.0,2.29,21.0,0.12,186.0,-1.95,607.0,2.24,22.0,0.29,173.0
PG,0.83,101.0,111.0,0.68,0.66,129.0,-2.1,563.0,-1.44,394.0,0.96,105.0,-2.16,571.0,-1.2,378.0,1630590,-0.03,150.0,421.0,-1.48,Scotty Pippen Jr.,0.8,99.0,265.5,-0.8,MEM,1.06,96.0,-1.83,557.0,-0.77,319.0,0.74,121.0,-2.02,590.0,-1.28,462.0
PG,0.58,140.0,102.5,0.74,2.09,42.0,0.85,97.0,2.94,39.0,2.58,22.0,0.75,101.0,3.33,26.0,1629162,0.21,119.0,134.0,0.42,Jordan McLaughlin,0.78,100.0,106.0,1.16,SAS,1.44,65.0,1.12,69.0,2.56,42.0,-0.58,452.0,1.44,44.0,0.86,115.0
PG,-0.02,276.0,10.0,2.6,2.81,16.0,-0.0,191.0,2.8,42.0,2.5,26.0,-0.81,366.0,1.69,75.0,1630193,0.8,71.0,180.0,-0.03,Immanuel Quickley,0.77,101.0,39.0,2.57,TOR,0.29,200.0,-0.19,224.0,0.09,192.0,-0.67,478.0,0.09,179.0,-0.57,322.0
PG,0.71,116.0,162.0,0.32,1.37,70.0,-1.43,485.0,-0.06,193.0,0.69,135.0,-1.33,463.0,-0.65,276.0,1629645,0.04,145.0,331.5,-0.95,Kevin Porter Jr.,0.74,102.0,249.0,-0.63,MIL,2.25,26.0,-2.09,581.0,0.17,176.0,1.47,50.0,-1.7,559.0,-0.23,248.0
PF,1.36,47.0,11.0,2.48,3.2,9.0,-0.95,390.0,2.25,61.0,3.44,8.0,-0.38,261.0,3.06,33.0,1629731,-0.63,241.0,128.0,0.49,Dean Wade,0.74,103.0,31.0,2.97,CLE,2.58,16.0,0.09,179.0,2.67,39.0,1.04,83.0,0.05,187.0,1.09,96.0
SG,-0.61,497.0,80.0,1.0,-0.79,443.0,0.43,137.0,-0.35,224.0,1.11,86.0,0.48,121.0,1.59,84.0,1626181,1.32,51.0,65.0,1.36,Norman Powell,0.72,104.0,46.0,2.36,MIA,2.01,39.0,1.74,41.0,3.74,15.0,2.76,9.0,0.6,108.0,3.36,18.0
PF,-0.81,557.0,340.0,-0.67,-0.94,477.0,2.37,30.0,1.43,100.0,-1.01,488.0,1.97,37.0,0.97,120.0,203944,1.52,44.0,30.0,2.2,Julius Randle,0.71,105.0,78.5,1.53,MIN,-0.85,484.0,1.71,44.0,0.86,122.0,-1.71,593.0,1.58,37.0,-0.12,229.0
C,1.14,74.0,86.0,0.94,1.0,95.0,0.78,102.0,1.79,78.0,0.74,129.0,0.18,156.0,0.92,126.0,1630549,-0.43,208.0,131.0,0.44,Day'Ron Sharpe,0.7,106.0,91.5,1.39,BKN,2.19,29.0,-0.02,195.0,2.16,60.0,1.28,62.0,0.29,150.0,1.57,67.0
SG,0.61,135.0,104.5,0.73,-0.17,274.0,-1.96,554.0,-2.13,490.0,0.46,170.0,-1.86,544.0,-1.4,408.0,1630541,0.09,134.0,431.0,-1.65,Moses Moody,0.7,107.0,280.0,-0.92,GSW,0.49,165.0,-1.62,532.0,-1.13,394.0,0.58,144.0,-1.05,477.0,-0.46,296.0
PG,0.54,148.0,440.5,-1.41,-1.55,557.0,-1.87,542.0,-3.42,584.0,-1.59,559.0,-1.79,539.0,-3.38,587.0,1642263,0.16,124.0,220.5,-0.33,Reed Sheppard,0.7,108.0,367.0,-1.74,HOU,-1.55,565.0,-1.68,540.0,-3.23,590.0,-1.2,556.0,-1.71,561.0,-2.91,594.0
SG,-0.59,488.0,443.0,-1.43,-0.63,398.0,0.21,161.0,-0.43,231.0,-0.94,476.0,1.2,64.0,0.26,177.0,1628960,1.26,52.0,89.5,1.04,Grayson Allen,0.67,109.0,222.0,-0.39,PHX,-1.53,563.0,2.59,11.0,1.05,113.0,-2.0,610.0,1.83,31.0,-0.17,237.0
C,1.17,67.0,93.0,0.88,0.96,98.0,-0.33,240.0,0.63,141.0,1.21,83.0,-0.73,354.0,0.48,157.0,1631117,-0.51,219.0,222.5,-0.34,Walker Kessler,0.66,110.0,144.0,0.54,UTA,1.01,102.0,-1.22,461.0,-0.21,229.0,0.71,126.0,-0.77,422.0,-0.06,222.0
PF,0.29,194.0,157.5,0.34,-0.61,390.0,-0.98,398.0,-1.58,418.0,-0.52,383.0,-1.94,555.0,-2.46,526.0,1631095,0.37,102.0,234.5,-0.4,Jabari Smith Jr.,0.66,111.0,194.0,-0.06,HOU,0.55,155.0,-0.88,390.0,-0.33,246.0,2.01,25.0,-0.27,287.0,1.74,59.0
SG,1.02,80.0,117.5,0.62,0.65,132.0,0.31,153.0,0.96,123.0,0.83,121.0,0.33,139.0,1.16,111.0,1631165,-0.37,196.0,230.5,-0.38,Keon Ellis,0.65,112.0,172.0,0.24,SAC,0.95,110.0,0.92,80.0,1.87,75.0,-0.12,307.0,1.27,49.0,1.15,93.0
PG,-0.84,566.0,425.5,-1.31,-1.37,532.0,2.12,32.0,0.75,136.0,-0.95,479.0,1.92,40.0,0.97,120.0,1628368,1.49,46.0,35.0,2.05,De'Aaron Fox,0.65,113.0,131.0,0.74,SAS,-0.36,351.0,0.82,89.0,0.46,153.0,-1.75,596.0,-0.05,211.0,-1.8,526.0
C,1.65,30.0,22.0,2.03,2.22,34.0,-2.05,561.0,0.16,175.0,2.03,40.0,-2.35,594.0,-0.32,231.0,1628976,-1.01,324.0,423.0,-1.55,Wendell Carter Jr.,0.64,114.0,153.5,0.48,ORL,1.22,82.0,-1.87,561.0,-0.65,295.0,0.93,95.0,-1.94,581.0,-1.01,421.0
PG,-0.5,457.0,373.5,-0.84,-0.81,447.0,-0.99,403.0,-1.8,454.0,-1.4,545.0,-0.3,233.0,-1.7,451.0,1630581,1.14,58.0,160.0,0.18,Josh Giddey,0.64,115.0,252.0,-0.65,CHI,-0.71,453.0,0.77,95.0,0.06,198.0,-0.21,334.0,0.69,99.0,0.49,139.0
SG,0.88,91.0,25.0,2.01,1.25,79.0,1.21,67.0,2.46,53.0,1.79,51.0,0.96,84.0,2.74,42.0,1641764,-0.25,177.0,224.5,-0.35,Brandin Podziemski,0.63,116.0,77.0,1.66,GSW,2.1,35.0,1.35,54.0,3.45,21.0,2.79,8.0,-0.36,311.0,2.44,44.0
C,1.15,70.0,50.5,1.48,0.29,188.0,1.12,75.0,1.41,103.0,0.56,150.0,1.06,72.0,1.62,79.0,1629674,-0.54,230.0,115.0,0.66,Neemias Queta,0.61,117.0,59.0,2.14,BOS,0.89,120.0,1.19,63.0,2.08,66.0,0.97,91.0,0.51,118.0,1.48,69.0
SF,-0.61,498.0,371.0,-0.83,-1.46,550.0,0.85,97.0,-0.61,257.0,-1.13,514.0,1.77,44.0,0.64,139.0,1629631,1.17,56.0,54.0,1.61,De'Andre Hunter,0.56,119.0,129.0,0.78,CLE,-1.27,541.0,2.12,29.0,0.85,123.0,-0.89,516.0,1.46,43.0,0.57,135.0
SF,0.15,225.0,310.5,-0.54,-0.92,471.0,0.19,163.0,-0.74,272.0,-0.9,466.0,0.03,184.0,-0.87,310.0,1630577,0.41,97.0,129.0,0.47,Julian Champagnie,0.56,121.0,195.0,-0.07,SAS,-0.85,484.0,0.1,177.0,-0.75,314.0,-0.34,383.0,0.39,135.0,0.05,203.0
SG,1.28,55.0,78.5,1.01,2.57,24.0,-0.79,359.0,1.78,79.0,2.2,32.0,0.04,180.0,2.24,56.0,1628366,-0.73,268.0,334.0,-0.96,Lonzo Ball,0.55,122.0,186.5,0.05,CLE,2.38,19.0,-0.08,204.0,2.3,53.0,2.21,19.0,-0.01,200.0,2.2,49.0
PF,0.81,105.0,273.5,-0.35,-0.32,314.0,0.35,146.0,0.03,185.0,0.19,218.0,-0.57,309.0,-0.38,239.0,1629021,-0.3,184.0,212.0,-0.28,Moritz Wagner,0.51,123.0,249.0,-0.63,ORL,-0.27,325.0,0.19,160.0,-0.08,207.0,0.45,168.0,-0.73,410.0,-0.28,257.0
SG,1.78,25.0,37.0,1.77,2.53,25.0,-2.3,584.0,0.22,170.0,2.18,35.0,-1.7,529.0,0.48,157.0,1629680,-1.28,373.0,439.5,-1.8,Matisse Thybulle,0.5,124.0,192.5,-0.03,POR,1.37,70.0,-1.41,504.0,-0.03,202.0,1.5,48.0,-1.51,538.0,-0.01,212.0
C,1.48,41.0,52.5,1.38,2.4,27.0,-1.38,472.0,1.02,120.0,2.56,23.0,-1.45,491.0,1.11,116.0,1642270,-0.99,319.0,262.0,-0.6,Donovan Clingan,0.48,125.0,129.0,0.78,POR,2.33,22.0,-1.33,487.0,1.0,115.0,2.37,16.0,-1.59,547.0,0.78,119.0
SG,1.24,61.0,110.0,0.69,0.57,139.0,0.33,150.0,0.9,128.0,0.52,156.0,-0.07,196.0,0.45,160.0,1629750,-0.76,279.0,143.5,0.34,Javonte Green,0.48,126.0,116.0,1.03,DET,-0.14,294.0,-0.28,247.0,-0.42,263.0,-0.26,355.0,-0.64,396.0,-0.9,400.0
SG,-0.47,444.0,247.5,-0.23,0.25,195.0,1.82,42.0,2.08,64.0,0.05,238.0,1.38,58.0,1.43,97.0,1630217,0.9,64.0,32.0,2.16,Desmond Bane,0.44,127.0,67.0,1.94,ORL,-0.79,467.0,0.45,131.0,-0.34,249.0,-0.76,497.0,0.45,126.0,-0.3,261.0
SG,-1.14,625.0,422.0,-1.29,-2.43,612.0,-0.07,201.0,-2.5,530.0,-2.02,603.0,-0.61,322.0,-2.63,539.0,1631101,1.57,42.0,180.0,-0.03,Shaedon Sharpe,0.43,128.0,320.5,-1.33,POR,-0.76,463.0,-0.65,344.0,-1.41,439.0,-0.67,478.0,0.02,197.0,-0.65,342.0
SF,0.24,209.0,75.0,1.05,-0.02,240.0,1.01,86.0,0.99,122.0,0.48,164.0,0.34,137.0,0.82,130.0,1631099,0.17,122.0,160.0,0.18,Keegan Murray,0.42,129.0,100.5,1.23,SAC,1.35,72.0,0.65,105.0,2.0,71.0,0.77,115.0,0.37,140.0,1.13,94.0
SG,1.48,40.0,120.5,0.59,0.53,142.0,1.07,79.0,1.6,93.0,0.53,154.0,0.91,87.0,1.44,96.0,1627739,-1.06,333.0,255.0,-0.57,Kris Dunn,0.41,130.0,190.5,0.02,LAC,0.87,121.0,0.32,148.0,1.19,109.0,1.75,33.0,-1.07,478.0,0.67,129.0
SG,0.02,263.0,169.0,0.26,-0.23,293.0,0.0,191.0,-0.23,213.0,-0.38,343.0,-0.93,385.0,-1.31,399.0,1629622,0.38,100.0,156.0,0.22,Max Strus,0.4,131.0,153.5,0.48,CLE,0.55,155.0,-0.33,263.0,0.22,169.0,-0.14,316.0,0.75,93.0,0.61,132.0
SG,-0.26,358.0,99.5,0.76,0.66,129.0,1.34,59.0,2.0,68.0,-0.03,257.0,-0.1,202.0,-0.13,210.0,1628969,0.66,79.0,94.0,0.95,Mikal Bridges,0.4,132.0,75.5,1.71,NYK,-0.17,301.0,-0.76,364.0,-0.93,354.0,0.57,149.0,0.9,78.0,1.47,70.0
PF,0.01,266.0,89.0,0.91,0.11,217.0,-1.04,416.0,-0.93,299.0,1.14,85.0,-0.47,282.0,0.67,137.0,1630572,0.35,103.0,182.0,-0.04,Sandro Mamukelashvili,0.36,133.0,124.0,0.86,TOR,2.05,37.0,0.03,188.0,2.08,66.0,0.29,196.0,0.38,137.0,0.67,129.0
C,2.35,8.0,16.5,2.12,3.13,11.0,-1.23,443.0,1.9,76.0,3.14,12.0,-1.01,404.0,2.13,61.0,203994,-1.99,548.0,334.0,-0.96,Jusuf Nurkic,0.36,134.0,104.5,1.17,UTA,3.13,7.0,-0.98,417.0,2.15,61.0,0.89,99.0,-2.8,625.0,-1.91,537.0
SG,1.34,49.0,250.0,-0.24,0.23,198.0,-0.41,259.0,-0.18,203.0,0.3,202.0,-0.42,272.0,-0.12,208.0,1641775,-0.98,317.0,132.5,0.43,Jordan Walsh,0.36,135.0,175.0,0.19,BOS,0.4,182.0,-0.52,312.0,-0.12,215.0,-0.5,426.0,-0.25,278.0,-0.76,370.0
SF,-0.34,392.0,188.5,0.11,-0.16,273.0,1.79,45.0,1.62,90.0,0.41,182.0,1.61,48.0,2.02,64.0,1630573,0.67,76.0,40.5,1.89,Sam Hauser,0.34,136.0,61.5,2.0,BOS,0.07,244.0,2.06,31.0,2.13,62.0,-1.49,582.0,1.89,30.0,0.4,149.0
SF,1.23,62.0,41.0,1.72,1.65,60.0,0.84,99.0,2.49,51.0,1.6,60.0,0.9,88.0,2.5,49.0,1627827,-0.91,302.0,51.0,1.68,Dorian Finney-Smith,0.32,137.0,24.0,3.4,HOU,2.22,27.0,1.61,47.0,3.83,13.0,2.43,14.0,2.55,11.0,4.98,4.0
PG,0.01,265.0,72.0,1.11,0.54,140.0,0.94,91.0,1.48,96.0,0.92,111.0,0.48,121.0,1.4,99.0,1630540,0.3,111.0,86.5,1.11,Miles McBride,0.31,138.0,57.0,2.21,NYK,0.9,118.0,0.81,90.0,1.71,82.0,0.84,105.0,2.24,22.0,3.08,24.0
PF,0.51,151.0,224.5,-0.13,1.42,67.0,1.21,67.0,2.62,46.0,0.37,188.0,0.88,90.0,1.25,104.0,1628449,-0.22,173.0,56.5,1.56,Chris Boucher,0.29,139.0,87.0,1.42,BOS,0.32,195.0,1.97,35.0,2.28,55.0,-0.19,330.0,1.15,63.0,0.96,108.0
C,2.09,15.0,382.5,-0.93,-0.07,256.0,-0.14,205.0,-0.21,209.0,-1.21,525.0,1.11,67.0,-0.1,205.0,203486,-1.87,512.0,102.5,0.84,Mason Plumlee,0.23,140.0,196.5,-0.08,CHA,-0.83,478.0,1.12,69.0,0.3,166.0,-0.6,458.0,1.57,39.0,0.97,106.0
SG,0.6,137.0,137.5,0.46,0.64,134.0,1.62,49.0,2.26,60.0,-0.7,427.0,1.83,41.0,1.12,114.0,1627780,-0.37,197.0,73.5,1.28,Gary Payton II,0.23,141.0,72.5,1.74,GSW,0.36,189.0,1.13,66.0,1.49,94.0,-0.01,274.0,1.08,67.0,1.07,97.0
C,0.65,126.0,150.0,0.39,-0.38,329.0,-0.18,212.0,-0.56,249.0,-0.15,290.0,0.21,154.0,0.06,189.0,1629655,-0.43,206.0,124.5,0.53,Daniel Gafford,0.22,142.0,122.0,0.92,DAL,0.27,205.0,0.49,128.0,0.76,130.0,-0.32,378.0,0.83,84.0,0.51,137.0
PG,0.15,228.0,185.0,0.13,1.63,62.0,-0.52,287.0,1.11,117.0,2.02,42.0,-1.08,416.0,0.93,125.0,1628975,0.05,144.0,284.5,-0.71,Jevon Carter,0.19,143.0,245.5,-0.59,CHI,1.29,78.0,0.11,176.0,1.4,99.0,-0.44,409.0,0.77,91.0,0.33,166.0
PF,0.26,202.0,52.5,1.38,1.36,71.0,0.25,156.0,1.61,92.0,2.19,33.0,0.15,163.0,2.34,54.0,202699,-0.07,157.0,97.0,0.91,Tobias Harris,0.19,144.0,53.0,2.3,DET,2.16,32.0,0.41,134.0,2.57,40.0,1.76,31.0,-0.83,435.0,0.92,109.0
SG,-0.5,456.0,244.0,-0.22,-0.05,250.0,-0.62,313.0,-0.67,263.0,0.22,214.0,-0.52,298.0,-0.3,229.0,1642851,0.66,80.0,177.0,0.01,Kon Knueppel,0.16,145.0,202.0,-0.22,CHA,0.24,209.0,-0.49,304.0,-0.24,235.0,0.01,269.0,-0.26,283.0,-0.25,252.0
SF,0.69,119.0,50.5,1.48,2.71,18.0,-1.12,429.0,1.59,94.0,3.09,13.0,-1.08,416.0,2.01,65.0,1641739,-0.54,229.0,236.5,-0.41,Toumani Camara,0.15,146.0,113.5,1.07,POR,3.01,10.0,-0.9,396.0,2.11,64.0,1.58,42.0,-0.45,343.0,1.13,94.0
PF,-0.44,431.0,443.0,-1.43,-1.27,517.0,-0.59,307.0,-1.86,463.0,-1.24,530.0,-0.5,293.0,-1.75,460.0,1630583,0.59,86.0,130.0,0.46,Santi Aldama,0.15,147.0,285.5,-0.97,MEM,-1.14,525.0,-0.14,211.0,-1.28,422.0,-0.87,514.0,0.83,84.0,-0.04,218.0
PF,-0.21,334.0,349.5,-0.71,-1.64,563.0,0.45,133.0,-1.19,347.0,-1.43,549.0,-0.64,333.0,-2.07,494.0,1631094,0.34,106.0,270.0,-0.66,Paolo Banchero,0.13,148.0,327.5,-1.37,ORL,-0.17,301.0,-0.66,347.0,-0.83,331.0,0.2,212.0,0.11,173.0,0.31,170.0
SG,-0.93,591.0,490.0,-2.32,-3.29,634.0,-0.64,320.0,-3.92,604.0,-2.97,632.0,0.31,142.0,-2.66,542.0,1630224,1.05,60.0,259.5,-0.59,Jalen Green,0.12,149.0,453.5,-2.91,PHX,-2.35,617.0,0.04,185.0,-2.31,523.0,-1.43,579.0,-0.22,265.0,-1.65,509.0
SG,1.0,82.0,130.0,0.5,0.5,146.0,-2.41,595.0,-1.91,466.0,0.5,160.0,-2.36,596.0,-1.86,476.0,1641710,-0.89,299.0,299.0,-0.79,Anthony Black,0.11,150.0,211.0,-0.29,ORL,0.42,178.0,-2.37,608.0,-1.95,495.0,0.56,152.0,-1.5,534.0,-0.94,406.0
C,1.43,44.0,45.0,1.65,1.76,56.0,0.22,160.0,1.98,71.0,1.91,48.0,-0.33,244.0,1.59,84.0,203991,-1.32,380.0,200.5,-0.2,Clint Capela,0.11,151.0,86.0,1.45,HOU,2.19,29.0,-1.26,466.0,0.92,120.0,1.11,78.0,-1.63,552.0,-0.52,310.0
SG,0.32,188.0,69.5,1.13,0.03,229.0,2.39,29.0,2.42,57.0,-0.12,282.0,1.98,36.0,1.86,69.0,203992,-0.22,172.0,80.5,1.18,Bogdan Bogdanovic,0.1,152.0,51.5,2.31,LAC,0.8,130.0,1.25,62.0,2.05,69.0,0.86,103.0,-0.48,353.0,0.39,152.0
SG,-0.29,368.0,78.5,1.01,0.72,124.0,0.7,111.0,1.42,101.0,1.07,90.0,0.17,158.0,1.24,106.0,1630241,0.37,101.0,162.5,0.16,Sam Merrill,0.08,153.0,104.5,1.17,CLE,1.26,80.0,-0.03,197.0,1.23,106.0,2.03,24.0,0.45,126.0,2.47,43.0
SG,-1.46,648.0,392.5,-0.99,-2.01,591.0,2.25,31.0,0.24,169.0,-1.78,586.0,2.19,29.0,0.41,166.0,1629632,1.51,45.0,62.0,1.38,Coby White,0.05,154.0,159.0,0.39,CHI,-1.38,549.0,1.29,61.0,-0.09,209.0,-1.53,585.0,-0.36,311.0,-1.89,533.0
SF,-0.67,519.0,336.0,-0.65,1.09,89.0,0.39,142.0,1.48,96.0,0.93,109.0,0.75,101.0,1.68,76.0,1629661,0.71,75.0,47.0,1.77,Cameron Johnson,0.04,155.0,110.0,1.12,DEN,-0.13,293.0,0.65,105.0,0.53,148.0,0.15,230.0,0.43,130.0,0.59,134.0
PG,0.68,120.0,81.5,0.97,1.0,95.0,-0.21,218.0,0.79,134.0,1.05,91.0,-0.49,289.0,0.56,147.0,1630700,-0.64,247.0,91.0,1.03,Dyson Daniels,0.04,156.0,61.5,2.0,ATL,0.69,140.0,0.63,108.0,1.32,103.0,0.12,238.0,-0.04,208.0,0.07,200.0
C,0.38,177.0,359.0,-0.76,0.17,209.0,-0.51,284.0,-0.35,224.0,0.34,196.0,-1.02,407.0,-0.68,279.0,1630543,-0.34,191.0,200.5,-0.2,Isaiah Jackson,0.03,157.0,283.5,-0.96,IND,0.81,128.0,-0.42,290.0,0.4,161.0,0.47,164.0,-0.1,225.0,0.37,156.0
C,1.84,22.0,41.0,1.72,0.94,99.0,-2.53,601.0,-1.6,421.0,1.19,84.0,-2.42,602.0,-1.23,385.0,1642345,-1.83,500.0,406.5,-1.39,Oso Ighodaro,0.01,159.0,165.0,0.33,PHX,1.35,72.0,-2.18,586.0,-0.83,331.0,1.55,43.0,-1.74,564.0,-0.19,240.0
SG,0.66,123.0,27.0,1.96,2.07,45.0,0.41,139.0,2.49,51.0,1.58,62.0,0.02,186.0,1.6,81.0,203935,-0.66,253.0,139.0,0.36,Marcus Smart,-0.0,160.0,50.0,2.32,LAL,2.38,19.0,-0.29,250.0,2.09,65.0,1.2,69.0,0.1,176.0,1.3,83.0
C,0.04,257.0,290.5,-0.41,1.19,81.0,-0.26,227.0,0.93,127.0,-0.23,311.0,0.08,172.0,-0.16,214.0,1627734,-0.06,156.0,175.5,0.02,Domantas Sabonis,-0.01,161.0,221.0,-0.38,SAC,0.28,202.0,-0.57,326.0,-0.29,241.0,0.18,220.0,-0.44,340.0,-0.26,254.0
SG,-0.31,377.0,328.0,-0.61,0.58,138.0,1.93,39.0,2.51,50.0,0.34,196.0,1.81,42.0,2.15,60.0,1628989,0.29,113.0,75.5,1.27,Kevin Huerter,-0.02,162.0,133.0,0.66,CHI,0.39,184.0,1.14,64.0,1.53,90.0,1.03,84.0,0.76,92.0,1.79,57.0
PF,0.16,223.0,366.0,-0.8,-1.38,537.0,-0.76,353.0,-2.14,491.0,-1.15,518.0,-0.67,339.0,-1.83,472.0,1629684,-0.19,169.0,192.0,-0.11,Grant Williams,-0.03,163.0,278.5,-0.91,CHA,-1.26,539.0,-0.27,244.0,-1.53,457.0,0.17,222.0,1.17,59.0,1.34,80.0
SF,-0.55,476.0,273.5,-0.35,0.09,218.0,1.33,60.0,1.42,101.0,-0.37,341.0,0.78,98.0,0.4,168.0,1627742,0.51,87.0,79.0,1.19,Brandon Ingram,-0.03,164.0,126.0,0.84,TOR,-0.31,337.0,0.39,137.0,0.08,194.0,-1.39,574.0,-0.17,248.0,-1.56,502.0
PG,-1.19,631.0,494.0,-2.44,-2.97,629.0,1.26,63.0,-1.71,440.0,-3.22,636.0,1.73,46.0,-1.49,425.0,1629012,1.14,57.0,113.5,0.67,Collin Sexton,-0.05,165.0,369.5,-1.77,CHA,-2.62,623.0,1.88,38.0,-0.74,310.0,-1.09,545.0,-0.25,278.0,-1.33,471.0
SG,1.53,32.0,59.5,1.27,1.15,87.0,-1.33,458.0,-0.18,203.0,1.56,65.0,-1.15,430.0,0.41,166.0,1629723,-1.58,436.0,264.0,-0.61,John Konchar,-0.05,166.0,135.0,0.65,MEM,0.97,106.0,-1.87,561.0,-0.9,346.0,0.65,134.0,-0.93,451.0,-0.27,256.0
SG,-0.47,447.0,61.5,1.25,2.61,21.0,-0.91,382.0,1.7,85.0,2.02,42.0,-1.68,525.0,0.33,172.0,1628415,0.42,96.0,215.0,-0.3,Dillon Brooks,-0.05,167.0,120.0,0.95,PHX,0.19,218.0,-1.59,526.0,-1.4,437.0,0.88,101.0,-1.64,554.0,-0.76,370.0
PG,-0.17,322.0,23.5,2.02,2.31,30.0,1.92,40.0,4.22,17.0,2.68,20.0,0.63,108.0,3.31,28.0,201950,0.1,133.0,72.0,1.3,Jrue Holiday,-0.07,168.0,26.0,3.32,POR,1.73,51.0,-0.3,253.0,1.43,97.0,2.32,17.0,-1.0,467.0,1.32,81.0
SG,0.92,87.0,108.5,0.71,0.68,127.0,0.71,109.0,1.39,105.0,0.35,193.0,0.87,92.0,1.22,109.0,1629001,-0.99,318.0,89.5,1.04,De'Anthony Melton,-0.07,169.0,72.5,1.74,GSW,0.51,161.0,1.91,37.0,2.43,47.0,0.97,91.0,0.02,197.0,0.99,103.0
SG,-0.29,371.0,112.5,0.66,0.45,154.0,0.34,147.0,0.79,134.0,0.85,118.0,0.41,129.0,1.26,102.0,1629638,0.21,118.0,108.5,0.74,Nickeil Alexander-Walker,-0.08,170.0,89.0,1.4,ATL,0.84,123.0,0.78,94.0,1.62,86.0,0.47,164.0,0.37,140.0,0.84,118.0
C,0.67,122.0,18.0,2.11,0.74,120.0,-1.81,531.0,-1.07,322.0,0.43,177.0,-1.65,521.0,-1.23,385.0,1630643,-0.76,278.0,508.0,-4.08,Jay Huff,-0.09,171.0,385.0,-1.98,IND,0.82,126.0,-1.94,571.0,-1.13,394.0,0.8,110.0,-1.93,579.0,-1.13,442.0
C,0.83,102.0,283.5,-0.39,0.64,134.0,-1.88,544.0,-1.25,361.0,0.45,173.0,-2.9,626.0,-2.45,525.0,1629028,-0.93,307.0,306.0,-0.84,Deandre Ayton,-0.1,172.0,309.0,-1.23,LAL,-0.45,387.0,-2.46,613.0,-2.91,565.0,-1.51,583.0,-2.06,593.0,-3.58,618.0
PG,0.42,171.0,16.5,2.12,1.76,56.0,-1.36,467.0,0.39,155.0,1.96,46.0,-1.44,488.0,0.52,153.0,1630696,-0.52,224.0,327.0,-0.93,Dru Smith,-0.11,173.0,102.0,1.19,MIA,2.0,40.0,-0.77,367.0,1.23,106.0,2.49,12.0,0.43,130.0,2.92,28.0
SG,0.91,88.0,94.0,0.87,1.15,87.0,-0.8,361.0,0.35,160.0,1.48,72.0,-0.6,317.0,0.88,127.0,203484,-1.01,323.0,396.5,-1.33,Kentavious Caldwell-Pope,-0.11,174.0,230.0,-0.46,MEM,1.58,59.0,-0.79,370.0,0.79,127.0,1.43,54.0,-1.78,567.0,-0.35,274.0
C,1.18,66.0,32.0,1.89,2.36,29.0,1.13,74.0,3.49,28.0,2.52,25.0,1.11,67.0,3.63,20.0,1626172,-1.29,378.0,138.0,0.37,Kevon Looney,-0.11,175.0,54.0,2.26,NOP,1.73,51.0,-0.12,208.0,1.61,87.0,1.76,31.0,-0.18,252.0,1.58,66.0
C,0.42,170.0,308.5,-0.53,-0.9,467.0,-0.24,225.0,-1.14,336.0,-0.71,430.0,-0.32,239.0,-1.03,340.0,1642271,-0.54,227.0,288.0,-0.74,Kyle Filipowski,-0.12,176.0,313.5,-1.27,UTA,-0.82,475.0,-0.35,270.0,-1.16,398.0,-1.02,537.0,-0.17,248.0,-1.19,448.0
C,1.22,63.0,212.5,-0.05,-0.11,264.0,-1.78,528.0,-1.89,465.0,0.01,246.0,-1.79,539.0,-1.78,465.0,1641737,-1.34,388.0,464.0,-2.13,Adem Bona,-0.12,177.0,406.0,-2.18,PHI,-0.08,279.0,-1.8,552.0,-1.88,488.0,0.04,261.0,-1.88,575.0,-1.84,530.0
SG,0.05,251.0,31.0,1.9,1.46,65.0,0.52,124.0,1.98,71.0,2.01,44.0,0.36,134.0,2.37,52.0,1631260,-0.17,166.0,140.5,0.35,A.J. Green,-0.12,178.0,55.0,2.25,MIL,2.57,17.0,0.35,146.0,2.92,29.0,2.48,13.0,0.87,80.0,3.35,19.0
PG,0.05,253.0,131.5,0.49,-0.55,368.0,0.07,179.0,-0.47,236.0,-0.23,311.0,-0.06,194.0,-0.3,229.0,1631170,-0.19,168.0,178.0,-0.01,Jaime Jaquez Jr.,-0.14,179.0,153.5,0.48,MIA,0.05,249.0,0.04,185.0,0.09,192.0,-0.39,393.0,-0.94,453.0,-1.34,473.0
PF,0.47,162.0,65.0,1.2,0.43,157.0,-1.5,494.0,-1.08,325.0,0.62,141.0,-2.19,574.0,-1.58,439.0,1631119,-0.65,250.0,279.5,-0.69,Jaylin Williams,-0.19,182.0,147.5,0.51,OKC,1.52,62.0,-1.19,456.0,0.32,165.0,1.68,35.0,-0.47,348.0,1.21,88.0
PG,-0.27,362.0,19.0,2.09,1.31,77.0,-0.69,328.0,0.61,143.0,1.42,75.0,-0.33,244.0,1.09,118.0,1628988,0.08,135.0,255.0,-0.57,Aaron Holiday,-0.19,183.0,80.0,1.52,HOU,1.43,66.0,-0.47,301.0,0.96,117.0,0.96,93.0,-0.64,396.0,0.33,166.0
PG,0.34,183.0,54.0,1.36,1.81,53.0,0.78,102.0,2.59,48.0,1.52,69.0,0.26,148.0,1.78,72.0,1630631,-0.53,226.0,168.0,0.1,Jose Alvarado,-0.2,184.0,85.0,1.46,NOP,1.05,99.0,0.29,151.0,1.34,101.0,-0.55,444.0,-0.94,453.0,-1.49,496.0
PF,0.66,125.0,92.0,0.89,0.72,124.0,-0.37,249.0,0.35,160.0,0.81,124.0,-1.82,542.0,-1.01,335.0,1629023,-0.86,295.0,264.0,-0.61,P.J. Washington,-0.2,185.0,168.5,0.28,DAL,1.07,95.0,-0.73,360.0,0.33,164.0,1.01,86.0,-0.14,236.0,0.87,113.0
SG,1.27,57.0,67.5,1.18,2.24,32.0,-2.19,569.0,0.05,183.0,2.53,24.0,-1.41,482.0,1.12,114.0,1630256,-1.47,412.0,361.0,-1.11,Jae'Sean Tate,-0.2,186.0,183.5,0.07,HOU,2.75,13.0,-1.25,465.0,1.51,92.0,1.42,56.0,-0.09,221.0,1.32,81.0
PF,0.56,144.0,84.5,0.95,-0.11,264.0,-1.54,499.0,-1.66,434.0,0.15,223.0,-1.51,501.0,-1.36,405.0,1642366,-0.76,277.0,379.0,-1.23,Quinten Post,-0.2,187.0,211.0,-0.29,GSW,0.18,223.0,-1.51,515.0,-1.34,432.0,0.39,177.0,-1.0,467.0,-0.6,333.0
SG,-0.07,286.0,204.0,-0.01,-0.03,244.0,1.7,47.0,1.66,87.0,0.04,241.0,1.47,54.0,1.52,91.0,203957,-0.15,164.0,121.0,0.6,Dante Exum,-0.22,188.0,141.0,0.58,DAL,0.19,218.0,1.72,43.0,1.91,73.0,-0.22,336.0,-0.57,380.0,-0.79,375.0
PG,-0.86,570.0,361.0,-0.77,-1.38,537.0,-0.17,210.0,-1.54,410.0,-0.88,462.0,-0.19,215.0,-1.07,347.0,1642264,0.64,83.0,276.5,-0.68,Stephon Castle,-0.22,189.0,337.5,-1.46,SAS,-0.91,498.0,-0.16,217.0,-1.07,384.0,-0.83,509.0,-0.56,376.0,-1.39,482.0
PG,-0.32,385.0,162.0,0.32,-0.02,240.0,0.68,113.0,0.66,140.0,0.33,199.0,1.07,70.0,1.4,99.0,204456,0.1,132.0,113.5,0.67,T.J. McConnell,-0.22,190.0,118.0,0.99,IND,0.09,241.0,1.36,53.0,1.45,96.0,-0.4,397.0,0.09,179.0,-0.31,264.0
PG,0.44,166.0,386.5,-0.95,-0.77,437.0,-1.22,439.0,-1.99,474.0,-0.67,420.0,-1.13,428.0,-1.8,468.0,1631123,-0.66,251.0,215.0,-0.3,Jamaree Bouyea,-0.22,191.0,310.0,-1.25,PHX,-0.27,325.0,-1.12,441.0,-1.39,436.0,-0.5,426.0,0.05,187.0,-0.45,294.0
SG,0.36,180.0,231.5,-0.17,-0.35,323.0,-0.89,379.0,-1.24,358.0,-0.01,252.0,-1.17,433.0,-1.18,375.0,1642281,-0.58,233.0,234.5,-0.4,Jaylon Tyson,-0.22,192.0,244.0,-0.57,CLE,0.08,243.0,-1.06,430.0,-0.98,363.0,0.2,212.0,-1.23,506.0,-1.03,425.0
PG,0.16,224.0,262.5,-0.31,-0.18,277.0,-1.29,453.0,-1.47,401.0,-0.06,267.0,-1.44,488.0,-1.5,426.0,1642347,-0.39,198.0,334.0,-0.96,Jamal Shead,-0.23,193.0,313.5,-1.27,TOR,-0.22,312.0,-1.37,494.0,-1.6,464.0,-0.58,452.0,-1.14,491.0,-1.73,519.0
PG,-0.43,428.0,162.0,0.32,0.34,177.0,-0.91,382.0,-0.58,253.0,0.69,135.0,-1.51,501.0,-0.83,306.0,1629614,0.19,121.0,344.5,-1.02,Andrew Nembhard,-0.25,195.0,255.5,-0.7,IND,1.72,53.0,-1.28,472.0,0.44,154.0,2.09,22.0,-0.25,278.0,1.85,55.0
SG,0.06,246.0,153.0,0.37,0.52,144.0,0.07,179.0,0.59,144.0,1.03,93.0,0.09,171.0,1.12,114.0,1630171,-0.31,187.0,188.0,-0.09,Isaac Okoro,-0.25,196.0,168.5,0.28,CHI,1.16,87.0,0.25,155.0,1.4,99.0,0.58,144.0,2.08,28.0,2.66,35.0
SF,1.15,71.0,173.0,0.22,0.59,137.0,-1.4,477.0,-0.81,282.0,0.77,127.0,-1.35,466.0,-0.59,266.0,1642277,-1.42,403.0,385.0,-1.26,Johnny Furphy,-0.27,197.0,291.5,-1.05,IND,0.9,118.0,-1.28,472.0,-0.38,256.0,1.02,85.0,-0.9,446.0,0.12,193.0
PF,-0.36,399.0,368.5,-0.82,-0.5,359.0,0.43,137.0,-0.07,195.0,-1.18,522.0,0.42,127.0,-0.76,294.0,1626171,0.08,136.0,150.0,0.3,Bobby Portis,-0.28,199.0,240.0,-0.52,MIL,-0.68,446.0,0.79,92.0,0.11,188.0,0.23,206.0,-0.13,232.0,0.09,197.0
SG,0.48,156.0,206.0,-0.02,-0.32,314.0,0.87,96.0,0.54,148.0,-0.11,279.0,0.56,112.0,0.45,160.0,1641763,-0.76,280.0,73.5,1.28,Julian Phillips,-0.28,200.0,99.0,1.25,CHI,0.27,205.0,0.38,140.0,0.64,141.0,0.3,192.0,0.72,96.0,1.01,101.0
C,1.45,43.0,145.5,0.41,0.13,215.0,-2.16,566.0,-2.03,479.0,0.4,184.0,-2.44,605.0,-2.04,490.0,1629637,-1.73,464.0,450.5,-1.89,Jaxson Hayes,-0.28,201.0,340.5,-1.48,LAL,0.18,223.0,-1.85,559.0,-1.67,470.0,1.12,76.0,-1.0,467.0,0.12,193.0
SG,0.14,230.0,321.0,-0.58,-0.71,425.0,-0.95,390.0,-1.66,434.0,-0.54,388.0,-1.0,399.0,-1.54,431.0,1642266,-0.42,204.0,370.5,-1.19,Ja'Kobe Walter,-0.29,202.0,369.5,-1.77,TOR,-0.4,366.0,-0.86,387.0,-1.26,416.0,-0.48,420.0,-0.68,405.0,-1.16,446.0
PG,0.15,226.0,89.0,0.91,0.8,113.0,-1.5,494.0,-0.69,266.0,0.99,99.0,-0.56,307.0,0.43,163.0,1630558,-0.45,211.0,208.5,-0.26,Davion Mitchell,-0.29,203.0,135.0,0.65,MIA,0.7,137.0,-0.54,319.0,0.17,176.0,0.55,154.0,-0.15,241.0,0.39,152.0
SG,-0.1,302.0,377.5,-0.86,-1.5,552.0,-1.77,527.0,-3.26,576.0,-0.84,455.0,-0.98,394.0,-1.82,471.0,1630249,-0.2,170.0,449.0,-1.88,Vit Krejci,-0.3,204.0,448.0,-2.74,ATL,-0.53,407.0,-1.27,468.0,-1.81,485.0,0.07,252.0,-2.06,593.0,-1.99,539.0
PG,-0.26,355.0,277.5,-0.36,0.03,229.0,1.01,86.0,1.04,118.0,0.4,184.0,1.09,69.0,1.5,92.0,1630200,-0.04,152.0,173.0,0.05,Tre Jones,-0.31,205.0,216.0,-0.32,CHI,1.05,99.0,0.73,98.0,1.79,79.0,-0.66,474.0,-0.14,236.0,-0.81,380.0
C,0.33,186.0,123.0,0.57,0.81,112.0,-1.97,555.0,-1.16,342.0,0.82,122.0,-0.87,374.0,-0.05,198.0,1629675,-0.63,245.0,352.5,-1.07,Naz Reid,-0.31,206.0,238.0,-0.51,MIN,1.31,75.0,-0.26,241.0,1.06,112.0,0.55,154.0,1.13,64.0,1.68,61.0
SG,-0.23,344.0,84.5,0.95,0.91,105.0,-1.58,507.0,-0.66,261.0,0.49,162.0,-0.7,345.0,-0.22,220.0,1629013,-0.08,158.0,259.5,-0.59,Landry Shamet,-0.31,207.0,162.0,0.35,NYK,-0.05,270.0,-0.19,224.0,-0.24,235.0,0.81,108.0,-0.76,419.0,0.05,203.0
SG,-0.17,324.0,416.0,-1.18,-1.33,524.0,-0.75,348.0,-2.07,486.0,-1.07,506.0,-1.6,512.0,-2.67,545.0,1626162,-0.14,162.0,319.5,-0.91,Kelly Oubre Jr.,-0.32,209.0,396.0,-2.09,PHI,-1.0,510.0,-1.16,450.0,-2.16,513.0,-0.03,279.0,-0.48,353.0,-0.52,310.0
C,-0.31,380.0,418.0,-1.21,-1.21,507.0,0.28,155.0,-0.92,296.0,-1.27,536.0,0.79,96.0,-0.48,253.0,1630568,-0.01,149.0,291.5,-0.76,Luka Garza,-0.32,210.0,383.5,-1.97,BOS,-0.38,356.0,-0.7,356.0,-1.09,388.0,-0.65,470.0,-0.61,392.0,-1.26,457.0
PF,-0.18,327.0,323.5,-0.59,0.45,154.0,-0.98,398.0,-0.53,245.0,0.78,126.0,-0.18,213.0,0.6,146.0,1628381,-0.15,163.0,158.0,0.19,John Collins,-0.32,211.0,224.5,-0.41,LAC,-0.39,361.0,0.93,79.0,0.54,147.0,1.54,44.0,1.28,47.0,2.82,30.0
SF,-1.2,632.0,400.0,-1.05,0.21,201.0,0.95,89.0,1.17,113.0,-0.91,469.0,-0.4,268.0,-1.31,399.0,1628970,0.87,68.0,230.5,-0.38,Miles Bridges,-0.33,212.0,332.0,-1.42,CHA,-0.87,492.0,-0.82,376.0,-1.7,474.0,0.57,149.0,-0.96,458.0,-0.39,282.0
PG,-0.22,342.0,119.0,0.6,0.43,157.0,-1.26,447.0,-0.83,285.0,0.61,143.0,-1.25,448.0,-0.64,273.0,1631245,-0.12,160.0,324.0,-0.92,Quenton Jackson,-0.34,213.0,216.0,-0.32,IND,0.68,142.0,-0.92,400.0,-0.24,235.0,0.38,178.0,-0.42,338.0,-0.05,220.0
C,0.88,92.0,179.5,0.16,2.2,37.0,-0.54,293.0,1.66,87.0,1.49,71.0,-0.86,373.0,0.63,142.0,1628396,-1.23,361.0,255.0,-0.57,Tony Bradley,-0.35,215.0,224.5,-0.41,IND,1.34,74.0,-0.9,396.0,0.44,154.0,1.35,59.0,-0.71,407.0,0.64,131.0
SG,-0.1,303.0,500.0,-2.72,-2.25,608.0,1.01,86.0,-1.23,354.0,-2.23,611.0,0.7,103.0,-1.53,429.0,1630551,-0.26,179.0,175.5,0.02,Justin Champagnie,-0.37,216.0,440.5,-2.69,WAS,-1.91,602.0,0.49,128.0,-1.42,440.0,-1.48,581.0,0.87,80.0,-0.61,335.0
SF,0.71,115.0,134.5,0.47,0.02,232.0,-2.2,571.0,-2.18,494.0,0.87,116.0,-2.32,589.0,-1.45,416.0,1629312,-1.08,338.0,413.0,-1.43,Haywood Highsmith,-0.37,217.0,283.5,-0.96,BKN,0.94,113.0,-1.27,468.0,-0.33,246.0,0.77,115.0,-0.38,318.0,0.38,154.0
SF,-0.99,603.0,430.5,-1.35,-2.04,593.0,0.7,111.0,-1.34,385.0,-1.28,539.0,1.03,75.0,-0.26,222.0,203084,0.6,85.0,59.0,1.46,Harrison Barnes,-0.39,218.0,180.0,0.1,SAS,-1.68,574.0,0.63,108.0,-1.04,375.0,-1.0,534.0,1.22,55.0,0.22,184.0
C,1.08,77.0,397.5,-1.02,-1.61,560.0,0.11,168.0,-1.5,407.0,-1.11,512.0,-0.22,219.0,-1.33,401.0,203482,-1.48,416.0,167.0,0.11,Kelly Olynyk,-0.4,219.0,277.0,-0.9,SAS,-1.06,515.0,-0.46,299.0,-1.51,456.0,0.2,212.0,0.16,166.0,0.36,159.0
PF,0.39,175.0,38.0,1.74,2.22,34.0,-0.22,221.0,2.0,68.0,2.4,29.0,-0.16,209.0,2.24,56.0,1631243,-0.8,289.0,324.0,-0.92,Mouhamed Gueye,-0.41,220.0,127.0,0.82,ATL,2.7,14.0,-0.26,241.0,2.44,46.0,2.67,10.0,0.78,89.0,3.45,16.0
PF,1.31,51.0,143.0,0.43,1.16,85.0,-2.96,619.0,-1.81,456.0,1.6,60.0,-2.44,605.0,-0.84,307.0,1630214,-1.76,476.0,446.5,-1.86,Xavier Tillman,-0.45,222.0,333.5,-1.43,BOS,0.97,106.0,-2.26,595.0,-1.29,425.0,-0.73,488.0,-0.99,464.0,-1.72,517.0
C,0.38,176.0,139.5,0.45,-0.95,480.0,0.09,172.0,-0.86,288.0,-0.69,424.0,-0.17,211.0,-0.87,310.0,1642276,-0.84,294.0,136.5,0.39,Kel'el Ware,-0.47,223.0,125.0,0.85,MIA,-0.61,428.0,-0.21,228.0,-0.81,326.0,-0.7,483.0,0.05,187.0,-0.65,342.0
PG,0.08,242.0,145.5,0.41,-0.14,268.0,-0.49,281.0,-0.62,258.0,0.06,235.0,-0.62,328.0,-0.56,259.0,1631246,-0.55,231.0,243.0,-0.48,Vince Williams Jr.,-0.47,226.0,196.5,-0.08,MEM,0.35,191.0,0.22,158.0,0.57,143.0,-1.17,551.0,0.64,103.0,-0.52,310.0
SG,-0.67,521.0,355.0,-0.74,-0.68,410.0,-1.25,446.0,-1.94,468.0,-1.14,515.0,-1.63,516.0,-2.76,553.0,1630170,0.2,120.0,302.0,-0.81,Devin Vassell,-0.48,227.0,349.0,-1.55,SAS,-0.55,415.0,-0.96,415.0,-1.5,455.0,-1.08,543.0,-0.39,322.0,-1.48,495.0
SF,-0.31,376.0,124.0,0.56,0.43,157.0,-0.55,297.0,-0.12,199.0,1.24,82.0,-1.04,410.0,0.2,182.0,1629060,-0.18,167.0,183.5,-0.05,Rui Hachimura,-0.49,228.0,147.5,0.51,LAL,1.36,71.0,0.06,183.0,1.42,98.0,1.67,37.0,-0.32,301.0,1.35,78.0
C,0.48,157.0,419.0,-1.23,-0.64,401.0,-0.67,324.0,-1.31,377.0,-0.39,346.0,-0.6,317.0,-0.99,331.0,1641750,-0.97,315.0,471.0,-2.3,Ryan Kalkbrenner,-0.49,229.0,479.5,-3.53,CHA,-0.38,356.0,-0.58,330.0,-0.96,359.0,-0.6,458.0,-0.37,314.0,-0.97,412.0
C,-0.08,289.0,209.5,-0.04,0.02,232.0,-1.01,407.0,-1.0,313.0,0.57,149.0,-0.95,388.0,-0.38,239.0,1631109,-0.44,210.0,391.0,-1.29,Mark Williams,-0.52,232.0,320.5,-1.33,PHX,0.18,223.0,-0.28,247.0,-0.1,211.0,-0.95,525.0,-0.61,392.0,-1.55,500.0
SG,0.48,158.0,81.5,0.97,0.29,188.0,-1.74,525.0,-1.45,397.0,0.6,145.0,-2.14,567.0,-1.55,433.0,1630692,-1.01,321.0,311.0,-0.88,Jordan Goodwin,-0.53,233.0,181.0,0.09,PHX,0.38,186.0,-1.67,539.0,-1.29,425.0,-0.48,420.0,-0.58,383.0,-1.06,431.0
SG,-1.19,630.0,375.5,-0.85,-0.44,344.0,-1.19,435.0,-1.63,427.0,-0.59,401.0,-0.65,335.0,-1.24,388.0,1629656,0.65,81.0,273.5,-0.67,Quentin Grimes,-0.54,234.0,343.0,-1.51,PHI,-1.28,543.0,-1.51,515.0,-2.79,557.0,-2.47,626.0,1.05,70.0,-1.42,488.0
C,-0.03,278.0,267.5,-0.32,-0.1,261.0,0.52,124.0,0.42,154.0,-0.03,257.0,0.54,115.0,0.51,154.0,1631131,-0.51,221.0,170.5,0.07,Oscar Tshiebwe,-0.54,235.0,207.0,-0.25,UTA,-0.04,268.0,0.59,114.0,0.55,145.0,-0.27,361.0,0.58,112.0,0.31,170.0
PF,-1.21,633.0,452.5,-1.52,-0.9,467.0,2.07,36.0,1.17,113.0,-1.57,558.0,1.44,57.0,-0.13,210.0,1630167,0.65,82.0,33.0,2.14,Obi Toppin,-0.56,237.0,137.0,0.63,IND,-2.47,619.0,1.79,39.0,-0.68,301.0,-2.81,632.0,0.92,77.0,-1.89,533.0
SG,-0.84,563.0,321.0,-0.58,-1.18,504.0,0.99,88.0,-0.19,205.0,-1.02,494.0,0.15,163.0,-0.87,310.0,1628370,0.27,115.0,88.0,1.1,Malik Monk,-0.57,238.0,146.0,0.52,SAC,-1.73,581.0,0.84,87.0,-0.9,346.0,-0.28,365.0,0.96,74.0,0.67,129.0
SG,-0.99,602.0,456.0,-1.53,-1.91,585.0,-0.48,277.0,-2.39,517.0,-1.83,590.0,-0.19,215.0,-2.02,488.0,1629628,0.42,95.0,143.5,0.34,RJ Barrett,-0.57,240.0,304.0,-1.19,TOR,-0.85,484.0,0.52,121.0,-0.33,246.0,-1.2,556.0,0.32,146.0,-0.88,394.0
SG,-0.7,527.0,280.5,-0.37,-0.69,417.0,-0.55,297.0,-1.23,354.0,-0.83,454.0,0.07,175.0,-0.76,294.0,1629130,0.12,128.0,172.0,0.06,Duncan Robinson,-0.58,241.0,214.0,-0.31,DET,-0.12,291.0,-0.34,266.0,-0.45,268.0,0.66,129.0,-0.59,386.0,0.07,200.0
SG,-0.28,364.0,445.5,-1.44,-1.89,582.0,-0.81,365.0,-2.7,543.0,-1.68,572.0,-1.02,407.0,-2.7,550.0,1641810,-0.3,186.0,391.0,-1.29,Antonio Reeves,-0.58,242.0,446.5,-2.73,CHA,-1.49,559.0,-0.82,376.0,-2.31,523.0,-1.42,577.0,-0.75,415.0,-2.17,551.0
PF,-0.23,346.0,215.5,-0.08,0.39,165.0,-0.61,310.0,-0.22,211.0,0.96,105.0,-0.33,244.0,0.64,139.0,1626220,-0.36,193.0,205.5,-0.25,Royce O'Neale,-0.58,243.0,218.5,-0.33,PHX,0.59,149.0,-0.06,201.0,0.53,148.0,-0.56,447.0,0.25,154.0,-0.31,264.0
PG,-0.89,579.0,262.5,-0.31,-0.93,473.0,0.33,150.0,-0.6,255.0,-0.88,462.0,0.41,129.0,-0.47,252.0,1642285,0.3,110.0,191.0,-0.1,Cam Spencer,-0.59,244.0,224.5,-0.41,MEM,-0.74,459.0,0.55,120.0,-0.19,226.0,-0.52,433.0,0.41,134.0,-0.11,226.0
C,1.25,59.0,41.0,1.72,2.84,15.0,-2.37,589.0,0.47,151.0,3.54,6.0,-2.06,564.0,1.48,94.0,201572,-1.86,511.0,366.5,-1.16,Brook Lopez,-0.61,245.0,143.0,0.55,LAC,1.66,57.0,-1.49,511.0,0.17,176.0,0.97,91.0,-0.98,462.0,-0.01,212.0
PF,0.22,214.0,114.5,0.64,-0.33,318.0,-1.27,450.0,-1.6,421.0,0.13,227.0,-1.33,463.0,-1.2,378.0,1642346,-0.83,292.0,273.5,-0.67,Ryan Dunn,-0.61,246.0,192.5,-0.03,PHX,0.12,236.0,-0.84,380.0,-0.72,306.0,0.31,188.0,-0.29,294.0,0.02,208.0
PG,0.05,249.0,244.0,-0.22,-0.33,318.0,-2.0,556.0,-2.33,513.0,-0.25,313.0,-2.01,560.0,-2.26,509.0,1631120,-0.66,252.0,398.5,-1.35,JD Davison,-0.61,247.0,350.0,-1.56,HOU,-0.06,273.0,-1.5,513.0,-1.56,458.0,-0.45,412.0,-1.44,528.0,-1.89,533.0
SG,-1.1,621.0,489.0,-2.3,-2.74,623.0,0.94,91.0,-1.8,454.0,-2.2,610.0,0.75,101.0,-1.45,416.0,203468,0.48,92.0,44.0,1.79,CJ McCollum,-0.62,248.0,235.5,-0.5,WAS,-1.84,593.0,0.39,137.0,-1.45,445.0,-2.23,617.0,0.21,160.0,-2.02,541.0
SG,0.94,84.0,231.5,-0.17,-0.51,362.0,-0.29,232.0,-0.8,279.0,-0.95,479.0,0.78,98.0,-0.17,217.0,203914,-1.58,435.0,291.5,-0.76,Gary Harris,-0.64,249.0,281.0,-0.93,MIL,0.38,186.0,0.18,163.0,0.56,144.0,0.62,139.0,-0.16,245.0,0.46,144.0
C,0.31,192.0,238.0,-0.19,0.35,173.0,-1.84,539.0,-1.49,405.0,0.42,180.0,-2.06,564.0,-1.64,447.0,1629651,-0.95,312.0,494.0,-2.94,Nicolas Claxton,-0.64,250.0,464.0,-3.13,BKN,-0.41,371.0,-3.85,640.0,-4.26,630.0,-1.21,558.0,-2.91,627.0,-4.12,625.0
SG,0.13,234.0,,,,,,,,,,,,,,,1642260,-0.78,285.0,,,Nikola Topić,-0.66,251.0,,,OKC,,,,,,,,,,,,
PG,-0.72,531.0,368.5,-0.82,-0.9,467.0,-0.41,259.0,-1.31,377.0,-0.71,430.0,-0.37,257.0,-1.08,351.0,1631204,0.06,142.0,336.5,-0.98,Marcus Sasser,-0.66,252.0,373.0,-1.79,DET,-0.85,484.0,-0.74,361.0,-1.59,462.0,0.42,172.0,-0.02,203.0,0.4,149.0
PF,-0.18,326.0,452.5,-1.52,-1.66,564.0,-2.67,607.0,-4.33,617.0,-1.54,554.0,-2.72,619.0,-4.25,621.0,1641730,-0.48,215.0,387.0,-1.27,Noah Clowney,-0.66,253.0,449.0,-2.79,BKN,-1.61,570.0,-2.45,611.0,-4.06,625.0,-1.89,601.0,-1.98,585.0,-3.87,623.0
SG,-0.63,506.0,437.0,-1.39,-1.36,529.0,-1.71,522.0,-3.06,565.0,-1.25,531.0,-1.69,527.0,-2.93,561.0,1642954,-0.05,154.0,441.0,-1.82,Will Richard,-0.68,254.0,470.5,-3.21,GSW,-1.27,541.0,-1.7,544.0,-2.97,573.0,-1.17,551.0,-1.38,520.0,-2.54,576.0
SF,-0.22,339.0,156.0,0.35,-0.54,365.0,-0.32,237.0,-0.87,289.0,-0.44,356.0,-0.73,354.0,-1.17,373.0,1631323,-0.48,213.0,273.5,-0.67,Simone Fontecchio,-0.69,255.0,216.0,-0.32,MIA,0.63,145.0,0.12,174.0,0.75,132.0,-0.24,346.0,0.46,124.0,0.22,184.0
PF,-0.29,369.0,306.5,-0.52,-0.57,377.0,-0.18,212.0,-0.74,272.0,-0.47,366.0,-0.09,200.0,-0.56,259.0,1631199,-0.42,203.0,213.0,-0.29,Ron Harper Jr.,-0.7,256.0,267.5,-0.81,BOS,-0.63,430.0,-0.22,231.0,-0.85,335.0,-0.24,346.0,-0.05,211.0,-0.29,259.0
SG,0.22,212.0,117.5,0.62,0.12,216.0,-0.33,240.0,-0.21,209.0,0.23,211.0,-0.21,218.0,0.02,192.0,1642353,-0.93,309.0,319.5,-0.91,Cam Christie,-0.71,257.0,213.0,-0.3,LAC,0.35,191.0,-0.15,214.0,0.2,172.0,0.45,168.0,-0.09,221.0,0.36,159.0
SG,-0.79,549.0,159.5,0.33,-0.09,260.0,0.44,135.0,0.35,160.0,0.05,238.0,0.56,112.0,0.61,144.0,1642844,0.07,140.0,80.5,1.18,Dylan Harper,-0.72,258.0,81.5,1.51,SAS,0.14,231.0,0.59,114.0,0.73,134.0,0.3,192.0,0.61,106.0,0.91,111.0
SG,-0.09,296.0,175.0,0.21,-0.0,236.0,0.94,91.0,0.94,125.0,0.25,207.0,0.99,80.0,1.24,106.0,1630611,-0.63,244.0,151.0,0.29,Gui Santos,-0.72,259.0,149.5,0.5,GSW,0.45,171.0,1.14,64.0,1.59,89.0,0.53,157.0,1.61,35.0,2.14,51.0
SF,0.14,229.0,359.0,-0.76,-1.43,546.0,0.11,168.0,-1.32,381.0,-1.19,524.0,0.08,172.0,-1.11,358.0,1631222,-0.86,297.0,104.0,0.83,Jake LaRavia,-0.72,260.0,182.0,0.08,LAL,-0.78,465.0,0.4,135.0,-0.38,256.0,-0.74,491.0,1.22,55.0,0.48,141.0
SG,-0.62,504.0,443.0,-1.43,-0.27,302.0,2.0,38.0,1.73,81.0,-0.98,483.0,2.14,32.0,1.16,111.0,1628379,-0.1,159.0,44.0,1.79,Luke Kennard,-0.72,261.0,162.0,0.35,ATL,-1.89,597.0,1.11,71.0,-0.78,322.0,-1.35,571.0,1.93,29.0,0.57,135.0
SG,-0.36,403.0,298.0,-0.45,-0.19,281.0,-1.57,505.0,-1.77,449.0,0.03,243.0,-1.5,499.0,-1.47,420.0,1641757,-0.36,195.0,324.0,-0.92,Jordan Miller,-0.73,262.0,327.5,-1.37,LAC,-0.07,276.0,-1.21,460.0,-1.28,422.0,0.07,252.0,-1.11,484.0,-1.04,427.0
SF,-1.01,609.0,215.5,-0.08,-0.11,264.0,-1.43,485.0,-1.54,410.0,0.23,211.0,-1.89,548.0,-1.66,449.0,1630530,0.28,114.0,478.0,-2.39,Trey Murphy III,-0.73,263.0,429.0,-2.47,NOP,0.96,108.0,-2.02,579.0,-1.06,379.0,-1.09,545.0,-2.21,602.0,-3.3,606.0
C,1.14,73.0,165.0,0.28,0.63,136.0,-1.9,547.0,-1.26,365.0,0.99,99.0,-2.55,611.0,-1.56,435.0,1628380,-1.88,516.0,436.0,-1.71,Zach Collins,-0.74,264.0,333.5,-1.43,CHI,0.45,171.0,-3.25,635.0,-2.8,559.0,0.88,101.0,-1.22,505.0,-0.35,274.0
PF,-0.05,283.0,69.5,1.13,0.49,148.0,-0.22,221.0,0.27,167.0,0.91,112.0,-0.73,354.0,0.18,183.0,1641824,-0.7,265.0,438.0,-1.76,Matas Buzelis,-0.74,265.0,249.0,-0.63,CHI,0.82,126.0,-0.98,417.0,-0.17,222.0,0.73,123.0,-0.6,389.0,0.13,191.0
SF,-0.91,584.0,445.5,-1.44,-0.62,394.0,-2.35,587.0,-2.97,556.0,-0.6,405.0,-2.22,577.0,-2.82,555.0,1642843,0.17,123.0,506.0,-3.66,Cooper Flagg,-0.74,266.0,504.0,-5.09,DAL,-0.64,433.0,-2.33,602.0,-2.97,573.0,-0.57,448.0,-2.21,602.0,-2.78,587.0
C,-0.08,290.0,468.5,-1.7,-0.49,356.0,-0.46,272.0,-0.95,303.0,-0.4,350.0,-0.37,257.0,-0.77,298.0,1642852,-0.68,260.0,230.5,-0.38,Derik Queen,-0.76,267.0,392.0,-2.07,NOP,-0.31,337.0,-0.27,244.0,-0.58,281.0,-0.08,297.0,0.11,173.0,0.03,207.0
SG,-1.11,623.0,466.5,-1.66,-0.8,444.0,-2.23,576.0,-3.03,563.0,-0.37,341.0,-2.02,562.0,-2.39,522.0,1630245,0.35,105.0,304.0,-0.83,Ayo Dosunmu,-0.77,268.0,431.0,-2.49,CHI,-1.61,570.0,-0.84,380.0,-2.46,532.0,-1.97,608.0,-0.34,306.0,-2.32,563.0
SF,-0.91,583.0,432.5,-1.36,-1.37,532.0,-1.43,485.0,-2.8,551.0,-1.05,502.0,-1.22,442.0,-2.27,511.0,1641706,0.11,131.0,400.0,-1.36,Brandon Miller,-0.8,272.0,446.5,-2.73,CHA,-0.73,458.0,-1.57,522.0,-2.29,520.0,-0.42,403.0,-1.26,511.0,-1.68,511.0
C,-0.5,458.0,456.0,-1.53,-1.84,578.0,0.73,106.0,-1.11,331.0,-1.73,580.0,0.51,116.0,-1.21,380.0,1641871,-0.3,185.0,301.0,-0.8,Duop Reath,-0.8,273.0,417.0,-2.33,POR,-1.73,581.0,0.5,125.0,-1.24,411.0,-0.98,530.0,-0.29,294.0,-1.27,459.0
SF,-0.41,420.0,241.5,-0.21,-0.86,457.0,-1.42,482.0,-2.29,508.0,-0.9,466.0,-1.39,478.0,-2.29,513.0,1641783,-0.41,202.0,342.5,-1.01,Tristan da Silva,-0.82,275.0,307.5,-1.22,ORL,-0.67,444.0,-1.32,482.0,-2.0,498.0,-0.6,458.0,-1.04,475.0,-1.64,507.0
PG,-0.3,372.0,167.0,0.27,0.37,168.0,0.88,95.0,1.25,111.0,0.2,217.0,0.66,105.0,0.86,129.0,1626156,-0.52,223.0,108.5,0.74,D'Angelo Russell,-0.82,276.0,117.0,1.01,DAL,1.5,64.0,1.32,57.0,2.82,32.0,1.45,52.0,-0.03,206.0,1.42,73.0
C,-0.02,273.0,405.0,-1.1,-0.47,352.0,-1.11,428.0,-1.59,420.0,-0.11,279.0,-1.36,469.0,-1.47,420.0,1628963,-0.8,288.0,375.5,-1.22,Marvin Bagley III,-0.82,277.0,416.0,-2.32,WAS,0.0,259.0,-0.94,408.0,-0.93,354.0,-0.25,350.0,-0.97,460.0,-1.22,451.0
SF,-0.19,330.0,280.5,-0.37,-0.44,344.0,0.78,102.0,0.34,162.0,-0.93,474.0,0.86,93.0,-0.07,199.0,203114,-0.64,246.0,68.0,1.33,Khris Middleton,-0.82,278.0,119.0,0.96,WAS,-1.26,539.0,0.69,100.0,-0.57,278.0,-0.8,503.0,0.57,113.0,-0.23,248.0
PF,-1.18,629.0,468.5,-1.7,-1.91,585.0,-0.16,209.0,-2.07,486.0,-3.13,635.0,-0.49,289.0,-3.62,598.0,1629640,0.35,104.0,233.0,-0.39,Keldon Johnson,-0.83,279.0,396.0,-2.09,SAS,-2.47,619.0,-0.59,333.0,-3.06,578.0,-1.77,597.0,-1.02,471.0,-2.8,588.0
C,-0.04,282.0,423.5,-1.3,-1.54,555.0,-0.94,387.0,-2.48,527.0,-0.92,471.0,-1.12,426.0,-2.03,489.0,1631218,-0.79,286.0,394.5,-1.31,Trayce Jackson-Davis,-0.84,280.0,437.0,-2.61,GSW,-0.41,371.0,-1.07,433.0,-1.48,452.0,-0.68,481.0,-1.56,543.0,-2.24,558.0
SG,-0.86,571.0,508.0,-3.58,-3.36,635.0,0.23,159.0,-3.13,568.0,-3.36,637.0,-0.14,206.0,-3.5,594.0,1629018,0.02,146.0,203.0,-0.21,Gary Trent Jr.,-0.84,281.0,488.0,-3.78,MIL,-3.51,641.0,0.91,81.0,-2.6,544.0,-2.45,625.0,1.13,64.0,-1.32,469.0
PG,0.06,247.0,122.0,0.58,-0.78,440.0,-2.61,605.0,-3.39,581.0,0.84,119.0,-1.53,506.0,-0.69,282.0,1630314,-0.9,300.0,383.0,-1.25,Brandon Williams,-0.84,282.0,253.0,-0.66,DAL,0.94,113.0,-1.32,482.0,-0.39,259.0,1.51,46.0,-0.52,361.0,0.98,104.0
SG,0.47,161.0,304.5,-0.51,-0.87,460.0,-1.59,509.0,-2.46,525.0,-1.02,494.0,-1.28,456.0,-2.3,514.0,1630182,-1.32,382.0,443.0,-1.84,Josh Green,-0.86,283.0,418.5,-2.35,CHA,-1.56,567.0,-1.37,494.0,-2.93,569.0,0.29,196.0,-2.38,611.0,-2.08,545.0
SG,-2.42,667.0,505.0,-3.33,-3.65,638.0,-0.53,290.0,-4.18,612.0,-3.46,638.0,0.44,125.0,-3.02,568.0,1630560,1.55,43.0,160.0,0.18,Cam Thomas,-0.86,285.0,466.0,-3.15,BKN,-3.06,638.0,0.87,83.0,-2.19,515.0,-2.34,620.0,0.64,103.0,-1.7,513.0
PG,0.25,204.0,428.5,-1.34,-2.01,591.0,-0.7,333.0,-2.72,545.0,-1.89,595.0,-1.01,404.0,-2.9,560.0,1641854,-1.12,343.0,304.0,-0.83,Craig Porter,-0.87,286.0,403.0,-2.17,CLE,-1.69,575.0,-1.27,468.0,-2.95,572.0,-1.01,536.0,-1.25,509.0,-2.25,560.0
SG,-0.53,472.0,407.5,-1.14,-0.66,405.0,-0.97,394.0,-1.63,427.0,-0.6,405.0,-1.17,433.0,-1.77,463.0,1631108,-0.35,192.0,331.5,-0.95,Max Christie,-0.88,288.0,396.0,-2.09,DAL,-0.31,337.0,-0.75,362.0,-1.06,379.0,-0.49,423.0,0.5,119.0,0.01,209.0
PG,0.87,95.0,199.5,0.03,0.47,151.0,1.18,70.0,1.64,89.0,0.29,204.0,1.29,60.0,1.59,84.0,201144,-1.76,474.0,84.0,1.15,Mike Conley,-0.89,289.0,103.0,1.18,MIN,0.98,104.0,-0.34,266.0,0.65,140.0,1.17,73.0,0.81,86.0,1.98,53.0
PF,0.2,217.0,137.5,0.46,1.06,91.0,-1.16,433.0,-0.1,197.0,1.53,67.0,-1.11,423.0,0.42,164.0,1631107,-1.09,339.0,279.5,-0.69,Nikola Jovic,-0.89,290.0,203.5,-0.23,MIA,1.58,59.0,-0.79,370.0,0.79,127.0,0.23,206.0,-1.14,491.0,-0.9,400.0
C,1.04,79.0,283.5,-0.39,0.45,154.0,-0.77,357.0,-0.32,221.0,-0.52,383.0,-0.93,385.0,-1.45,416.0,203083,-1.93,533.0,284.5,-0.71,Andre Drummond,-0.89,291.0,297.0,-1.1,PHI,-1.09,519.0,-0.37,275.0,-1.46,447.0,-0.81,506.0,-1.83,572.0,-2.64,580.0
PF,0.02,262.0,262.5,-0.31,0.42,160.0,-2.19,569.0,-1.77,449.0,0.51,158.0,-1.92,550.0,-1.41,410.0,1641774,-0.93,308.0,499.0,-3.29,Tristan Vukcevic,-0.9,292.0,483.0,-3.6,WAS,0.59,149.0,-1.95,572.0,-1.36,433.0,-0.54,440.0,-1.62,550.0,-2.16,550.0
SG,-0.69,525.0,340.0,-0.67,-1.41,543.0,-1.04,416.0,-2.45,522.0,-1.39,544.0,-1.0,399.0,-2.39,522.0,1642258,-0.25,174.0,259.5,-0.59,Zaccharie Risacher,-0.93,293.0,311.0,-1.26,ATL,-1.21,533.0,-1.28,472.0,-2.49,535.0,-1.3,567.0,-0.83,435.0,-2.12,546.0
SF,-1.02,610.0,471.5,-1.78,-2.36,610.0,0.14,165.0,-2.22,499.0,-2.41,616.0,0.33,139.0,-2.08,496.0,1627777,0.08,139.0,102.5,0.84,Georges Niang,-0.95,294.0,282.0,-0.95,UTA,-2.74,630.0,0.73,98.0,-2.01,501.0,-2.18,615.0,1.16,61.0,-1.02,423.0
PF,-0.62,501.0,254.0,-0.26,-0.28,305.0,-1.3,455.0,-1.58,418.0,0.16,221.0,-1.1,419.0,-0.94,320.0,1630228,-0.34,189.0,416.5,-1.45,Jonathan Kuminga,-0.96,295.0,365.0,-1.71,GSW,0.76,133.0,-0.85,384.0,-0.09,209.0,0.23,206.0,-1.49,533.0,-1.26,457.0
SF,0.89,89.0,108.5,0.71,1.36,71.0,-1.69,519.0,-0.34,223.0,1.54,66.0,-1.64,519.0,-0.11,207.0,1631200,-1.85,509.0,489.0,-2.68,Kris Murray,-0.97,297.0,383.5,-1.97,POR,1.66,57.0,-1.7,544.0,-0.04,204.0,0.61,140.0,-1.51,538.0,-0.9,400.0
SG,0.05,252.0,262.5,-0.31,-0.27,302.0,-2.31,585.0,-2.58,539.0,0.11,230.0,-2.71,618.0,-2.61,537.0,1631212,-1.02,326.0,416.5,-1.45,Peyton Watson,-0.97,298.0,368.0,-1.76,DEN,0.44,173.0,-2.98,627.0,-2.55,541.0,-0.11,303.0,-1.35,516.0,-1.46,492.0
SG,-0.33,388.0,352.5,-0.72,0.7,126.0,-1.7,521.0,-1.01,314.0,-0.17,294.0,-1.7,529.0,-1.87,478.0,203952,-0.65,249.0,352.5,-1.07,Andrew Wiggins,-0.98,299.0,373.0,-1.79,MIA,-1.13,523.0,-1.4,500.0,-2.53,539.0,0.06,256.0,-2.25,605.0,-2.2,555.0
PG,-0.74,535.0,473.5,-1.8,-0.29,308.0,0.04,184.0,-0.25,216.0,-1.41,547.0,-1.46,494.0,-2.87,559.0,1627749,-0.25,175.0,126.0,0.52,Dejounte Murray,-0.99,300.0,313.5,-1.27,NOP,-2.48,621.0,-0.12,208.0,-2.6,544.0,-0.42,403.0,-1.62,550.0,-2.03,542.0
SG,-0.27,359.0,449.5,-1.5,-1.86,579.0,-1.38,472.0,-3.24,573.0,-1.64,566.0,-1.5,499.0,-3.15,574.0,1641711,-0.72,267.0,375.5,-1.22,Gradey Dick,-0.99,301.0,444.5,-2.72,TOR,-1.75,584.0,-1.75,547.0,-3.5,603.0,-0.47,417.0,-0.06,213.0,-0.53,312.0
SG,-0.4,415.0,394.5,-1.0,-2.19,605.0,-0.4,256.0,-2.59,540.0,-1.8,589.0,-0.81,366.0,-2.61,537.0,202691,-0.6,236.0,319.5,-0.91,Klay Thompson,-1.0,302.0,380.0,-1.92,DAL,-2.46,618.0,-1.06,430.0,-3.51,605.0,-0.9,518.0,-1.7,559.0,-2.6,577.0
SF,-0.74,537.0,466.5,-1.66,-2.05,594.0,-0.37,249.0,-2.42,519.0,-1.86,591.0,-0.5,293.0,-2.36,518.0,1641715,-0.26,180.0,249.5,-0.53,Cam Whitmore,-1.01,303.0,408.0,-2.19,WAS,-1.82,592.0,-0.53,315.0,-2.35,525.0,-1.25,562.0,-0.19,256.0,-1.44,491.0
PG,-1.22,635.0,501.0,-2.77,-2.66,618.0,-1.02,411.0,-3.68,595.0,-2.35,614.0,-1.93,552.0,-4.28,622.0,1631093,0.21,117.0,398.5,-1.35,Jaden Ivey,-1.01,304.0,493.5,-4.12,DET,-1.97,607.0,-0.94,408.0,-2.91,565.0,-1.64,590.0,-1.03,473.0,-2.67,581.0
SG,0.25,205.0,143.0,0.43,-0.56,373.0,-0.01,194.0,-0.57,251.0,-0.41,353.0,0.07,175.0,-0.33,233.0,1642883,-1.27,368.0,110.5,0.7,Sion James,-1.02,305.0,107.0,1.14,CHA,-0.33,343.0,0.1,177.0,-0.23,232.0,-0.42,403.0,0.28,151.0,-0.15,234.0
SG,-0.34,396.0,363.5,-0.79,-1.18,504.0,-0.28,230.0,-1.46,399.0,-0.9,466.0,-0.4,268.0,-1.3,396.0,1641796,-0.68,261.0,155.0,0.24,Pelle Larsson,-1.03,306.0,242.0,-0.55,MIA,-0.74,459.0,-0.31,258.0,-1.06,379.0,-0.69,482.0,-0.16,245.0,-0.85,386.0
PG,-0.36,401.0,405.0,-1.1,-2.27,609.0,0.08,175.0,-2.19,496.0,-2.06,606.0,-1.93,552.0,-3.99,614.0,1630538,-0.67,254.0,314.0,-0.89,Nah'Shon Hyland,-1.03,307.0,386.5,-1.99,MIN,-0.24,319.0,-2.85,623.0,-3.09,582.0,-0.05,286.0,-1.42,525.0,-1.47,494.0
C,0.21,215.0,402.0,-1.07,-0.34,321.0,-0.1,202.0,-0.44,233.0,-0.82,451.0,0.23,152.0,-0.59,266.0,202685,-1.24,362.0,85.0,1.13,Jonas Valanciunas,-1.03,308.0,185.0,0.06,DEN,-0.97,507.0,0.86,84.0,-0.1,211.0,-1.72,594.0,-0.22,265.0,-1.95,538.0
C,-0.09,295.0,251.5,-0.25,-0.2,285.0,-0.34,243.0,-0.54,247.0,-0.11,279.0,-0.24,223.0,-0.34,235.0,1642449,-0.95,313.0,259.5,-0.59,Tolu Smith,-1.04,310.0,273.0,-0.85,DET,-0.02,262.0,-0.15,214.0,-0.17,222.0,0.14,233.0,-0.01,200.0,0.12,193.0
SF,0.37,178.0,287.5,-0.4,-2.21,607.0,0.29,154.0,-1.92,467.0,-1.67,569.0,-1.01,404.0,-2.68,548.0,1630587,-1.42,405.0,185.0,-0.07,Isaiah Livers,-1.05,311.0,231.0,-0.47,PHX,-2.52,622.0,-1.08,436.0,-3.6,608.0,0.03,264.0,-0.27,287.0,-0.25,252.0
C,1.29,54.0,126.5,0.54,1.84,52.0,-2.21,572.0,-0.37,228.0,1.62,59.0,-1.26,451.0,0.37,169.0,1630191,-2.34,609.0,410.0,-1.41,Isaiah Stewart,-1.06,312.0,274.5,-0.87,DET,0.94,113.0,-1.63,534.0,-0.69,303.0,0.89,99.0,-1.35,516.0,-0.46,296.0
SF,-0.45,437.0,220.0,-0.1,-0.34,321.0,-0.36,246.0,-0.7,267.0,-0.25,313.0,-0.27,227.0,-0.52,256.0,1642434,-0.61,237.0,220.5,-0.33,Riley Minix,-1.06,313.0,228.5,-0.44,SAS,-0.16,298.0,-0.2,226.0,-0.36,254.0,0.01,269.0,-0.07,215.0,-0.06,222.0
SG,0.58,139.0,73.0,1.08,-0.45,348.0,-3.04,623.0,-3.49,590.0,-0.29,322.0,-3.15,629.0,-3.44,590.0,1631207,-1.67,450.0,490.0,-2.7,Dalen Terry,-1.09,315.0,355.5,-1.62,CHI,-0.11,288.0,-3.05,629.0,-3.16,587.0,-0.43,406.0,-3.72,632.0,-4.15,626.0
SG,-1.6,655.0,427.0,-1.32,-1.27,517.0,1.72,46.0,0.45,153.0,-0.68,422.0,1.22,63.0,0.54,149.0,201942,0.51,88.0,63.5,1.37,DeMar DeRozan,-1.09,317.0,186.5,0.05,SAC,-1.5,560.0,1.32,57.0,-0.18,224.0,-0.83,509.0,0.93,75.0,0.1,196.0
SG,-2.09,665.0,484.5,-2.05,-0.61,390.0,0.55,120.0,-0.06,193.0,0.03,243.0,0.13,167.0,0.16,186.0,203897,0.99,62.0,136.5,0.39,Zach LaVine,-1.1,318.0,361.0,-1.66,SAC,-1.2,532.0,0.03,188.0,-1.18,402.0,-1.74,595.0,1.02,72.0,-0.72,361.0
SG,-0.95,595.0,409.0,-1.15,-1.46,550.0,0.94,91.0,-0.52,243.0,-1.72,577.0,1.18,65.0,-0.54,257.0,203501,-0.16,165.0,97.0,0.91,Tim Hardaway Jr.,-1.1,319.0,205.5,-0.24,DEN,-2.24,615.0,0.32,148.0,-1.92,492.0,-0.99,532.0,0.17,164.0,-0.82,382.0
PF,-0.37,406.0,356.5,-0.75,-1.07,493.0,0.47,130.0,-0.6,255.0,-0.82,451.0,0.44,125.0,-0.38,239.0,1627824,-0.74,270.0,118.0,0.62,Guerschon Yabusele,-1.11,321.0,198.0,-0.12,NYK,-0.81,471.0,0.5,125.0,-0.3,242.0,-0.76,497.0,1.2,57.0,0.44,147.0
C,-0.48,452.0,179.5,0.16,-0.14,268.0,-0.83,371.0,-0.97,307.0,-0.04,261.0,-0.76,359.0,-0.79,302.0,1631159,-0.65,248.0,289.0,-0.75,Leonard Miller,-1.13,322.0,245.5,-0.59,MIN,0.02,254.0,-0.61,337.0,-0.58,281.0,0.03,264.0,-0.6,389.0,-0.57,322.0
SG,-0.02,274.0,290.5,-0.41,-0.96,481.0,-3.49,631.0,-4.46,621.0,-0.77,442.0,-3.53,634.0,-4.3,624.0,1631111,-1.12,342.0,484.5,-2.5,Wendell Moore Jr.,-1.14,323.0,453.5,-2.91,DET,-0.29,330.0,-2.79,621.0,-3.08,581.0,-0.26,355.0,-2.48,616.0,-2.74,585.0
PG,-1.99,662.0,470.0,-1.72,-2.15,603.0,0.91,94.0,-1.24,358.0,-1.94,598.0,0.04,180.0,-1.9,483.0,1629014,0.84,70.0,245.5,-0.51,Anfernee Simons,-1.15,324.0,410.5,-2.23,BOS,-2.18,612.0,-0.42,290.0,-2.6,544.0,-0.28,365.0,-1.85,574.0,-2.13,548.0
SF,-0.33,387.0,98.0,0.77,0.35,173.0,-0.21,218.0,0.14,176.0,0.43,177.0,0.1,170.0,0.53,151.0,1630230,-0.82,291.0,349.5,-1.05,Naji Marshall,-1.15,325.0,208.5,-0.27,DAL,0.57,152.0,0.17,165.0,0.75,132.0,-0.87,514.0,-0.48,353.0,-1.35,474.0
SF,-1.29,638.0,503.0,-3.01,-3.68,639.0,-0.71,336.0,-4.4,618.0,-3.5,639.0,-1.0,399.0,-4.49,627.0,1641729,0.12,127.0,249.5,-0.53,Brice Sensabaugh,-1.17,327.0,481.0,-3.54,UTA,-3.53,642.0,-1.01,423.0,-4.54,634.0,-2.41,624.0,-0.77,422.0,-3.18,602.0
SG,-1.13,624.0,371.0,-0.83,-1.53,553.0,-1.49,492.0,-3.02,561.0,-1.43,549.0,-1.82,542.0,-3.25,582.0,1631097,-0.04,151.0,446.5,-1.86,Bennedict Mathurin,-1.17,328.0,440.5,-2.69,IND,-0.75,461.0,-1.89,563.0,-2.64,551.0,-0.02,277.0,-0.68,405.0,-0.71,359.0
SG,-0.04,280.0,254.0,-0.26,0.09,218.0,-1.35,463.0,-1.26,365.0,0.15,223.0,-1.4,480.0,-1.26,392.0,1631248,-1.14,348.0,410.0,-1.41,Baylor Scheierman,-1.18,329.0,361.0,-1.66,BOS,0.17,227.0,-1.39,497.0,-1.22,408.0,0.2,212.0,-1.08,479.0,-0.88,394.0
SG,-0.17,325.0,416.0,-1.18,-1.34,526.0,-1.2,436.0,-2.54,536.0,-1.02,494.0,-1.44,488.0,-2.46,526.0,1631288,-1.01,320.0,296.0,-0.78,Jamal Cain,-1.18,330.0,381.5,-1.95,ORL,-1.8,590.0,-1.52,517.0,-3.33,596.0,-1.62,589.0,-0.85,438.0,-2.47,570.0
SG,-1.3,639.0,499.0,-2.7,-3.01,630.0,0.68,113.0,-2.34,514.0,-2.95,631.0,-0.27,227.0,-3.22,580.0,1630557,0.11,130.0,120.0,0.61,Corey Kispert,-1.19,331.0,399.0,-2.1,WAS,-2.66,627.0,-0.18,222.0,-2.84,561.0,-1.21,558.0,0.61,106.0,-0.6,333.0
SG,0.08,241.0,452.5,-1.52,-2.68,622.0,-1.14,431.0,-3.82,599.0,-2.52,621.0,-1.06,412.0,-3.58,595.0,1627752,-1.28,372.0,311.0,-0.88,Taurean Prince,-1.19,332.0,425.0,-2.41,MIL,-1.9,599.0,-1.04,427.0,-2.94,571.0,-1.23,561.0,-0.66,401.0,-1.89,533.0
PF,-0.14,316.0,203.0,0.0,-1.58,558.0,-1.37,469.0,-2.94,555.0,-0.45,359.0,-0.61,322.0,-1.05,345.0,1630570,-1.06,334.0,373.0,-1.21,Trendon Watford,-1.21,333.0,306.0,-1.21,PHI,0.87,121.0,-0.71,359.0,0.16,179.0,1.2,69.0,-0.35,308.0,0.86,115.0
SF,-0.94,592.0,390.5,-0.98,-1.1,497.0,1.03,82.0,-0.08,196.0,-0.97,481.0,1.06,72.0,0.09,188.0,1642377,-0.27,181.0,55.0,1.57,Jaylen Wells,-1.21,334.0,140.0,0.59,MEM,-0.46,389.0,1.44,49.0,0.98,116.0,-0.64,467.0,0.93,75.0,0.29,173.0
PF,1.32,50.0,101.0,0.75,0.76,116.0,-0.44,267.0,0.32,163.0,0.59,147.0,0.36,134.0,0.95,123.0,201587,-2.54,630.0,188.0,-0.09,Nicolas Batum,-1.22,336.0,135.0,0.65,LAC,0.69,140.0,-0.02,195.0,0.67,138.0,1.41,57.0,-0.65,399.0,0.76,120.0
SG,-0.86,574.0,154.5,0.36,0.92,103.0,-0.33,240.0,0.59,144.0,0.97,103.0,0.5,118.0,1.47,95.0,1629004,-0.36,194.0,169.0,0.09,Svi Mykhailiuk,-1.23,337.0,157.0,0.45,UTA,0.76,133.0,0.16,167.0,0.92,120.0,0.4,175.0,-0.06,213.0,0.35,161.0
SG,-0.21,335.0,384.5,-0.94,-2.85,626.0,-1.37,469.0,-4.22,614.0,-2.26,613.0,-0.93,385.0,-3.19,578.0,1626192,-1.03,327.0,394.5,-1.31,Pat Connaughton,-1.24,339.0,413.5,-2.25,CHA,-2.81,632.0,-0.92,400.0,-3.73,612.0,-1.33,568.0,-0.41,333.0,-1.74,521.0
PG,0.66,124.0,116.0,0.63,0.4,163.0,-0.04,197.0,0.36,157.0,0.47,166.0,0.04,180.0,0.5,155.0,1642269,-1.9,522.0,224.5,-0.35,Devin Carter,-1.24,341.0,167.0,0.29,SAC,0.53,157.0,0.15,170.0,0.68,136.0,0.77,115.0,0.49,121.0,1.27,86.0
C,0.04,258.0,235.0,-0.18,-0.46,351.0,-0.44,267.0,-0.9,291.0,-0.26,315.0,-0.42,272.0,-0.68,279.0,1642382,-1.28,374.0,257.0,-0.58,Branden Carlson,-1.24,342.0,259.0,-0.76,OKC,-0.23,316.0,-0.31,258.0,-0.55,276.0,-0.12,307.0,-0.29,294.0,-0.41,287.0
PF,-0.31,379.0,301.0,-0.49,-0.44,344.0,-0.58,304.0,-1.02,315.0,-0.36,337.0,-0.49,289.0,-0.85,308.0,1642874,-0.93,311.0,267.5,-0.65,Danny Wolf,-1.25,344.0,299.0,-1.13,BKN,-0.28,327.0,-0.42,290.0,-0.7,304.0,-0.14,316.0,-0.28,291.0,-0.42,289.0
PF,-0.33,389.0,293.0,-0.42,0.0,236.0,-1.83,536.0,-1.83,458.0,0.13,227.0,-2.01,560.0,-1.88,479.0,1641707,-0.92,305.0,471.0,-2.3,Taylor Hendricks,-1.25,345.0,444.5,-2.72,UTA,0.18,223.0,-1.89,563.0,-1.71,476.0,0.63,138.0,-1.51,538.0,-0.88,394.0
PF,0.63,128.0,342.5,-0.68,-0.69,417.0,-2.38,591.0,-3.07,566.0,-1.47,551.0,-2.19,574.0,-3.66,601.0,1630173,-1.89,520.0,496.0,-3.0,Precious Achiuwa,-1.26,346.0,485.0,-3.68,SAC,-0.34,347.0,-2.35,604.0,-2.7,554.0,-0.12,307.0,-2.27,607.0,-2.38,567.0
PF,0.77,111.0,55.0,1.35,0.28,191.0,-1.82,533.0,-1.54,410.0,0.5,160.0,-1.94,555.0,-1.44,414.0,203937,-2.03,561.0,452.5,-1.9,Kyle Anderson,-1.26,347.0,243.0,-0.56,UTA,1.21,84.0,-2.89,626.0,-1.68,471.0,0.84,105.0,-2.17,600.0,-1.33,471.0
PG,-0.79,548.0,475.0,-1.86,-3.49,636.0,0.04,184.0,-3.45,587.0,-3.05,633.0,-0.17,211.0,-3.22,580.0,1630703,-0.49,216.0,282.5,-0.7,Scoot Henderson,-1.28,349.0,434.0,-2.56,POR,-2.93,635.0,-0.18,222.0,-3.11,584.0,-1.29,566.0,0.7,98.0,-0.59,328.0
C,0.68,121.0,257.5,-0.29,-1.35,527.0,-1.9,547.0,-3.25,575.0,-0.64,411.0,-1.5,499.0,-2.14,500.0,1629234,-1.97,539.0,469.0,-2.23,Drew Eubanks,-1.3,351.0,432.5,-2.53,SAC,-0.37,354.0,-2.56,615.0,-2.93,569.0,-0.65,470.0,-0.62,394.0,-1.27,459.0
PG,-0.55,477.0,13.0,2.25,1.56,63.0,-1.92,551.0,-0.36,226.0,1.73,54.0,-1.88,546.0,-0.16,214.0,1642349,-0.75,273.0,450.5,-1.89,Ajay Mitchell,-1.3,352.0,160.0,0.36,OKC,1.66,57.0,-1.93,569.0,-0.28,239.0,1.68,35.0,-1.89,576.0,-0.21,246.0
SF,-0.09,294.0,386.5,-0.95,-1.26,514.0,-3.01,621.0,-4.27,615.0,-1.4,545.0,-3.75,637.0,-5.15,637.0,1630533,-1.23,360.0,491.0,-2.79,Ziaire Williams,-1.31,353.0,487.0,-3.73,BKN,-1.05,513.0,-3.09,630.0,-4.14,627.0,-1.14,549.0,-1.78,567.0,-2.92,595.0
SG,-0.93,590.0,323.5,-0.59,-1.17,503.0,0.36,144.0,-0.81,282.0,-0.09,274.0,-0.47,282.0,-0.56,259.0,1627747,-0.39,199.0,170.5,0.07,Caris LeVert,-1.32,354.0,240.0,-0.52,DET,-0.16,298.0,0.37,144.0,0.21,170.0,-0.62,462.0,1.81,32.0,1.18,90.0
SG,-0.57,483.0,480.0,-1.92,-1.8,574.0,0.01,188.0,-1.79,452.0,-1.53,553.0,-0.58,312.0,-2.11,498.0,1627741,-0.78,282.0,339.0,-0.99,Buddy Hield,-1.35,358.0,455.0,-2.92,GSW,-1.32,545.0,-0.14,211.0,-1.46,447.0,-0.71,484.0,-0.41,333.0,-1.13,442.0
PG,-0.67,520.0,194.5,0.07,-0.59,383.0,-0.75,348.0,-1.34,385.0,-0.51,380.0,-0.67,339.0,-1.18,375.0,1642450,-0.69,263.0,244.0,-0.5,Daniss Jenkins,-1.36,360.0,227.0,-0.43,DET,-0.41,371.0,-0.58,330.0,-0.99,365.0,-0.29,369.0,-0.47,348.0,-0.76,370.0
SG,-0.74,538.0,437.0,-1.39,-1.63,562.0,-1.68,516.0,-3.3,578.0,-1.55,556.0,-1.64,519.0,-3.19,578.0,1642846,-0.62,240.0,422.0,-1.49,Ace Bailey,-1.37,361.0,451.0,-2.88,UTA,-1.46,555.0,-1.61,529.0,-3.07,579.0,-1.27,564.0,-1.45,529.0,-2.72,583.0
SG,-0.34,394.0,209.5,-0.04,-0.24,295.0,-0.19,214.0,-0.44,233.0,-0.17,294.0,-0.09,200.0,-0.27,225.0,1642050,-1.03,329.0,196.0,-0.15,Jackson Rowe,-1.37,362.0,200.5,-0.19,GSW,-0.09,282.0,-0.04,198.0,-0.13,217.0,0.06,256.0,0.1,176.0,0.16,188.0
PF,-0.34,395.0,316.5,-0.56,-0.85,455.0,-0.7,333.0,-1.55,414.0,-0.08,273.0,-0.61,322.0,-0.7,284.0,1631110,-1.03,328.0,357.5,-1.09,Jeremy Sochan,-1.38,363.0,358.5,-1.65,SAS,-0.44,384.0,-1.0,421.0,-1.44,443.0,-0.37,388.0,0.04,192.0,-0.33,269.0
SG,0.39,174.0,177.0,0.19,-0.5,359.0,0.55,120.0,0.05,183.0,-0.4,350.0,0.31,142.0,-0.1,205.0,1641740,-1.77,480.0,279.5,-0.69,Jaylen Clark,-1.38,365.0,235.5,-0.5,MIN,-0.41,371.0,0.37,144.0,-0.04,204.0,-0.19,330.0,0.55,114.0,0.36,159.0
PF,-0.09,298.0,150.0,0.39,0.06,222.0,-0.23,224.0,-0.18,203.0,0.03,243.0,-0.31,236.0,-0.27,225.0,1631255,-1.29,376.0,286.5,-0.72,Karlo Matkovic,-1.38,366.0,218.5,-0.33,NOP,0.21,215.0,-0.14,211.0,0.07,196.0,0.5,161.0,0.21,160.0,0.72,123.0
SG,-0.75,541.0,197.5,0.04,-0.07,256.0,-0.18,212.0,-0.24,214.0,-0.07,271.0,-0.09,200.0,-0.16,214.0,1642907,-0.63,243.0,174.0,0.03,Cedric Coward,-1.38,367.0,183.5,0.07,MEM,0.14,231.0,0.03,188.0,0.17,176.0,0.32,186.0,0.05,187.0,0.37,156.0
C,-0.04,279.0,251.5,-0.25,-0.13,267.0,-1.74,525.0,-1.87,464.0,-0.05,264.0,-1.42,484.0,-1.48,423.0,1628418,-1.36,392.0,414.5,-1.44,Thomas Bryant,-1.4,368.0,364.0,-1.7,CLE,-0.02,262.0,-1.17,452.0,-1.18,402.0,-0.17,323.0,-0.96,458.0,-1.13,442.0
PG,-0.4,418.0,504.0,-3.28,-1.9,584.0,-1.24,445.0,-3.14,569.0,-1.87,592.0,-1.22,442.0,-3.09,572.0,1642847,-1.02,325.0,475.0,-2.34,Jeremiah Fears,-1.42,371.0,507.0,-5.62,NOP,-1.8,590.0,-1.04,427.0,-2.84,561.0,-1.54,586.0,-0.76,419.0,-2.3,562.0
PF,-0.27,360.0,507.0,-3.57,-1.94,588.0,-3.18,625.0,-5.13,633.0,-2.19,609.0,-1.61,514.0,-3.8,609.0,1630526,-1.17,352.0,434.0,-1.67,Jeremiah Robinson-Earl,-1.44,372.0,506.0,-5.24,IND,-1.89,597.0,-2.23,592.0,-4.13,626.0,-2.23,617.0,-1.95,582.0,-4.18,628.0
PG,-0.84,568.0,461.0,-1.6,-1.82,577.0,-0.37,249.0,-2.18,494.0,-2.15,608.0,0.17,158.0,-1.97,486.0,201566,-0.62,239.0,361.0,-1.11,Russell Westbrook,-1.46,374.0,443.0,-2.71,SAC,-1.85,594.0,-0.23,234.0,-2.08,505.0,-1.93,606.0,-1.57,544.0,-3.5,616.0
C,-0.95,597.0,147.5,0.4,0.36,170.0,-2.02,557.0,-1.67,436.0,0.32,200.0,-1.81,541.0,-1.5,426.0,1642259,-0.52,222.0,402.5,-1.37,Alexandre Sarr,-1.47,376.0,285.5,-0.97,WAS,0.49,165.0,-1.77,549.0,-1.28,422.0,0.15,230.0,-1.96,584.0,-1.81,527.0
SG,-0.28,365.0,325.0,-0.6,-1.22,508.0,-1.35,463.0,-2.57,538.0,-1.04,500.0,-1.91,549.0,-2.95,562.0,1631216,-1.19,355.0,480.0,-2.47,Caleb Houstan,-1.47,377.0,460.0,-3.07,ATL,-0.79,467.0,-1.9,565.0,-2.68,552.0,-0.49,423.0,-1.65,555.0,-2.13,548.0
PF,0.49,155.0,222.0,-0.11,-1.24,512.0,-0.06,199.0,-1.3,373.0,-1.07,506.0,-0.2,217.0,-1.28,394.0,1631230,-1.96,537.0,375.5,-1.22,Dominick Barlow,-1.47,378.0,320.5,-1.33,PHI,-0.63,430.0,0.5,125.0,-0.13,217.0,0.08,248.0,-0.19,256.0,-0.11,226.0
SG,-0.41,422.0,191.0,0.1,-0.21,288.0,-1.62,513.0,-1.84,460.0,-0.14,288.0,-1.57,510.0,-1.72,455.0,1641753,-1.07,335.0,430.0,-1.63,Chris Livingston,-1.48,380.0,346.0,-1.53,CLE,-0.12,291.0,-1.61,529.0,-1.73,477.0,0.16,226.0,-1.47,531.0,-1.31,466.0
PG,0.26,198.0,196.0,0.06,1.76,56.0,1.23,66.0,2.99,38.0,0.45,173.0,1.27,62.0,1.71,73.0,101108,-1.76,475.0,69.0,1.32,Chris Paul,-1.49,382.0,94.5,1.38,LAC,0.05,249.0,1.13,66.0,1.18,110.0,-0.43,406.0,0.06,183.0,-0.37,279.0
PF,-0.58,485.0,212.5,-0.05,-0.61,390.0,-1.07,420.0,-1.68,437.0,-0.56,392.0,-1.01,404.0,-1.57,437.0,1631250,-0.93,310.0,242.0,-0.47,Pete Nance,-1.51,384.0,240.0,-0.52,MIL,-0.48,396.0,-0.99,419.0,-1.47,449.0,-0.4,397.0,-0.22,265.0,-0.62,337.0
SG,-0.6,496.0,139.5,0.45,1.01,94.0,-0.74,344.0,0.26,168.0,0.46,170.0,-0.9,381.0,-0.44,248.0,1629216,-0.91,301.0,236.5,-0.41,Gabe Vincent,-1.52,385.0,188.0,0.04,LAL,0.28,202.0,-1.08,436.0,-0.8,325.0,-0.31,375.0,-0.41,333.0,-0.72,361.0
SG,-1.48,649.0,486.0,-2.25,-1.25,513.0,-0.81,365.0,-2.06,484.0,-2.01,602.0,-0.6,317.0,-2.61,537.0,203078,-0.05,155.0,204.0,-0.23,Bradley Beal,-1.53,386.0,430.0,-2.48,LAC,-1.93,605.0,-1.41,504.0,-3.33,596.0,-2.23,617.0,-1.58,546.0,-3.8,621.0
SG,-1.55,652.0,439.0,-1.4,-0.55,368.0,-1.4,477.0,-1.95,469.0,-1.07,506.0,-2.65,614.0,-3.72,603.0,1629673,0.02,147.0,448.0,-1.87,Jordan Poole,-1.53,389.0,474.5,-3.27,NOP,-1.69,575.0,-2.66,618.0,-4.34,631.0,-1.19,554.0,-2.01,588.0,-3.2,604.0
SG,-1.22,634.0,482.0,-2.03,-2.78,625.0,-0.61,310.0,-3.39,581.0,-2.57,623.0,-0.61,322.0,-3.18,576.0,1642261,-0.32,188.0,307.5,-0.86,Dalton Knecht,-1.54,390.0,452.0,-2.89,LAL,-1.98,608.0,-0.64,342.0,-2.63,548.0,-1.51,583.0,-0.48,353.0,-1.99,539.0
PF,-0.75,539.0,247.5,-0.23,-1.07,493.0,0.09,172.0,-0.98,309.0,-0.92,471.0,0.15,163.0,-0.77,298.0,1630604,-0.8,287.0,211.0,-0.27,E.J. Liddell,-1.55,391.0,235.5,-0.5,BKN,-0.83,478.0,0.2,159.0,-0.63,291.0,-0.83,509.0,0.49,121.0,-0.35,274.0
SF,-0.22,341.0,106.5,0.72,0.75,118.0,-2.76,612.0,-2.01,476.0,0.97,103.0,-3.21,631.0,-2.24,508.0,1631172,-1.34,389.0,477.0,-2.38,Ousmane Dieng,-1.56,393.0,361.0,-1.66,OKC,0.51,161.0,-3.37,636.0,-2.85,563.0,1.0,87.0,-2.57,619.0,-1.56,502.0
PG,-0.33,386.0,381.0,-0.92,-0.7,423.0,-0.22,221.0,-0.93,299.0,-0.45,359.0,0.17,158.0,-0.27,225.0,1630175,-1.24,363.0,355.0,-1.08,Cole Anthony,-1.56,394.0,386.5,-1.99,MIL,0.23,212.0,-0.87,388.0,-0.64,293.0,0.57,149.0,-0.73,410.0,-0.16,235.0
SG,-0.32,381.0,397.5,-1.02,-0.69,417.0,-0.27,228.0,-0.96,304.0,-0.33,332.0,-0.62,328.0,-0.94,320.0,1630322,-1.25,365.0,247.0,-0.52,Lindy Waters III,-1.57,395.0,348.0,-1.54,SAS,-1.0,510.0,-0.96,415.0,-1.97,496.0,-0.52,433.0,0.49,121.0,-0.03,215.0
SG,-0.75,540.0,352.5,-0.72,-1.96,589.0,-2.04,559.0,-4.01,608.0,-1.6,560.0,-2.68,616.0,-4.28,622.0,1630702,-0.82,290.0,493.0,-2.81,Jaden Hardy,-1.57,396.0,479.5,-3.53,DAL,-0.94,504.0,-2.99,628.0,-3.93,618.0,0.54,156.0,-1.57,544.0,-1.02,423.0
SF,-1.01,607.0,495.0,-2.49,-3.07,631.0,0.77,105.0,-2.3,509.0,-2.72,627.0,2.64,16.0,-0.07,199.0,1630180,-0.57,232.0,188.0,-0.09,Saddiq Bey,-1.58,397.0,435.0,-2.58,NOP,-2.69,628.0,1.94,36.0,-0.75,314.0,-0.84,511.0,-0.55,371.0,-1.4,484.0
SG,-0.4,416.0,347.0,-0.7,-1.19,506.0,-2.51,600.0,-3.7,596.0,-1.02,494.0,-2.76,620.0,-3.78,607.0,1631121,-1.18,354.0,406.5,-1.39,Bryce McGowens,-1.58,398.0,396.0,-2.09,NOP,-0.57,418.0,-2.06,580.0,-2.63,548.0,-0.2,333.0,-0.66,401.0,-0.87,390.0
SF,0.29,195.0,134.5,0.47,-0.05,250.0,-0.39,255.0,-0.45,235.0,0.0,248.0,-0.7,345.0,-0.69,282.0,1641842,-1.87,513.0,381.5,-1.24,Ronald Holland II,-1.58,399.0,260.0,-0.77,DET,-0.17,301.0,-0.91,398.0,-1.08,386.0,-0.15,318.0,-1.13,488.0,-1.28,462.0
PG,-0.57,484.0,134.5,0.47,-0.18,277.0,-1.29,453.0,-1.47,401.0,0.05,238.0,-1.19,436.0,-1.14,365.0,1642278,-1.01,322.0,375.5,-1.22,Tyler Kolek,-1.58,400.0,258.0,-0.75,NYK,0.16,228.0,-1.16,450.0,-1.01,372.0,0.22,208.0,-1.16,495.0,-0.94,406.0
SG,-0.84,565.0,434.0,-1.37,-0.44,344.0,0.24,158.0,-0.2,207.0,-0.49,376.0,-0.12,204.0,-0.61,269.0,1630592,-0.75,275.0,294.0,-0.77,Jalen Wilson,-1.59,401.0,401.0,-2.14,BKN,-0.61,428.0,0.08,181.0,-0.54,275.0,-0.67,478.0,-0.72,409.0,-1.39,482.0
SG,0.29,196.0,95.0,0.81,-0.41,337.0,-0.65,321.0,-1.06,319.0,-0.3,324.0,-0.58,312.0,-0.88,313.0,1642864,-1.92,527.0,154.0,0.25,Hugo González,-1.63,406.0,115.0,1.06,BOS,-0.22,312.0,-0.54,319.0,-0.76,316.0,-0.05,286.0,-0.36,311.0,-0.41,287.0
PG,-0.78,544.0,481.0,-1.94,-1.75,569.0,-1.26,447.0,-3.01,559.0,-1.77,585.0,-1.4,480.0,-3.17,575.0,1642268,-0.86,296.0,459.0,-2.04,Isaiah Collier,-1.63,407.0,491.0,-3.98,UTA,-1.75,584.0,-1.39,497.0,-3.14,585.0,-2.23,617.0,-1.14,491.0,-3.37,611.0
C,0.45,165.0,59.5,1.27,2.21,36.0,0.48,129.0,2.69,45.0,1.84,50.0,1.02,76.0,2.85,40.0,201143,-2.09,577.0,110.5,0.7,Al Horford,-1.64,410.0,64.5,1.97,GSW,1.85,46.0,1.08,72.0,2.92,29.0,1.6,40.0,0.89,79.0,2.49,42.0
SG,-0.12,308.0,185.0,0.13,-0.03,244.0,0.11,168.0,0.08,181.0,0.05,238.0,0.22,153.0,0.27,176.0,1631127,-1.53,429.0,157.0,0.21,Harrison Ingram,-1.65,413.0,164.0,0.34,SAS,0.13,234.0,0.28,152.0,0.41,158.0,0.33,184.0,0.38,137.0,0.71,125.0
SG,-0.17,323.0,83.0,0.96,1.52,64.0,-1.41,480.0,0.11,177.0,1.57,63.0,-1.35,466.0,0.22,180.0,1631321,-1.49,417.0,379.0,-1.23,Sidy Cissoko,-1.66,414.0,208.5,-0.27,POR,1.57,61.0,-1.43,506.0,0.14,183.0,0.8,110.0,-1.23,506.0,-0.43,290.0
PG,0.47,160.0,318.5,-0.57,-0.85,455.0,-2.17,568.0,-3.02,561.0,-0.64,411.0,-2.32,589.0,-2.96,563.0,1631104,-2.16,584.0,427.5,-1.61,Blake Wesley,-1.69,418.0,406.0,-2.18,POR,-0.08,279.0,-1.13,443.0,-1.21,406.0,0.13,235.0,-0.27,287.0,-0.13,230.0
PG,-0.94,593.0,484.5,-2.05,-1.96,589.0,-0.49,281.0,-2.46,525.0,-2.56,622.0,-0.47,282.0,-3.03,570.0,1626145,-0.75,272.0,342.5,-1.01,Tyus Jones,-1.69,419.0,458.0,-3.06,ORL,-2.19,613.0,-0.96,415.0,-3.16,587.0,-0.55,444.0,-1.19,501.0,-1.73,519.0
PF,0.93,86.0,150.0,0.39,0.53,142.0,-3.4,629.0,-2.87,553.0,0.93,109.0,-4.04,640.0,-3.11,573.0,1630192,-2.63,641.0,502.5,-3.48,Zeke Nnaji,-1.7,420.0,462.0,-3.09,DEN,-0.72,456.0,-3.21,632.0,-3.93,618.0,1.14,74.0,-1.92,577.0,-0.79,375.0
PF,-0.64,508.0,471.5,-1.78,-1.54,555.0,-1.05,418.0,-2.59,540.0,-1.16,520.0,-1.06,412.0,-2.22,506.0,1641738,-1.07,336.0,445.0,-1.85,Kobe Brown,-1.71,423.0,484.0,-3.63,LAC,-1.22,535.0,-0.92,400.0,-2.14,511.0,-0.58,452.0,-0.22,265.0,-0.8,377.0
SG,0.05,250.0,214.0,-0.06,-0.17,274.0,-0.25,226.0,-0.41,229.0,-0.06,267.0,-0.15,207.0,-0.21,219.0,1642384,-1.78,483.0,238.0,-0.43,Isaiah Crawford,-1.73,425.0,232.5,-0.49,HOU,0.01,257.0,-0.08,204.0,-0.07,206.0,0.16,226.0,0.04,192.0,0.2,186.0
SG,-1.05,613.0,458.0,-1.56,-1.87,580.0,-1.36,467.0,-3.24,573.0,-1.69,574.0,-1.6,512.0,-3.29,584.0,1630548,-0.69,264.0,435.0,-1.69,Johnny Juzang,-1.74,427.0,472.5,-3.25,MIN,-1.47,557.0,-0.89,392.0,-2.36,526.0,-1.91,603.0,-1.5,534.0,-3.41,612.0
PF,-0.23,347.0,287.5,-0.4,-0.2,285.0,-0.97,394.0,-1.17,345.0,-0.14,288.0,-0.9,381.0,-1.03,340.0,1642352,-1.51,426.0,361.0,-1.11,Keshad Johnson,-1.74,428.0,343.0,-1.51,MIA,-0.16,298.0,-0.89,392.0,-1.06,379.0,-0.01,274.0,-0.67,403.0,-0.68,354.0
SG,-0.28,366.0,227.0,-0.14,-0.82,449.0,-0.27,228.0,-1.09,328.0,-0.73,435.0,-0.16,209.0,-0.89,315.0,1642869,-1.46,410.0,78.0,1.21,Noah Penda,-1.75,430.0,113.5,1.07,ORL,-0.66,440.0,-0.08,204.0,-0.74,310.0,-0.54,440.0,0.05,187.0,-0.48,299.0
PF,0.95,83.0,120.5,0.59,1.35,73.0,-1.84,539.0,-0.49,239.0,0.53,154.0,-1.18,435.0,-0.64,273.0,1628467,-2.7,647.0,329.5,-0.94,Maxi Kleber,-1.76,431.0,220.0,-0.35,LAL,0.69,140.0,-0.21,228.0,0.48,152.0,0.07,252.0,-0.23,270.0,-0.16,235.0
PF,-0.44,432.0,63.0,1.23,0.34,177.0,-0.89,379.0,-0.55,248.0,0.43,177.0,-0.84,370.0,-0.41,245.0,1641772,-1.31,379.0,339.0,-0.99,Nae'Qwan Tomlin,-1.76,433.0,171.0,0.25,CLE,0.53,157.0,-0.76,364.0,-0.23,232.0,0.65,134.0,-0.64,396.0,0.01,209.0
PF,0.88,90.0,328.0,-0.61,-0.62,394.0,-2.68,608.0,-3.3,578.0,-0.44,356.0,-2.9,626.0,-3.34,585.0,1642367,-2.65,644.0,498.0,-3.26,Jonathan Mogbo,-1.77,435.0,489.0,-3.87,TOR,-0.42,376.0,-2.86,624.0,-3.28,592.0,-0.51,429.0,-2.85,626.0,-3.36,610.0
SF,-0.06,285.0,134.5,0.47,0.04,225.0,-1.4,477.0,-1.36,389.0,0.47,166.0,-1.2,438.0,-0.73,288.0,1630172,-1.71,458.0,432.5,-1.66,Patrick Williams,-1.77,436.0,304.0,-1.19,CHI,0.31,198.0,-0.95,412.0,-0.64,293.0,0.19,216.0,-1.74,564.0,-1.55,500.0
SG,0.14,232.0,465.0,-1.65,-2.13,598.0,-1.55,500.0,-3.67,592.0,-2.04,604.0,-1.71,532.0,-3.74,604.0,1641748,-1.92,529.0,429.0,-1.62,Andre Jackson Jr.,-1.79,437.0,474.5,-3.27,MIL,-1.87,596.0,-1.45,509.0,-3.32,594.0,-0.18,326.0,-1.53,541.0,-1.71,515.0
PG,-0.07,288.0,129.0,0.51,1.17,83.0,-1.27,450.0,-0.11,198.0,1.11,86.0,-1.3,459.0,-0.18,218.0,1630811,-1.72,461.0,463.0,-2.12,Keaton Wallace,-1.79,438.0,353.5,-1.61,ATL,1.3,77.0,-1.2,458.0,0.1,189.0,1.28,62.0,-1.04,475.0,0.23,182.0
PF,0.26,199.0,229.0,-0.16,-0.58,380.0,-0.56,300.0,-1.15,339.0,-0.5,379.0,-0.48,285.0,-0.98,328.0,1642885,-2.06,565.0,364.5,-1.15,Mohamed Diawara,-1.8,439.0,316.5,-1.31,NYK,-0.42,376.0,-0.4,283.0,-0.83,331.0,-0.29,369.0,-0.26,283.0,-0.55,316.0
PF,0.52,149.0,141.0,0.44,0.87,108.0,-0.21,218.0,0.67,139.0,0.94,107.0,-0.31,236.0,0.64,139.0,1626204,-2.33,608.0,424.0,-1.58,Larry Nance Jr.,-1.82,441.0,300.5,-1.15,CLE,0.45,171.0,-1.53,519.0,-1.07,384.0,-1.07,541.0,-1.82,571.0,-2.9,592.0
PF,0.19,219.0,390.5,-0.98,-1.02,488.0,-0.46,272.0,-1.48,404.0,-0.92,471.0,-0.38,261.0,-1.3,396.0,1642905,-2.01,553.0,402.5,-1.37,Yang Hansen,-1.82,442.0,420.0,-2.36,POR,-0.86,489.0,-0.31,258.0,-1.17,400.0,-0.73,488.0,-0.19,256.0,-0.92,404.0
C,-0.04,281.0,498.0,-2.64,-2.48,613.0,-1.95,553.0,-4.43,620.0,-1.89,595.0,-1.38,476.0,-3.27,583.0,1630208,-1.79,487.0,419.0,-1.47,Nick Richards,-1.83,443.0,493.5,-4.12,PHX,-2.24,615.0,-1.81,554.0,-4.05,624.0,-2.59,627.0,-0.55,371.0,-3.15,601.0
PG,-0.13,311.0,91.0,0.9,0.73,122.0,0.01,188.0,0.74,137.0,0.76,128.0,0.03,184.0,0.79,132.0,1641989,-1.7,457.0,146.5,0.33,Elijah Harkless,-1.83,444.0,100.5,1.23,UTA,0.84,123.0,0.12,174.0,0.96,117.0,1.05,82.0,0.2,163.0,1.25,87.0
SF,-1.05,616.0,491.0,-2.34,-3.81,641.0,0.09,172.0,-3.72,597.0,-4.04,642.0,-0.0,188.0,-4.04,617.0,203926,-0.78,283.0,165.5,0.12,Doug McDermott,-1.83,446.0,410.5,-2.23,SAC,-3.17,639.0,-0.05,200.0,-3.22,589.0,0.1,243.0,0.21,160.0,0.31,170.0
PG,-0.35,398.0,206.0,-0.02,-0.21,288.0,-0.68,326.0,-0.89,290.0,-0.13,284.0,-0.6,317.0,-0.72,286.0,1641815,-1.48,415.0,296.0,-0.78,Isaiah Stevens,-1.84,447.0,267.5,-0.81,SAC,-0.05,270.0,-0.53,315.0,-0.58,281.0,0.1,243.0,-0.39,322.0,-0.3,261.0
PG,0.03,259.0,152.0,0.38,0.16,212.0,-1.59,509.0,-1.43,392.0,0.34,196.0,-1.48,496.0,-1.14,365.0,1642484,-1.87,514.0,467.5,-2.22,RayJ Dennis,-1.84,448.0,376.5,-1.84,IND,0.35,191.0,-1.41,504.0,-1.06,379.0,0.38,178.0,-1.2,503.0,-0.82,382.0
SG,-0.52,467.0,313.5,-0.55,-0.58,380.0,-0.51,284.0,-1.09,328.0,-0.48,370.0,-0.42,272.0,-0.9,317.0,1642066,-1.33,385.0,227.0,-0.36,Myron Gardner,-1.85,450.0,278.5,-0.91,MIA,-0.4,366.0,-0.35,270.0,-0.75,314.0,-0.27,361.0,-0.22,265.0,-0.49,302.0
SG,-1.1,622.0,328.0,-0.61,-0.93,473.0,-0.92,384.0,-1.85,461.0,-0.94,476.0,-1.1,419.0,-2.04,490.0,1630639,-0.76,276.0,316.0,-0.9,AJ Lawson,-1.86,452.0,343.0,-1.51,TOR,-0.66,440.0,-0.45,297.0,-1.12,391.0,-1.17,551.0,-0.48,353.0,-1.65,509.0
C,0.88,93.0,366.0,-0.8,-2.63,616.0,-2.81,614.0,-5.44,635.0,-1.88,593.0,-2.32,589.0,-4.2,620.0,203648,-2.74,648.0,385.0,-1.26,Thanasis Antetokounmpo,-1.86,453.0,390.5,-2.06,MIL,-0.66,440.0,-1.13,443.0,-1.79,483.0,-0.23,341.0,-0.25,278.0,-0.48,299.0
SG,-0.19,331.0,,,,,,,,,,,,,,,1642857,-1.67,451.0,,,Kasparas Jakučionis,-1.86,455.0,,,MIA,,,,,,,,,,,,
PF,-0.24,350.0,342.5,-0.68,0.73,122.0,-0.52,287.0,0.2,172.0,0.87,116.0,0.01,187.0,0.88,127.0,201567,-1.63,445.0,105.0,0.8,Kevin Love,-1.87,456.0,177.0,0.12,UTA,0.06,246.0,0.95,78.0,1.01,114.0,-0.74,491.0,-0.25,278.0,-0.98,415.0
SG,-0.59,490.0,340.0,-0.67,-0.62,394.0,-1.84,539.0,-2.46,525.0,-0.59,401.0,-1.92,550.0,-2.51,532.0,1631213,-1.28,370.0,481.5,-2.48,Tyrese Martin,-1.87,457.0,466.0,-3.15,BKN,-0.87,492.0,-1.82,555.0,-2.69,553.0,-0.75,494.0,-1.73,563.0,-2.48,571.0
SG,-0.17,321.0,,,,,,,,,,,,,,,1642926,-1.72,462.0,,,Tamar Bates,-1.89,460.0,,,DEN,,,,,,,,,,,,
PF,-0.56,481.0,273.5,-0.35,-0.53,364.0,-0.54,293.0,-1.07,322.0,-0.45,359.0,-0.44,275.0,-0.89,315.0,1641747,-1.32,383.0,279.5,-0.69,DaRon Holmes II,-1.89,461.0,290.0,-1.04,DEN,-0.36,351.0,-0.37,275.0,-0.74,310.0,-0.23,341.0,-0.24,273.0,-0.47,298.0
C,0.59,138.0,328.0,-0.61,-0.87,460.0,-0.44,267.0,-1.32,381.0,-0.78,446.0,-0.36,253.0,-1.14,365.0,1642863,-2.49,626.0,368.0,-1.18,Khaman Maluach,-1.9,464.0,371.0,-1.78,PHX,-0.71,453.0,-0.3,253.0,-1.01,372.0,-0.58,452.0,-0.17,248.0,-0.75,367.0
SG,-0.34,393.0,401.0,-1.06,-1.15,501.0,0.07,179.0,-1.08,325.0,-1.26,534.0,-0.34,249.0,-1.6,442.0,201569,-1.57,434.0,153.0,0.26,Eric Gordon,-1.91,465.0,265.5,-0.8,PHI,-0.48,396.0,0.18,163.0,-0.3,242.0,-0.97,528.0,-0.15,241.0,-1.13,442.0
SF,-0.47,443.0,227.0,-0.14,0.8,113.0,-1.56,503.0,-0.76,275.0,1.1,88.0,-1.52,503.0,-0.42,247.0,1642273,-1.44,407.0,465.5,-2.21,Kyshawn George,-1.91,466.0,418.5,-2.35,WAS,1.06,96.0,-1.66,536.0,-0.6,285.0,0.73,123.0,-1.62,550.0,-0.89,397.0
C,-0.59,489.0,388.0,-0.96,1.19,81.0,0.5,126.0,1.7,85.0,1.53,67.0,0.37,132.0,1.9,67.0,1629111,-1.33,384.0,327.0,-0.93,Jock Landale,-1.92,468.0,378.0,-1.89,MEM,0.8,130.0,-0.09,206.0,0.71,135.0,-0.3,372.0,-0.94,453.0,-1.24,455.0
SG,-0.53,471.0,159.5,0.33,-0.68,410.0,0.53,122.0,-0.15,201.0,-0.58,398.0,0.49,119.0,-0.09,202.0,1642845,-1.39,396.0,106.0,0.79,VJ Edgecombe,-1.92,469.0,110.0,1.12,PHI,-0.4,366.0,0.51,122.0,0.12,186.0,-0.37,388.0,0.71,97.0,0.34,163.0
SG,-0.45,435.0,257.5,-0.29,,,,,,,,,,,,,1631451,-1.47,411.0,346.5,-1.03,Javonte Cooke,-1.92,470.0,318.0,-1.32,POR,,,,,,,,,,,,
PF,0.71,114.0,337.5,-0.66,-1.23,510.0,-0.98,398.0,-2.2,497.0,-1.15,518.0,-0.91,383.0,-2.06,492.0,1628502,-2.64,643.0,484.5,-2.5,Nigel Hayes,-1.92,471.0,468.0,-3.16,PHX,-1.06,515.0,-0.94,408.0,-2.0,498.0,-0.97,528.0,-0.81,429.0,-1.78,524.0
PF,0.05,255.0,352.5,-0.72,-1.3,522.0,-0.74,344.0,-2.04,481.0,-0.76,440.0,-0.95,388.0,-1.72,455.0,203967,-1.97,540.0,230.5,-0.38,Dario Saric,-1.93,472.0,297.0,-1.1,SAC,-0.64,433.0,-1.37,494.0,-2.01,501.0,0.78,112.0,-1.92,577.0,-1.14,445.0
SG,-0.22,343.0,420.0,-1.24,-1.72,567.0,-3.07,624.0,-4.79,628.0,-1.42,548.0,-2.93,628.0,-4.35,626.0,1641731,-1.71,460.0,476.0,-2.35,Bilal Coulibaly,-1.93,474.0,482.0,-3.59,WAS,-1.08,517.0,-2.84,622.0,-3.92,617.0,-0.92,520.0,-2.15,598.0,-3.08,600.0
SG,-0.52,465.0,238.0,-0.19,0.04,225.0,0.34,147.0,0.37,156.0,0.13,227.0,0.04,180.0,0.17,184.0,1630284,-1.42,404.0,218.0,-0.31,Kevon Harris,-1.94,476.0,235.5,-0.5,HOU,-0.47,392.0,-0.2,226.0,-0.67,299.0,,,,,,
SG,-0.12,310.0,287.5,-0.4,-0.58,380.0,-0.41,259.0,-0.99,311.0,-0.49,376.0,-0.33,244.0,-0.81,305.0,1642282,-1.84,505.0,270.0,-0.66,Hunter Sallis,-1.96,478.0,293.0,-1.07,PHI,-0.41,371.0,-0.25,238.0,-0.66,297.0,-0.28,365.0,-0.12,229.0,-0.4,284.0
SF,0.61,133.0,175.0,0.21,0.41,162.0,-1.74,525.0,-1.33,384.0,0.51,158.0,-1.71,532.0,-1.2,378.0,1642461,-2.58,634.0,391.0,-1.29,Spencer Jones,-1.97,479.0,294.0,-1.08,DEN,0.63,145.0,-1.62,532.0,-0.99,365.0,0.77,115.0,-1.51,538.0,-0.74,364.0
SG,0.05,254.0,256.0,-0.28,-0.5,359.0,-0.41,259.0,-0.91,293.0,-0.4,350.0,-0.32,239.0,-0.72,286.0,1643024,-2.02,557.0,245.5,-0.51,Chris Mañon,-1.97,481.0,263.0,-0.79,LAL,-0.33,343.0,-0.25,238.0,-0.58,281.0,-0.19,330.0,-0.12,229.0,-0.32,267.0
PF,-0.15,318.0,277.5,-0.36,-0.63,398.0,-1.1,426.0,-1.73,443.0,-0.48,370.0,-1.03,409.0,-1.51,428.0,1642867,-1.83,501.0,432.5,-1.66,Collin Murray-Boyles,-1.98,482.0,388.0,-2.01,TOR,-0.38,356.0,-1.0,421.0,-1.38,435.0,-0.1,301.0,-0.89,444.0,-1.0,420.0
SG,-0.47,450.0,238.0,-0.19,,,,,,,,,,,,,1642942,-1.51,425.0,267.5,-0.65,Jahmai Mashack,-1.98,483.0,270.0,-0.83,MEM,,,,,,,,,,,,
PF,0.15,227.0,147.5,0.4,-0.18,277.0,-0.62,313.0,-0.79,278.0,-0.1,276.0,-0.55,305.0,-0.65,276.0,1642854,-2.14,582.0,379.0,-1.23,Asa Newell,-1.99,485.0,271.5,-0.84,ATL,0.02,254.0,-0.45,297.0,-0.43,265.0,0.16,226.0,-0.3,298.0,-0.14,232.0
SG,0.08,243.0,,,,,,,,,,,,,,,1642365,-2.07,569.0,,,Nikola Đurišić,-1.99,486.0,,,ATL,,,,,,,,,,,,
SF,-0.29,370.0,262.5,-0.31,-0.07,256.0,0.07,179.0,-0.01,189.0,0.02,245.0,0.12,169.0,0.14,187.0,1641809,-1.71,459.0,241.0,-0.46,Drew Peterson,-2.0,487.0,261.0,-0.78,CHA,0.12,236.0,0.14,172.0,0.27,167.0,0.43,170.0,0.05,187.0,0.48,141.0
PG,-0.59,491.0,344.5,-0.69,-1.36,529.0,-0.7,333.0,-2.06,484.0,-1.14,515.0,-0.63,331.0,-1.77,463.0,1642856,-1.41,401.0,414.5,-1.44,Egor Dëmin,-2.01,489.0,400.0,-2.13,BKN,-1.12,521.0,-0.53,315.0,-1.65,467.0,-0.92,520.0,-0.45,343.0,-1.37,478.0
SG,0.41,173.0,167.0,0.27,0.22,200.0,-0.69,328.0,-0.47,236.0,0.47,166.0,-1.26,451.0,-0.79,302.0,1628997,-2.42,619.0,479.0,-2.45,Caleb Martin,-2.01,490.0,406.0,-2.18,DAL,0.07,244.0,-1.98,575.0,-1.91,491.0,-0.06,291.0,-2.64,622.0,-2.69,582.0
SG,-1.4,644.0,478.5,-1.88,-1.59,559.0,1.02,83.0,-0.57,251.0,-2.77,628.0,1.15,66.0,-1.62,444.0,1629611,-0.61,238.0,127.0,0.51,Terance Mann,-2.01,491.0,325.5,-1.36,BKN,-2.91,634.0,0.83,88.0,-2.08,505.0,-2.71,630.0,0.59,110.0,-2.12,546.0
SG,-0.52,466.0,188.5,0.11,-0.43,340.0,-0.34,243.0,-0.77,276.0,-0.35,334.0,-0.24,223.0,-0.58,263.0,1642357,-1.49,420.0,123.0,0.56,David Jones,-2.01,493.0,132.0,0.67,SAS,-0.26,322.0,-0.16,217.0,-0.43,265.0,-0.11,303.0,-0.02,203.0,-0.13,230.0
C,-0.12,307.0,,,,,,,,,,,,,,,1642850,-1.92,530.0,,,Thomas Sorber,-2.04,494.0,,,OKC,,,,,,,,,,,,
SG,-1.08,617.0,432.5,-1.36,-1.15,501.0,-1.57,505.0,-2.72,545.0,-1.01,488.0,-1.67,523.0,-2.68,548.0,1642419,-0.97,316.0,391.0,-1.29,Jamison Battle,-2.05,495.0,439.0,-2.66,TOR,-0.91,498.0,-1.61,529.0,-2.52,537.0,-0.85,512.0,-1.39,521.0,-2.25,560.0
SG,-0.23,348.0,437.0,-1.39,-0.81,447.0,-0.8,361.0,-1.61,423.0,-0.71,430.0,-0.7,345.0,-1.41,410.0,1642962,-1.82,497.0,336.5,-0.98,Drake Powell,-2.05,496.0,421.0,-2.37,BKN,-0.65,436.0,-0.62,340.0,-1.27,419.0,-0.47,417.0,-0.51,359.0,-0.98,415.0
PF,-0.37,407.0,421.0,-1.28,-1.38,537.0,-1.14,431.0,-2.52,533.0,-1.28,539.0,-1.37,472.0,-2.66,542.0,1631133,-1.69,456.0,366.5,-1.16,Jabari Walker,-2.06,497.0,427.0,-2.44,PHI,-1.17,529.0,-0.95,412.0,-2.12,509.0,0.24,203.0,-0.15,241.0,0.09,197.0
SG,0.06,245.0,247.5,-0.23,-0.45,348.0,-0.86,376.0,-1.31,377.0,-0.31,326.0,-0.78,362.0,-1.09,354.0,1641755,-2.14,581.0,319.5,-0.91,Kevin McCullar Jr.,-2.07,498.0,300.5,-1.15,NYK,-0.24,319.0,-0.68,351.0,-0.93,354.0,-0.13,312.0,-0.54,368.0,-0.67,351.0
SG,-1.04,611.0,492.0,-2.39,-2.77,624.0,-1.69,519.0,-4.46,621.0,-2.44,617.0,-1.87,545.0,-4.3,624.0,1631103,-1.04,331.0,465.5,-2.21,Malaki Branham,-2.08,499.0,500.0,-4.6,WAS,-1.8,590.0,-2.35,604.0,-4.15,628.0,-0.53,437.0,-1.02,471.0,-1.54,498.0
PG,-0.46,441.0,199.5,0.03,-0.76,434.0,-1.51,496.0,-2.27,505.0,-0.7,427.0,-1.45,491.0,-2.15,502.0,1630311,-1.62,443.0,370.5,-1.19,Pat Spencer,-2.08,500.0,302.0,-1.16,GSW,-0.65,436.0,-1.44,507.0,-2.09,507.0,-0.45,412.0,-1.11,484.0,-1.57,504.0
SG,-0.48,453.0,423.5,-1.3,-2.08,595.0,0.63,115.0,-1.45,397.0,-1.72,577.0,0.64,106.0,-1.08,351.0,1641767,-1.61,441.0,249.5,-0.53,Ben Sheppard,-2.1,502.0,375.0,-1.83,IND,-1.7,578.0,0.37,144.0,-1.33,430.0,-2.07,614.0,-0.75,415.0,-2.82,590.0
SG,-0.13,312.0,244.0,-0.22,-0.31,312.0,-1.44,488.0,-1.75,447.0,-0.21,304.0,-1.38,476.0,-1.58,439.0,1641725,-1.98,541.0,408.0,-1.4,Trey Alexander,-2.11,503.0,355.5,-1.62,NOP,-0.11,288.0,-1.34,490.0,-1.44,443.0,0.01,269.0,-1.25,509.0,-1.23,453.0
PG,-1.01,608.0,217.5,-0.09,-0.78,440.0,-0.46,272.0,-1.24,358.0,-0.67,420.0,-0.36,253.0,-1.03,340.0,1641813,-1.1,340.0,188.0,-0.09,Mark Sears,-2.11,504.0,199.0,-0.18,MIL,-0.61,428.0,-0.3,253.0,-0.9,346.0,-0.5,426.0,-0.15,241.0,-0.65,342.0
SF,-1.37,643.0,473.5,-1.8,-0.08,259.0,-1.91,549.0,-1.99,474.0,-1.23,528.0,-0.88,376.0,-2.11,498.0,203924,-0.74,271.0,266.0,-0.64,Jerami Grant,-2.11,505.0,428.0,-2.45,POR,-0.89,495.0,-1.87,561.0,-2.76,556.0,-0.58,452.0,-2.02,590.0,-2.6,577.0
SF,-0.18,328.0,171.5,0.23,0.31,183.0,-1.81,531.0,-1.49,405.0,0.38,186.0,-1.69,527.0,-1.31,399.0,1641787,-1.94,535.0,487.5,-2.63,Tosan Evbuomwan,-2.12,506.0,424.0,-2.4,NYK,0.12,236.0,-1.74,546.0,-1.62,466.0,0.78,112.0,-1.15,494.0,-0.37,279.0
SG,-0.64,512.0,296.0,-0.43,-0.94,477.0,-0.37,249.0,-1.31,377.0,-0.85,458.0,-0.27,227.0,-1.12,360.0,1641801,-1.48,414.0,208.5,-0.26,Emanuel Miller,-2.12,507.0,254.0,-0.69,CHI,-0.76,463.0,-0.22,231.0,-0.97,361.0,-0.63,465.0,-0.09,221.0,-0.72,361.0
PG,-0.78,545.0,201.0,0.02,-0.21,288.0,-1.23,443.0,-1.44,394.0,-0.1,276.0,-1.12,426.0,-1.22,382.0,1629618,-1.34,390.0,426.0,-1.6,Jalen Pickett,-2.12,508.0,351.0,-1.58,DEN,0.15,229.0,-1.14,447.0,-1.0,368.0,-0.16,320.0,-1.13,488.0,-1.29,464.0
SG,-1.86,661.0,476.5,-1.87,-0.9,467.0,0.78,102.0,-0.13,200.0,-2.0,601.0,0.04,180.0,-1.96,485.0,203903,-0.27,182.0,143.5,0.34,Jordan Clarkson,-2.13,509.0,346.0,-1.53,NYK,-1.37,548.0,-0.48,303.0,-1.85,487.0,-0.25,350.0,-1.0,467.0,-1.25,456.0
SF,-0.64,510.0,217.5,-0.09,-0.6,386.0,-1.42,482.0,-2.02,477.0,-0.48,370.0,-1.37,472.0,-1.85,475.0,1631210,-1.49,419.0,385.0,-1.26,Jacob Toppin,-2.13,510.0,323.5,-1.34,ATL,-0.41,371.0,-1.34,490.0,-1.74,479.0,0.18,220.0,-0.98,462.0,-0.8,377.0
PF,-0.33,391.0,,,,,,,,,,,,,,,1630828,-1.8,492.0,,,Alex Antetokounmpo,-2.13,511.0,,,MIL,,,,,,,,,,,,
SG,-0.25,353.0,235.0,-0.18,-1.29,520.0,-0.81,365.0,-2.09,488.0,-1.15,518.0,-0.78,362.0,-1.93,484.0,1631247,-1.88,517.0,364.5,-1.15,Luke Travers,-2.13,512.0,320.5,-1.33,CLE,-1.08,517.0,-0.7,356.0,-1.79,483.0,-0.99,532.0,-0.59,386.0,-1.58,505.0
C,-0.45,434.0,488.0,-2.28,-2.9,627.0,-6.38,643.0,-9.28,643.0,-2.84,629.0,-6.0,643.0,-8.83,643.0,1642274,-1.69,455.0,461.5,-2.07,Yves Missi,-2.14,514.0,495.0,-4.34,NOP,-2.81,632.0,-5.95,643.0,-8.76,643.0,-2.37,622.0,-5.0,634.0,-7.37,634.0
PF,-0.51,461.0,377.5,-0.86,-0.19,281.0,-0.38,253.0,-0.58,253.0,-0.13,284.0,-0.28,230.0,-0.4,242.0,1641752,-1.64,446.0,311.0,-0.88,Bobi Klintman,-2.15,517.0,366.0,-1.73,DET,-0.03,266.0,-0.18,222.0,-0.21,229.0,0.12,238.0,-0.07,215.0,0.05,203.0
C,-0.88,575.0,373.5,-0.84,0.3,185.0,-0.59,307.0,-0.29,219.0,-0.46,363.0,-0.52,298.0,-0.98,328.0,202696,-1.29,375.0,205.5,-0.25,Nikola Vucevic,-2.17,518.0,295.0,-1.09,CHI,-0.1,284.0,-0.61,337.0,-0.72,306.0,-0.05,286.0,0.31,147.0,0.26,179.0
PF,-0.26,357.0,241.5,-0.21,0.08,220.0,1.54,51.0,1.62,90.0,0.05,238.0,0.41,129.0,0.45,160.0,1630264,-1.91,526.0,270.0,-0.66,Anthony Gill,-2.17,520.0,274.5,-0.87,WAS,-0.05,270.0,-0.11,207.0,-0.16,221.0,0.29,196.0,-1.17,496.0,-0.88,394.0
SG,-1.64,658.0,267.5,-0.32,-0.18,277.0,-1.01,407.0,-1.19,347.0,0.07,233.0,-0.82,368.0,-0.75,291.0,1642272,-0.54,228.0,355.0,-1.08,Jared McCain,-2.18,522.0,330.5,-1.4,PHI,0.14,231.0,-0.77,367.0,-0.62,289.0,0.25,201.0,-0.21,260.0,0.04,205.0
C,0.32,189.0,,,,,,,,,,,,,,,1642911,-2.5,627.0,,,Rocco Zikarsky,-2.18,523.0,,,MIN,,,,,,,,,,,,
SG,-0.54,474.0,301.0,-0.49,-0.56,373.0,-0.67,324.0,-1.23,354.0,-0.45,359.0,-0.58,312.0,-1.03,340.0,1642862,-1.64,447.0,309.0,-0.87,Liam McNeeley,-2.18,524.0,325.5,-1.36,CHA,-0.35,348.0,-0.51,308.0,-0.86,337.0,-0.29,369.0,-0.38,318.0,-0.67,351.0
SG,-0.45,436.0,,,,,,,,,,,,,,,1642917,-1.73,467.0,,,Max Shulga,-2.18,525.0,,,BOS,,,,,,,,,,,,
PF,-0.68,523.0,412.0,-1.16,-1.43,546.0,-1.55,500.0,-2.99,557.0,-1.26,534.0,-1.46,494.0,-2.71,551.0,1642403,-1.51,422.0,454.0,-1.93,Isaac Jones,-2.19,526.0,462.0,-3.09,DET,-1.22,535.0,-1.33,487.0,-2.54,540.0,-1.06,539.0,-1.19,501.0,-2.25,560.0
SG,0.07,244.0,194.5,0.07,0.23,198.0,-0.73,341.0,-0.5,240.0,0.47,166.0,-0.87,374.0,-0.4,242.0,1630534,-2.26,597.0,419.0,-1.47,Ochai Agbaji,-2.19,527.0,330.5,-1.4,TOR,0.96,108.0,-1.58,524.0,-0.62,289.0,1.08,81.0,-1.98,585.0,-0.9,400.0
SG,-0.43,426.0,,,,,,,,,,,,,,,1642910,-1.77,479.0,,,John Tonje,-2.2,528.0,,,UTA,,,,,,,,,,,,
PG,-0.74,536.0,397.5,-1.02,-1.09,496.0,-0.75,348.0,-1.85,461.0,-1.02,494.0,-0.72,351.0,-1.74,457.0,1642383,-1.46,409.0,240.0,-0.45,Walter Clayton Jr.,-2.2,529.0,339.0,-1.47,UTA,-0.9,496.0,-0.7,356.0,-1.59,462.0,-0.72,485.0,-0.37,314.0,-1.09,436.0
SG,0.02,261.0,371.0,-0.83,-1.01,487.0,-2.4,593.0,-3.42,584.0,-0.84,455.0,-2.5,609.0,-3.34,585.0,1641712,-2.24,595.0,457.0,-2.0,Rayan Rupert,-2.21,530.0,450.0,-2.83,POR,-0.81,471.0,-2.59,616.0,-3.4,598.0,-0.64,467.0,-2.33,610.0,-2.97,597.0
SG,-0.47,449.0,407.5,-1.14,-0.48,353.0,-0.48,277.0,-0.96,304.0,-0.39,346.0,-0.39,265.0,-0.78,300.0,1642920,-1.75,473.0,222.5,-0.34,Kobe Sanders,-2.22,532.0,340.5,-1.48,LAC,-0.31,337.0,-0.31,258.0,-0.62,289.0,-0.17,323.0,-0.18,252.0,-0.35,274.0
SG,-1.04,612.0,304.5,-0.51,-0.42,338.0,-0.93,385.0,-1.35,387.0,-0.31,326.0,-1.15,430.0,-1.46,418.0,1630545,-1.2,357.0,344.5,-1.02,Terrence Shannon Jr.,-2.24,533.0,346.0,-1.53,MIN,-0.3,333.0,-0.92,400.0,-1.22,408.0,-0.03,279.0,-0.82,432.0,-0.86,388.0
PF,-0.02,275.0,,,,,,,,,,,,,,,1642893,-2.22,591.0,,,Alex Toohey,-2.24,534.0,,,GSW,,,,,,,,,,,,
PG,-0.84,567.0,,,,,,,,,,,,,,,1642918,-1.41,400.0,,,Alijah Martin,-2.25,535.0,,,TOR,,,,,,,,,,,,
PG,-2.74,668.0,509.0,-4.05,-3.69,640.0,-1.14,431.0,-4.84,629.0,-3.58,640.0,-1.53,506.0,-5.11,636.0,1641718,0.49,90.0,286.5,-0.72,Keyonte George,-2.25,537.0,503.0,-4.77,UTA,-3.42,640.0,-1.55,520.0,-4.97,639.0,-4.06,633.0,-0.09,221.0,-4.15,626.0
C,0.57,141.0,143.0,0.43,1.17,83.0,-2.88,617.0,-1.71,440.0,0.7,132.0,-3.54,635.0,-2.83,557.0,1630579,-2.83,650.0,502.5,-3.48,Jericho Sims,-2.25,538.0,458.0,-3.06,MIL,1.09,93.0,-2.09,581.0,-1.0,368.0,0.14,233.0,-0.81,429.0,-0.66,346.0
PG,-0.86,572.0,359.0,-0.76,-0.57,377.0,-0.37,249.0,-0.94,301.0,-0.47,366.0,-0.3,233.0,-0.77,298.0,1642914,-1.39,398.0,208.5,-0.26,Javon Small,-2.26,539.0,288.0,-1.02,MEM,-0.35,348.0,-0.17,219.0,-0.52,274.0,-0.26,355.0,-0.13,232.0,-0.39,282.0
SG,-0.46,440.0,461.0,-1.6,-1.66,564.0,-0.88,378.0,-2.54,536.0,-1.72,577.0,-0.85,372.0,-2.57,535.0,1628971,-1.81,494.0,296.0,-0.78,Bruce Brown,-2.27,540.0,422.5,-2.38,DEN,-2.64,625.0,-0.84,380.0,-3.48,602.0,-0.87,514.0,-2.06,593.0,-2.93,596.0
SG,-0.65,515.0,182.0,0.15,0.54,140.0,-0.8,361.0,-0.27,218.0,0.6,145.0,-0.7,345.0,-0.1,205.0,1631342,-1.62,444.0,329.5,-0.94,Daeqwon Plowden,-2.27,542.0,263.0,-0.79,SAC,0.71,136.0,-0.67,349.0,0.04,201.0,0.82,107.0,-0.49,357.0,0.33,166.0
PG,-0.59,492.0,,,,,,,,,,,,,,,1642935,-1.68,454.0,,,Chucky Hepburn,-2.28,544.0,,,TOR,,,,,,,,,,,,
SG,-0.56,479.0,,,,,,,,,,,,,,,1642880,-1.74,469.0,,,Kam Jones,-2.3,545.0,,,IND,,,,,,,,,,,,
SG,-0.51,463.0,333.0,-0.63,-0.68,410.0,-0.48,277.0,-1.16,342.0,-0.59,401.0,-0.39,265.0,-0.98,328.0,1642364,-1.8,490.0,291.5,-0.76,Jamir Watkins,-2.31,546.0,329.0,-1.39,WAS,-0.53,407.0,-0.31,258.0,-0.85,335.0,-0.4,397.0,-0.19,256.0,-0.58,324.0
SG,-0.47,445.0,231.5,-0.17,,,,,,,,,,,,,1642938,-1.84,503.0,252.0,-0.55,Curtis Jones,-2.31,547.0,257.0,-0.72,DEN,,,,,,,,,,,,
PF,0.27,197.0,191.0,0.1,-0.23,293.0,-0.69,328.0,-0.91,293.0,-0.13,284.0,-0.58,312.0,-0.72,286.0,1642866,-2.61,637.0,314.0,-0.89,Joan Beringer,-2.34,551.0,263.0,-0.79,MIN,-0.08,279.0,-0.5,306.0,-0.58,281.0,0.07,252.0,-0.35,308.0,-0.28,257.0
SG,-0.57,482.0,313.5,-0.55,-0.76,434.0,-0.57,302.0,-1.32,381.0,-0.66,416.0,-0.48,285.0,-1.14,365.0,1642886,-1.77,482.0,291.5,-0.76,Koby Brea,-2.34,552.0,316.5,-1.31,PHX,-0.59,421.0,-0.41,286.0,-1.0,368.0,-0.46,414.0,-0.28,291.0,-0.74,364.0
PF,-0.12,306.0,,,,,,,,,,,,,,,1642947,-2.24,594.0,,,Eli John Ndiaye,-2.35,554.0,,,ATL,,,,,,,,,,,,
SG,-1.05,614.0,384.5,-0.94,-0.7,423.0,-0.34,243.0,-1.03,316.0,-0.66,416.0,-0.23,221.0,-0.89,315.0,1642848,-1.32,381.0,425.0,-1.59,Tre Johnson,-2.37,555.0,432.5,-2.53,WAS,-0.65,436.0,-0.14,211.0,-0.78,322.0,-0.61,460.0,-0.05,211.0,-0.66,346.0
C,1.1,76.0,310.5,-0.54,-0.68,410.0,-3.26,628.0,-3.94,607.0,-0.69,424.0,-1.98,558.0,-2.67,545.0,201599,-3.48,660.0,443.0,-1.84,DeAndre Jordan,-2.37,559.0,422.5,-2.38,NOP,-0.54,411.0,-1.99,577.0,-2.52,537.0,0.19,216.0,-1.47,531.0,-1.28,462.0
SG,-0.37,408.0,313.5,-0.55,-0.19,281.0,-0.32,237.0,-0.51,242.0,-0.13,284.0,-0.27,227.0,-0.41,245.0,1642363,-2.04,562.0,381.5,-1.24,Nique Clifford,-2.41,561.0,373.0,-1.79,SAC,0.05,249.0,-0.16,217.0,-0.12,215.0,0.11,240.0,-0.03,206.0,0.08,199.0
PG,-0.68,522.0,483.0,-2.04,-1.93,587.0,-2.55,603.0,-4.47,623.0,-1.75,582.0,-2.44,605.0,-4.19,619.0,1642354,-1.75,472.0,486.0,-2.58,KJ Simpson,-2.43,564.0,501.5,-4.62,CHA,-1.7,578.0,-2.47,614.0,-4.16,629.0,-1.65,591.0,-2.25,605.0,-3.9,624.0
SG,-0.43,427.0,240.0,-0.2,-0.27,302.0,-0.41,259.0,-0.68,265.0,-0.18,296.0,-0.31,236.0,-0.5,255.0,1643141,-2.0,551.0,363.0,-1.14,Jahmyl Telfort,-2.43,565.0,323.5,-1.34,LAC,-0.1,284.0,-0.23,234.0,-0.33,246.0,0.05,259.0,-0.09,221.0,-0.04,218.0
PG,-0.45,438.0,461.0,-1.6,-1.39,541.0,0.08,175.0,-1.31,377.0,-1.22,526.0,0.14,166.0,-1.08,351.0,1642879,-1.99,547.0,122.0,0.57,Ben Saraf,-2.44,567.0,289.0,-1.03,BKN,-1.13,523.0,0.3,150.0,-0.84,333.0,-1.0,534.0,0.42,132.0,-0.58,324.0
C,-0.05,284.0,425.5,-1.31,-0.42,338.0,-0.84,373.0,-1.26,365.0,-0.35,334.0,-0.76,359.0,-1.12,360.0,1642875,-2.41,617.0,319.5,-0.91,Maxime Raynaud,-2.46,568.0,409.0,-2.22,SAC,-0.23,316.0,-0.69,353.0,-0.92,351.0,-0.13,312.0,-0.54,368.0,-0.66,346.0
C,0.23,211.0,209.5,-0.04,0.33,179.0,-0.76,353.0,-0.43,231.0,0.38,186.0,-0.65,335.0,-0.27,225.0,1630619,-2.7,646.0,264.0,-0.61,Moussa Cisse,-2.47,570.0,251.0,-0.64,DAL,0.42,178.0,-0.6,335.0,-0.18,224.0,0.57,149.0,-0.53,364.0,0.04,205.0
PG,-0.4,414.0,380.0,-0.89,-0.94,477.0,-1.22,439.0,-2.17,493.0,-0.85,458.0,-1.23,444.0,-2.09,497.0,1642355,-2.08,573.0,437.0,-1.74,Bronny James,-2.47,572.0,438.0,-2.63,LAL,-0.71,453.0,-1.19,456.0,-1.89,490.0,-0.49,423.0,-1.35,516.0,-1.84,530.0
PG,-0.63,505.0,352.5,-0.72,-0.77,437.0,-0.8,361.0,-1.57,416.0,-0.67,420.0,-0.73,354.0,-1.39,406.0,1642849,-1.85,508.0,370.5,-1.19,Nolan Traore,-2.48,573.0,379.0,-1.91,BKN,-0.6,425.0,-0.64,342.0,-1.24,411.0,-0.46,414.0,-0.52,361.0,-0.98,415.0
C,0.13,235.0,267.5,-0.32,-0.55,368.0,-0.01,194.0,-0.56,249.0,-0.49,376.0,0.07,175.0,-0.41,245.0,1642368,-2.61,635.0,197.0,-0.17,N'Faly Dante,-2.48,574.0,232.5,-0.49,ATL,-0.43,380.0,0.15,170.0,-0.28,239.0,-0.31,375.0,0.27,153.0,-0.04,218.0
SG,-1.82,660.0,452.5,-1.52,-0.89,464.0,-2.27,582.0,-3.15,570.0,-0.77,442.0,-2.26,584.0,-3.02,568.0,1641724,-0.67,256.0,319.5,-0.91,Jett Howard,-2.49,575.0,426.0,-2.43,ORL,-0.66,440.0,-2.25,593.0,-2.92,567.0,-0.78,501.0,-1.72,562.0,-2.5,573.0
PG,-1.36,642.0,397.5,-1.02,-1.06,491.0,-0.49,281.0,-1.55,414.0,-0.95,479.0,-0.4,268.0,-1.35,404.0,1642443,-1.13,345.0,200.5,-0.2,Jahmir Young,-2.49,576.0,307.5,-1.22,MIA,-0.87,492.0,-0.35,270.0,-1.22,408.0,-0.73,488.0,-0.25,278.0,-0.98,415.0
SG,-0.41,421.0,197.5,0.04,0.31,183.0,-2.81,614.0,-2.5,530.0,0.37,188.0,-2.86,625.0,-2.49,529.0,1641723,-2.09,576.0,487.5,-2.63,Kobe Bufkin,-2.5,578.0,436.0,-2.59,MEM,0.46,168.0,-2.75,620.0,-2.29,520.0,0.27,198.0,-1.13,488.0,-0.87,390.0
SG,-0.44,430.0,347.0,-0.7,-0.8,444.0,-1.03,414.0,-1.83,458.0,-0.74,438.0,-0.97,392.0,-1.7,451.0,1642964,-2.1,578.0,474.0,-2.32,Brooks Barnhizer,-2.53,580.0,456.0,-3.02,OKC,-0.68,446.0,-0.89,392.0,-1.57,459.0,-0.57,448.0,-0.75,415.0,-1.32,469.0
PF,-0.76,542.0,303.0,-0.5,-0.38,329.0,-3.5,632.0,-3.88,601.0,-0.28,318.0,-3.57,636.0,-3.85,612.0,1642275,-1.79,488.0,504.0,-3.49,Tidjane Salaün,-2.55,581.0,492.0,-3.99,CHA,-0.29,330.0,-3.51,637.0,-3.8,613.0,-0.24,346.0,-3.34,630.0,-3.58,618.0
PF,-0.32,383.0,254.0,-0.26,-0.39,332.0,-0.84,373.0,-1.23,354.0,-0.28,318.0,-0.76,359.0,-1.04,343.0,1642280,-2.23,593.0,341.0,-1.0,Trentyn Flowers,-2.55,584.0,313.5,-1.27,CHI,-0.22,312.0,-0.68,351.0,-0.9,346.0,-0.08,297.0,-0.58,383.0,-0.66,346.0
C,-0.58,487.0,287.5,-0.4,-0.3,310.0,-0.45,269.0,-0.75,274.0,-0.21,304.0,-0.36,253.0,-0.56,259.0,1642949,-1.98,544.0,351.0,-1.06,Yanic Konan Niederhäuser,-2.57,587.0,337.5,-1.46,LAC,-0.12,291.0,-0.28,247.0,-0.4,261.0,0.02,267.0,-0.13,232.0,-0.11,226.0
SG,-0.53,470.0,247.5,-0.23,-0.4,335.0,-0.76,353.0,-1.16,342.0,-0.32,329.0,-0.67,339.0,-1.0,332.0,1642959,-2.07,567.0,402.5,-1.37,Chris Youngblood,-2.59,589.0,352.0,-1.6,OKC,-0.26,322.0,-0.61,337.0,-0.86,337.0,-0.13,312.0,-0.46,345.0,-0.59,328.0
PG,-1.35,641.0,331.0,-0.62,-0.62,394.0,-0.54,293.0,-1.16,342.0,-0.53,386.0,-0.44,275.0,-0.97,326.0,1642859,-1.26,367.0,132.5,0.43,Jase Richardson,-2.61,591.0,200.5,-0.19,ORL,-0.44,384.0,-0.38,279.0,-0.82,328.0,-0.31,375.0,-0.24,273.0,-0.55,316.0
PF,-0.83,560.0,293.0,-0.42,-0.64,401.0,-3.83,638.0,-4.47,623.0,-0.72,433.0,-4.04,640.0,-4.75,630.0,1641765,-1.82,496.0,507.0,-4.07,Olivier-Maxence Prosper,-2.65,597.0,497.5,-4.49,MEM,-0.56,417.0,-3.81,639.0,-4.38,632.0,0.12,238.0,-2.61,621.0,-2.49,572.0
PF,-0.45,439.0,328.0,-0.61,,,,,,,,,,,,,1642855,-2.2,589.0,346.5,-1.03,Noa Essengue,-2.66,598.0,358.5,-1.65,CHI,,,,,,,,,,,,
PG,-0.64,511.0,235.0,-0.18,-0.59,383.0,-0.75,348.0,-1.35,387.0,-0.48,370.0,-0.67,339.0,-1.15,370.0,1643007,-2.02,556.0,443.0,-1.84,Taelon Peter,-2.66,599.0,389.0,-2.02,IND,-0.43,380.0,-0.58,330.0,-1.01,372.0,-0.34,383.0,-0.4,327.0,-0.74,364.0
SG,-0.41,419.0,277.5,-0.36,-0.67,407.0,-0.61,310.0,-1.28,370.0,-0.58,398.0,-0.52,298.0,-1.1,356.0,1642939,-2.29,603.0,304.0,-0.83,Miles Kelly,-2.7,601.0,304.0,-1.19,DAL,-0.51,399.0,-0.44,294.0,-0.95,356.0,-0.38,391.0,-0.3,298.0,-0.68,354.0
PG,-0.64,514.0,296.0,-0.43,-0.72,427.0,-1.56,503.0,-2.28,506.0,-0.55,390.0,-0.52,298.0,-1.07,347.0,1630536,-2.07,572.0,412.0,-1.42,Sharife Cooper,-2.72,602.0,376.5,-1.84,WAS,-0.47,392.0,-0.44,294.0,-0.91,349.0,-0.34,383.0,-0.3,298.0,-0.64,339.0
PF,-0.55,478.0,394.5,-1.0,-1.26,514.0,-2.78,613.0,-4.04,609.0,-1.0,486.0,-2.85,624.0,-3.85,612.0,1641716,-2.18,585.0,505.0,-3.59,Jarace Walker,-2.73,603.0,499.0,-4.59,IND,-0.94,504.0,-2.87,625.0,-3.8,613.0,-1.06,539.0,-2.78,624.0,-3.84,622.0
PF,-0.99,605.0,366.0,-0.8,-0.89,464.0,-0.94,387.0,-1.83,458.0,-0.86,460.0,-0.97,392.0,-1.83,472.0,1631166,-1.74,470.0,405.0,-1.38,Drew Timme,-2.74,604.0,403.0,-2.17,LAL,-0.9,496.0,-0.94,408.0,-1.84,486.0,-0.95,525.0,-0.86,441.0,-1.81,527.0
PG,-1.24,636.0,476.5,-1.87,-0.6,386.0,-2.28,583.0,-2.88,554.0,-0.04,261.0,-1.53,506.0,-1.57,437.0,1630544,-1.5,421.0,458.0,-2.03,Tre Mann,-2.74,605.0,490.0,-3.89,CHA,-0.92,500.0,-0.54,319.0,-1.46,447.0,-1.91,603.0,-0.45,343.0,-2.36,565.0
SG,-0.97,599.0,344.5,-0.69,-0.61,390.0,-0.53,290.0,-1.14,336.0,-0.51,380.0,-0.44,275.0,-0.95,323.0,1631126,-1.78,485.0,327.0,-0.93,Caleb Love,-2.75,606.0,353.5,-1.61,POR,-0.42,376.0,-0.35,270.0,-0.77,319.0,-0.28,365.0,-0.22,265.0,-0.5,306.0
SG,-0.79,546.0,259.0,-0.3,-0.69,417.0,-0.59,307.0,-1.28,370.0,-0.61,408.0,-0.49,289.0,-1.1,356.0,1642877,-1.98,542.0,195.0,-0.14,Micah Peavy,-2.76,608.0,228.5,-0.44,NOP,-0.55,415.0,-0.41,286.0,-0.96,359.0,-0.38,391.0,-0.22,265.0,-0.61,335.0
PG,-1.63,657.0,227.0,-0.14,-0.37,326.0,-0.71,336.0,-1.08,325.0,-0.32,329.0,0.16,161.0,-0.16,214.0,203471,-1.13,347.0,282.5,-0.7,Dennis Schroder,-2.76,610.0,271.5,-0.84,SAC,-1.36,547.0,-0.33,263.0,-1.69,472.0,-0.73,488.0,0.05,187.0,-0.68,354.0
SF,-0.92,587.0,171.5,0.23,0.42,160.0,-3.18,625.0,-2.76,550.0,0.52,156.0,-3.2,630.0,-2.68,548.0,1641816,-1.85,507.0,500.5,-3.32,Hunter Tyson,-2.77,611.0,462.0,-3.09,DEN,0.63,145.0,-3.15,631.0,-2.52,537.0,0.43,170.0,-3.04,628.0,-2.61,579.0
SG,-0.41,423.0,308.5,-0.53,,,,,,,,,,,,,1642876,-2.38,614.0,253.0,-0.56,Adou Thiero,-2.79,613.0,297.0,-1.1,LAL,,,,,,,,,,,,
C,0.8,107.0,333.0,-0.63,-0.76,434.0,-2.24,579.0,-3.01,559.0,-0.53,386.0,-2.24,582.0,-2.77,554.0,1630574,-3.6,663.0,492.0,-2.8,Ariel Hukporti,-2.8,614.0,476.0,-3.43,NYK,-0.47,392.0,-2.15,584.0,-2.63,548.0,-0.23,341.0,-2.0,587.0,-2.23,556.0
SF,-0.88,578.0,403.0,-1.08,-1.23,510.0,-0.72,338.0,-1.95,469.0,-1.08,509.0,-0.64,333.0,-1.72,455.0,1642359,-1.93,531.0,355.0,-1.08,Pacôme Dadiet,-2.81,615.0,403.0,-2.17,NYK,-1.0,510.0,-0.58,330.0,-1.58,460.0,-0.89,516.0,-0.47,348.0,-1.36,476.0
SG,-0.72,532.0,321.0,-0.58,-0.78,440.0,-1.0,405.0,-1.78,451.0,-0.68,422.0,-0.96,390.0,-1.63,446.0,1642402,-2.1,579.0,349.5,-1.05,Enrique Freeman,-2.82,616.0,357.0,-1.63,MIN,-0.6,425.0,-0.87,388.0,-1.47,449.0,-0.47,417.0,-0.71,407.0,-1.18,447.0
PF,-0.63,507.0,299.0,-0.48,-0.69,417.0,-0.62,313.0,-1.32,381.0,-0.6,405.0,-0.54,303.0,-1.14,365.0,1642853,-2.2,588.0,427.5,-1.61,Rasheer Fleming,-2.83,617.0,396.0,-2.09,PHX,-0.52,403.0,-0.49,304.0,-1.01,372.0,-0.39,393.0,-0.38,318.0,-0.77,372.0
C,-0.21,337.0,313.5,-0.55,-0.69,417.0,-0.7,333.0,-1.39,390.0,-0.6,405.0,-0.62,328.0,-1.22,382.0,1630621,-2.62,639.0,314.0,-0.89,Hunter Dickinson,-2.83,618.0,335.5,-1.44,NOP,-0.53,407.0,-0.54,319.0,-1.07,384.0,-0.4,397.0,-0.4,327.0,-0.81,380.0
PG,-1.49,650.0,389.0,-0.97,-0.81,447.0,-0.98,398.0,-1.79,452.0,-0.73,435.0,-0.88,376.0,-1.62,444.0,1642948,-1.36,393.0,388.0,-1.28,Ryan Nembhard,-2.85,620.0,413.5,-2.25,DAL,-0.66,440.0,-0.82,376.0,-1.48,452.0,-0.54,440.0,-0.68,405.0,-1.22,451.0
SG,-0.95,596.0,440.5,-1.41,-2.51,614.0,-1.27,450.0,-3.78,598.0,-2.46,618.0,-2.36,596.0,-4.82,632.0,1629599,-1.93,532.0,471.0,-2.3,Amir Coffey,-2.88,621.0,486.0,-3.71,MIL,-3.03,637.0,-1.61,529.0,-4.64,635.0,-1.2,556.0,-2.02,590.0,-3.22,605.0
PG,-0.79,550.0,435.0,-1.38,-1.29,520.0,-1.05,418.0,-2.34,514.0,-1.61,562.0,-1.41,482.0,-3.02,568.0,1626179,-2.11,580.0,439.5,-1.8,Terry Rozier,-2.9,622.0,469.0,-3.17,MIA,-1.91,602.0,-1.66,536.0,-3.56,606.0,-0.23,341.0,-2.64,622.0,-2.86,591.0
SG,-1.17,628.0,510.0,-4.6,-4.81,643.0,-0.15,207.0,-4.96,631.0,-4.67,643.0,-0.3,233.0,-4.97,634.0,1642348,-1.73,466.0,396.5,-1.33,Justin Edwards,-2.9,623.0,508.0,-5.92,PHI,-4.64,643.0,-0.29,250.0,-4.94,638.0,-4.56,634.0,-0.3,298.0,-4.85,631.0
SG,-1.05,615.0,318.5,-0.57,-1.37,532.0,-1.38,472.0,-2.75,548.0,-1.28,539.0,-1.36,469.0,-2.64,540.0,1642878,-1.9,521.0,483.0,-2.49,Tyrese Proctor,-2.95,625.0,458.0,-3.06,CLE,-1.18,530.0,-1.27,468.0,-2.45,531.0,-0.98,530.0,-1.18,498.0,-2.17,551.0
SG,-1.55,651.0,379.0,-0.88,-0.65,403.0,-0.58,304.0,-1.22,352.0,-0.56,392.0,-0.5,293.0,-1.06,346.0,1642404,-1.4,399.0,299.0,-0.79,Chaz Lanier,-2.95,626.0,363.0,-1.67,DET,-0.48,396.0,-0.41,286.0,-0.89,343.0,-0.35,385.0,-0.29,294.0,-0.64,339.0
PG,0.61,134.0,102.5,0.74,1.66,59.0,-0.77,357.0,0.89,129.0,1.02,95.0,-1.1,419.0,-0.08,201.0,200768,-3.56,662.0,193.0,-0.12,Kyle Lowry,-2.96,627.0,138.0,0.62,PHI,1.02,101.0,-2.15,584.0,-1.13,394.0,0.65,134.0,-1.63,552.0,-0.99,418.0
PG,-1.58,653.0,349.5,-0.71,-1.28,519.0,-0.93,385.0,-2.21,498.0,-1.18,522.0,-0.89,379.0,-2.07,494.0,1630623,-1.38,394.0,402.5,-1.37,Tyson Etienne,-2.96,628.0,393.0,-2.08,BKN,-1.13,523.0,-0.81,373.0,-1.94,494.0,-1.1,547.0,-0.74,412.0,-1.84,530.0
C,-0.62,502.0,202.0,0.01,-0.24,295.0,-2.22,574.0,-2.45,522.0,-0.22,308.0,-2.27,585.0,-2.49,529.0,1630658,-2.39,616.0,461.5,-2.07,Colin Castleton,-3.01,632.0,390.5,-2.06,ORL,-0.11,288.0,-2.2,589.0,-2.31,523.0,0.57,149.0,-1.41,523.0,-0.85,386.0
C,-0.24,349.0,,,,,,,,,,,,,,,1642884,-2.78,649.0,,,Vladislav Goldin,-3.02,633.0,,,MIA,,,,,,,,,,,,
SF,-0.01,271.0,231.5,-0.17,-0.6,386.0,1.61,50.0,1.01,121.0,-1.67,569.0,2.45,24.0,0.78,133.0,204060,-3.02,654.0,56.5,1.56,Joe Ingles,-3.03,634.0,91.5,1.39,MIN,-1.29,544.0,2.08,30.0,0.78,129.0,-0.53,437.0,-0.39,322.0,-0.92,404.0
SG,0.7,118.0,392.5,-0.99,-2.11,597.0,-4.45,640.0,-6.56,640.0,-0.36,337.0,-2.14,567.0,-2.5,531.0,202066,-3.73,664.0,481.5,-2.48,Garrett Temple,-3.03,635.0,478.0,-3.47,TOR,-0.51,399.0,-1.66,536.0,-2.16,513.0,-0.44,409.0,-0.57,380.0,-1.01,421.0
C,-0.07,287.0,187.0,0.12,,,,,,,,,,,,,1642950,-2.97,652.0,249.5,-0.53,Lachlan Olbrich,-3.05,637.0,224.5,-0.41,CHI,,,,,,,,,,,,
C,0.87,97.0,412.0,-1.16,-0.87,460.0,-1.59,509.0,-2.45,522.0,-0.66,416.0,-1.61,514.0,-2.27,511.0,202687,-3.92,665.0,460.0,-2.06,Bismack Biyombo,-3.05,638.0,470.5,-3.21,SAS,-1.16,528.0,-1.56,521.0,-2.72,555.0,-1.34,570.0,-1.41,523.0,-2.75,586.0
SF,-0.77,543.0,167.0,0.27,-0.38,329.0,-0.42,262.0,-0.81,282.0,-0.3,324.0,-0.33,244.0,-0.62,271.0,1642868,-2.29,602.0,357.5,-1.09,Carter Bryant,-3.06,639.0,269.0,-0.82,SAS,-0.21,309.0,-0.25,238.0,-0.46,269.0,-0.06,291.0,-0.14,236.0,-0.2,243.0
PG,-0.93,589.0,337.5,-0.66,-1.78,572.0,0.14,165.0,-1.64,430.0,-1.68,572.0,-0.07,196.0,-1.75,460.0,1642265,-2.16,583.0,391.0,-1.29,Rob Dillingham,-3.09,640.0,381.5,-1.95,MIN,-1.7,578.0,-0.04,198.0,-1.74,479.0,-1.35,571.0,0.15,167.0,-1.19,448.0
SF,-1.32,640.0,382.5,-0.93,-0.84,453.0,-1.6,511.0,-2.44,520.0,-0.4,350.0,-1.4,480.0,-1.8,468.0,1628398,-1.8,491.0,467.5,-2.22,Kyle Kuzma,-3.12,643.0,466.0,-3.15,MIL,-1.24,537.0,-2.19,588.0,-3.43,599.0,-1.02,537.0,-2.42,614.0,-3.44,613.0
SG,-1.62,656.0,497.0,-2.55,-3.26,633.0,-2.04,559.0,-5.3,634.0,-2.86,630.0,-2.41,600.0,-5.26,638.0,1641722,-1.54,430.0,455.5,-1.94,Jordan Hawkins,-3.15,646.0,497.5,-4.49,NOP,-2.62,623.0,-2.26,595.0,-4.88,637.0,-1.82,598.0,-2.41,613.0,-4.23,629.0
SF,-0.66,517.0,375.5,-0.85,-0.68,410.0,-0.85,375.0,-1.53,408.0,-0.61,408.0,-0.78,362.0,-1.39,406.0,1642860,-2.49,625.0,410.0,-1.41,Will Riley,-3.15,647.0,415.0,-2.26,WAS,-0.54,411.0,-0.7,356.0,-1.25,414.0,-0.42,403.0,-0.58,383.0,-0.99,418.0
PF,-0.62,503.0,271.0,-0.34,-0.56,373.0,-0.53,290.0,-1.08,325.0,-0.46,363.0,-0.45,278.0,-0.91,319.0,1641780,-2.61,638.0,359.0,-1.1,Johni Broome,-3.23,651.0,335.5,-1.44,PHI,-0.39,361.0,-0.37,275.0,-0.76,316.0,-0.25,350.0,-0.24,273.0,-0.49,302.0
C,-0.67,518.0,283.5,-0.39,0.31,183.0,-1.84,539.0,-1.54,410.0,0.43,177.0,-1.97,557.0,-1.54,431.0,1631115,-2.57,633.0,473.0,-2.31,Orlando Robinson,-3.24,652.0,442.0,-2.7,ORL,-0.18,303.0,-2.2,589.0,-2.38,529.0,-0.04,282.0,-2.43,615.0,-2.46,569.0
SG,-1.44,646.0,448.0,-1.49,-2.14,600.0,-2.49,598.0,-4.63,626.0,-1.99,600.0,-2.66,615.0,-4.65,629.0,1631124,-1.82,498.0,495.0,-2.98,Julian Strawther,-3.26,653.0,496.0,-4.48,DEN,-1.77,586.0,-2.73,619.0,-4.5,633.0,-0.77,499.0,-2.54,617.0,-3.32,608.0
SG,-0.79,547.0,478.5,-1.88,-1.12,498.0,-3.73,637.0,-4.85,630.0,-1.05,502.0,-3.8,638.0,-4.86,633.0,1642262,-2.53,629.0,500.5,-3.32,Cody Williams,-3.32,654.0,505.0,-5.19,UTA,-1.15,527.0,-3.67,638.0,-4.82,636.0,-1.33,568.0,-3.49,631.0,-4.82,630.0
C,0.01,264.0,363.5,-0.79,-0.87,460.0,-0.38,253.0,-1.25,361.0,-0.79,448.0,-0.29,231.0,-1.08,351.0,1642928,-3.42,658.0,208.5,-0.26,Dylan Cardwell,-3.4,659.0,291.5,-1.05,SAC,-0.64,433.0,-0.23,234.0,-0.87,340.0,-0.55,444.0,-0.11,227.0,-0.66,346.0
C,-0.14,314.0,270.0,-0.33,-0.19,281.0,-1.02,411.0,-1.2,350.0,-0.2,301.0,-1.1,419.0,-1.3,396.0,1641998,-3.47,659.0,452.5,-1.9,Trey Jemison,-3.61,661.0,412.0,-2.24,NYK,-0.26,322.0,-1.22,461.0,-1.48,452.0,0.19,216.0,-0.56,376.0,-0.38,281.0
C,-0.39,411.0,273.5,-0.35,-0.37,326.0,-0.43,264.0,-0.8,279.0,-0.28,318.0,-0.34,249.0,-0.62,271.0,1642873,-3.24,657.0,273.5,-0.67,Amari Williams,-3.62,662.0,287.0,-1.01,BOS,-0.2,306.0,-0.26,241.0,-0.46,269.0,-0.05,286.0,-0.14,236.0,-0.19,240.0
PG,-1.46,647.0,449.5,-1.5,-1.8,574.0,-1.88,544.0,-3.67,592.0,-1.66,568.0,-1.77,536.0,-3.42,589.0,1642358,-2.27,598.0,455.5,-1.94,AJ Johnson,-3.72,663.0,477.0,-3.44,WAS,-1.63,572.0,-1.69,542.0,-3.32,594.0,-1.28,565.0,-1.51,538.0,-2.8,588.0
SF,-1.75,659.0,447.0,-1.46,-1.7,566.0,-2.23,576.0,-3.93,606.0,-1.65,567.0,-2.35,594.0,-4.0,615.0,1641713,-2.04,563.0,497.0,-3.17,GG Jackson,-3.79,665.0,501.5,-4.62,MEM,-1.43,554.0,-2.45,611.0,-3.88,615.0,-2.62,628.0,-0.85,438.0,-3.48,615.0
SG,-2.08,664.0,464.0,-1.64,-2.14,600.0,-4.46,641.0,-6.6,641.0,-1.78,586.0,-4.16,642.0,-5.95,641.0,1641733,-1.75,471.0,510.0,-4.73,Nick Smith Jr.,-3.83,666.0,509.0,-6.37,LAL,-1.75,584.0,-4.38,642.0,-6.13,642.0,-1.84,600.0,-3.29,629.0,-5.13,632.0
PG,-2.07,663.0,502.0,-2.88,-1.72,567.0,-4.06,639.0,-5.79,637.0,-1.55,556.0,-4.02,639.0,-5.57,640.0,1642267,-2.07,571.0,509.0,-4.43,Carlton Carrington,-4.14,667.0,510.0,-7.31,WAS,-1.52,562.0,-4.13,641.0,-5.65,641.0,-1.82,598.0,-4.21,633.0,-6.03,633.0
PF,-1.0,606.0,487.0,-2.26,-2.37,611.0,-2.05,561.0,-4.42,619.0,-2.46,618.0,-2.52,610.0,-4.98,635.0,201145,-3.18,656.0,339.0,-0.99,Jeff Green,-4.18,668.0,472.5,-3.25,HOU,-2.72,629.0,-1.32,482.0,-4.04,623.0,-2.02,612.0,-0.48,353.0,-2.5,573.0
